District,Year,Skin Diseases,Number of people
Bhojpur,2066/67,"Impegtigo/
Boils/
Furunculosis",7538
Bhojpur,2066/67,Abscess,4831
Bhojpur,2066/67,"Eczema/
Dermatatis",5246
Bhojpur,2066/67,"Fungal
Infection",3769
Bhojpur,2066/67,Scabies,4171
Bhojpur,2066/67,Leukoderma,73
Bhojpur,2066/67,Psoriasis,56
Bhojpur,2066/67,Lymphadenitis,810
Dhankuta,2066/67,"Impegtigo/
Boils/
Furunculosis",5848
Dhankuta,2066/67,Abscess,3249
Dhankuta,2066/67,"Eczema/
Dermatatis",4525
Dhankuta,2066/67,"Fungal
Infection",2612
Dhankuta,2066/67,Scabies,2224
Dhankuta,2066/67,Leukoderma,25
Dhankuta,2066/67,Psoriasis,48
Dhankuta,2066/67,Lymphadenitis,472
Ilam,2066/67,"Impegtigo/
Boils/
Furunculosis",4644
Ilam,2066/67,Abscess,2803
Ilam,2066/67,"Eczema/
Dermatatis",2712
Ilam,2066/67,"Fungal
Infection",3551
Ilam,2066/67,Scabies,2946
Ilam,2066/67,Leukoderma,179
Ilam,2066/67,Psoriasis,83
Ilam,2066/67,Lymphadenitis,339
Jhapa,2066/67,"Impegtigo/
Boils/
Furunculosis",16217
Jhapa,2066/67,Abscess,8982
Jhapa,2066/67,"Eczema/
Dermatatis",10014
Jhapa,2066/67,"Fungal
Infection",12966
Jhapa,2066/67,Scabies,8202
Jhapa,2066/67,Leukoderma,206
Jhapa,2066/67,Psoriasis,870
Jhapa,2066/67,Lymphadenitis,1567
Khotang,2066/67,"Impegtigo/
Boils/
Furunculosis",6462
Khotang,2066/67,Abscess,5328
Khotang,2066/67,"Eczema/
Dermatatis",4949
Khotang,2066/67,"Fungal
Infection",5023
Khotang,2066/67,Scabies,5112
Khotang,2066/67,Leukoderma,177
Khotang,2066/67,Psoriasis,36
Khotang,2066/67,Lymphadenitis,566
Morang,2066/67,"Impegtigo/
Boils/
Furunculosis",27427
Morang,2066/67,Abscess,12168
Morang,2066/67,"Eczema/
Dermatatis",9646
Morang,2066/67,"Fungal
Infection",14120
Morang,2066/67,Scabies,7571
Morang,2066/67,Leukoderma,434
Morang,2066/67,Psoriasis,76
Morang,2066/67,Lymphadenitis,1432
Okhaldhunga,2066/67,"Impegtigo/
Boils/
Furunculosis",6713
Okhaldhunga,2066/67,Abscess,4192
Okhaldhunga,2066/67,"Eczema/
Dermatatis",3244
Okhaldhunga,2066/67,"Fungal
Infection",5307
Okhaldhunga,2066/67,Scabies,4557
Okhaldhunga,2066/67,Leukoderma,140
Okhaldhunga,2066/67,Psoriasis,101
Okhaldhunga,2066/67,Lymphadenitis,338
Panchthar,2066/67,"Impegtigo/
Boils/
Furunculosis",5872
Panchthar,2066/67,Abscess,3542
Panchthar,2066/67,"Eczema/
Dermatatis",4263
Panchthar,2066/67,"Fungal
Infection",3037
Panchthar,2066/67,Scabies,2800
Panchthar,2066/67,Leukoderma,33
Panchthar,2066/67,Psoriasis,171
Panchthar,2066/67,Lymphadenitis,302
Sankhuwasabha,2066/67,"Impegtigo/
Boils/
Furunculosis",5770
Sankhuwasabha,2066/67,Abscess,2327
Sankhuwasabha,2066/67,"Eczema/
Dermatatis",4680
Sankhuwasabha,2066/67,"Fungal
Infection",3364
Sankhuwasabha,2066/67,Scabies,3322
Sankhuwasabha,2066/67,Leukoderma,51
Sankhuwasabha,2066/67,Psoriasis,68
Sankhuwasabha,2066/67,Lymphadenitis,533
Saptari,2066/67,"Impegtigo/
Boils/
Furunculosis",33595
Saptari,2066/67,Abscess,25775
Saptari,2066/67,"Eczema/
Dermatatis",9133
Saptari,2066/67,"Fungal
Infection",9908
Saptari,2066/67,Scabies,23036
Saptari,2066/67,Leukoderma,145
Saptari,2066/67,Psoriasis,733
Saptari,2066/67,Lymphadenitis,656
Siraha,2066/67,"Impegtigo/
Boils/
Furunculosis",37594
Siraha,2066/67,Abscess,24180
Siraha,2066/67,"Eczema/
Dermatatis",9956
Siraha,2066/67,"Fungal
Infection",13680
Siraha,2066/67,Scabies,19492
Siraha,2066/67,Leukoderma,361
Siraha,2066/67,Psoriasis,200
Siraha,2066/67,Lymphadenitis,813
Solukhumbu,2066/67,"Impegtigo/
Boils/
Furunculosis",4448
Solukhumbu,2066/67,Abscess,1934
Solukhumbu,2066/67,"Eczema/
Dermatatis",3082
Solukhumbu,2066/67,"Fungal
Infection",2338
Solukhumbu,2066/67,Scabies,2401
Solukhumbu,2066/67,Leukoderma,35
Solukhumbu,2066/67,Psoriasis,29
Solukhumbu,2066/67,Lymphadenitis,110
Sunsari,2066/67,"Impegtigo/
Boils/
Furunculosis",31490
Sunsari,2066/67,Abscess,9464
Sunsari,2066/67,"Eczema/
Dermatatis",11172
Sunsari,2066/67,"Fungal
Infection",10534
Sunsari,2066/67,Scabies,10719
Sunsari,2066/67,Leukoderma,235
Sunsari,2066/67,Psoriasis,40
Sunsari,2066/67,Lymphadenitis,515
Taplejung,2066/67,"Impegtigo/
Boils/
Furunculosis",5826
Taplejung,2066/67,Abscess,3750
Taplejung,2066/67,"Eczema/
Dermatatis",2335
Taplejung,2066/67,"Fungal
Infection",4310
Taplejung,2066/67,Scabies,4177
Taplejung,2066/67,Leukoderma,143
Taplejung,2066/67,Psoriasis,114
Taplejung,2066/67,Lymphadenitis,502
Teharthum,2066/67,"Impegtigo/
Boils/
Furunculosis",5231
Teharthum,2066/67,Abscess,1627
Teharthum,2066/67,"Eczema/
Dermatatis",2464
Teharthum,2066/67,"Fungal
Infection",2442
Teharthum,2066/67,Scabies,1974
Teharthum,2066/67,Leukoderma,50
Teharthum,2066/67,Psoriasis,65
Teharthum,2066/67,Lymphadenitis,360
Udaypur,2066/67,"Impegtigo/
Boils/
Furunculosis",8938
Udaypur,2066/67,Abscess,5902
Udaypur,2066/67,"Eczema/
Dermatatis",3237
Udaypur,2066/67,"Fungal
Infection",4520
Udaypur,2066/67,Scabies,5413
Udaypur,2066/67,Leukoderma,171
Udaypur,2066/67,Psoriasis,91
Udaypur,2066/67,Lymphadenitis,389
Bara,2066/67,"Impegtigo/
Boils/
Furunculosis",37090
Bara,2066/67,Abscess,19314
Bara,2066/67,"Eczema/
Dermatatis",10842
Bara,2066/67,"Fungal
Infection",13540
Bara,2066/67,Scabies,24145
Bara,2066/67,Leukoderma,643
Bara,2066/67,Psoriasis,80
Bara,2066/67,Lymphadenitis,779
Bhaktapur,2066/67,"Impegtigo/
Boils/
Furunculosis",3235
Bhaktapur,2066/67,Abscess,2221
Bhaktapur,2066/67,"Eczema/
Dermatatis",2820
Bhaktapur,2066/67,"Fungal
Infection",3000
Bhaktapur,2066/67,Scabies,1375
Bhaktapur,2066/67,Leukoderma,255
Bhaktapur,2066/67,Psoriasis,67
Bhaktapur,2066/67,Lymphadenitis,275
Chitwan,2066/67,"Impegtigo/
Boils/
Furunculosis",17507
Chitwan,2066/67,Abscess,8649
Chitwan,2066/67,"Eczema/
Dermatatis",8716
Chitwan,2066/67,"Fungal
Infection",7433
Chitwan,2066/67,Scabies,3920
Chitwan,2066/67,Leukoderma,475
Chitwan,2066/67,Psoriasis,4592
Chitwan,2066/67,Lymphadenitis,581
Dhading,2066/67,"Impegtigo/
Boils/
Furunculosis",10913
Dhading,2066/67,Abscess,6762
Dhading,2066/67,"Eczema/
Dermatatis",5637
Dhading,2066/67,"Fungal
Infection",5432
Dhading,2066/67,Scabies,4258
Dhading,2066/67,Leukoderma,128
Dhading,2066/67,Psoriasis,139
Dhading,2066/67,Lymphadenitis,674
Dhanusha,2066/67,"Impegtigo/
Boils/
Furunculosis",34646
Dhanusha,2066/67,Abscess,24411
Dhanusha,2066/67,"Eczema/
Dermatatis",11146
Dhanusha,2066/67,"Fungal
Infection",16025
Dhanusha,2066/67,Scabies,18761
Dhanusha,2066/67,Leukoderma,456
Dhanusha,2066/67,Psoriasis,136
Dhanusha,2066/67,Lymphadenitis,462
Dolkha,2066/67,"Impegtigo/
Boils/
Furunculosis",6786
Dolkha,2066/67,Abscess,3077
Dolkha,2066/67,"Eczema/
Dermatatis",3701
Dolkha,2066/67,"Fungal
Infection",2804
Dolkha,2066/67,Scabies,2749
Dolkha,2066/67,Leukoderma,400
Dolkha,2066/67,Psoriasis,364
Dolkha,2066/67,Lymphadenitis,280
Kathmandu,2066/67,"Impegtigo/
Boils/
Furunculosis",8390
Kathmandu,2066/67,Abscess,6058
Kathmandu,2066/67,"Eczema/
Dermatatis",9144
Kathmandu,2066/67,"Fungal
Infection",7818
Kathmandu,2066/67,Scabies,4930
Kathmandu,2066/67,Leukoderma,939
Kathmandu,2066/67,Psoriasis,607
Kathmandu,2066/67,Lymphadenitis,453
Kavre,2066/67,"Impegtigo/
Boils/
Furunculosis",11178
Kavre,2066/67,Abscess,6270
Kavre,2066/67,"Eczema/
Dermatatis",6372
Kavre,2066/67,"Fungal
Infection",5979
Kavre,2066/67,Scabies,3657
Kavre,2066/67,Leukoderma,56
Kavre,2066/67,Psoriasis,112
Kavre,2066/67,Lymphadenitis,346
Lalitpur,2066/67,"Impegtigo/
Boils/
Furunculosis",0
Lalitpur,2066/67,Abscess,0
Lalitpur,2066/67,"Eczema/
Dermatatis",0
Lalitpur,2066/67,"Fungal
Infection",0
Lalitpur,2066/67,Scabies,0
Lalitpur,2066/67,Leukoderma,0
Lalitpur,2066/67,Psoriasis,0
Lalitpur,2066/67,Lymphadenitis,0
Mahottari,2066/67,"Impegtigo/
Boils/
Furunculosis",27289
Mahottari,2066/67,Abscess,14029
Mahottari,2066/67,"Eczema/
Dermatatis",6510
Mahottari,2066/67,"Fungal
Infection",9881
Mahottari,2066/67,Scabies,11463
Mahottari,2066/67,Leukoderma,335
Mahottari,2066/67,Psoriasis,316
Mahottari,2066/67,Lymphadenitis,903
Makawanpur,2066/67,"Impegtigo/
Boils/
Furunculosis",10210
Makawanpur,2066/67,Abscess,4813
Makawanpur,2066/67,"Eczema/
Dermatatis",3680
Makawanpur,2066/67,"Fungal
Infection",3278
Makawanpur,2066/67,Scabies,3108
Makawanpur,2066/67,Leukoderma,81
Makawanpur,2066/67,Psoriasis,34
Makawanpur,2066/67,Lymphadenitis,409
Nuwakot,2066/67,"Impegtigo/
Boils/
Furunculosis",5101
Nuwakot,2066/67,Abscess,3882
Nuwakot,2066/67,"Eczema/
Dermatatis",3071
Nuwakot,2066/67,"Fungal
Infection",3420
Nuwakot,2066/67,Scabies,2701
Nuwakot,2066/67,Leukoderma,165
Nuwakot,2066/67,Psoriasis,105
Nuwakot,2066/67,Lymphadenitis,300
Parsa,2066/67,"Impegtigo/
Boils/
Furunculosis",0
Parsa,2066/67,Abscess,0
Parsa,2066/67,"Eczema/
Dermatatis",0
Parsa,2066/67,"Fungal
Infection",0
Parsa,2066/67,Scabies,0
Parsa,2066/67,Leukoderma,0
Parsa,2066/67,Psoriasis,0
Parsa,2066/67,Lymphadenitis,0
Ramechhap,2066/67,"Impegtigo/
Boils/
Furunculosis",7225
Ramechhap,2066/67,Abscess,3549
Ramechhap,2066/67,"Eczema/
Dermatatis",2902
Ramechhap,2066/67,"Fungal
Infection",2946
Ramechhap,2066/67,Scabies,2299
Ramechhap,2066/67,Leukoderma,52
Ramechhap,2066/67,Psoriasis,22
Ramechhap,2066/67,Lymphadenitis,361
Rasuwa,2066/67,"Impegtigo/
Boils/
Furunculosis",1101
Rasuwa,2066/67,Abscess,1166
Rasuwa,2066/67,"Eczema/
Dermatatis",1000
Rasuwa,2066/67,"Fungal
Infection",476
Rasuwa,2066/67,Scabies,690
Rasuwa,2066/67,Leukoderma,27
Rasuwa,2066/67,Psoriasis,27
Rasuwa,2066/67,Lymphadenitis,83
Rautahat,2066/67,"Impegtigo/
Boils/
Furunculosis",26034
Rautahat,2066/67,Abscess,19385
Rautahat,2066/67,"Eczema/
Dermatatis",8430
Rautahat,2066/67,"Fungal
Infection",8628
Rautahat,2066/67,Scabies,17173
Rautahat,2066/67,Leukoderma,2589
Rautahat,2066/67,Psoriasis,220
Rautahat,2066/67,Lymphadenitis,794
Sarlahi,2066/67,"Impegtigo/
Boils/
Furunculosis",38457
Sarlahi,2066/67,Abscess,20669
Sarlahi,2066/67,"Eczema/
Dermatatis",8814
Sarlahi,2066/67,"Fungal
Infection",10934
Sarlahi,2066/67,Scabies,23446
Sarlahi,2066/67,Leukoderma,676
Sarlahi,2066/67,Psoriasis,296
Sarlahi,2066/67,Lymphadenitis,683
Sindhuli,2066/67,"Impegtigo/
Boils/
Furunculosis",5883
Sindhuli,2066/67,Abscess,4688
Sindhuli,2066/67,"Eczema/
Dermatatis",2152
Sindhuli,2066/67,"Fungal
Infection",3368
Sindhuli,2066/67,Scabies,4118
Sindhuli,2066/67,Leukoderma,97
Sindhuli,2066/67,Psoriasis,64
Sindhuli,2066/67,Lymphadenitis,169
Sindhupalchowk,2066/67,"Impegtigo/
Boils/
Furunculosis",6990
Sindhupalchowk,2066/67,Abscess,5842
Sindhupalchowk,2066/67,"Eczema/
Dermatatis",4668
Sindhupalchowk,2066/67,"Fungal
Infection",4195
Sindhupalchowk,2066/67,Scabies,3295
Sindhupalchowk,2066/67,Leukoderma,95
Sindhupalchowk,2066/67,Psoriasis,108
Sindhupalchowk,2066/67,Lymphadenitis,316
Arghakhanchi,2066/67,"Impegtigo/
Boils/
Furunculosis",6653
Arghakhanchi,2066/67,Abscess,3167
Arghakhanchi,2066/67,"Eczema/
Dermatatis",3742
Arghakhanchi,2066/67,"Fungal
Infection",4361
Arghakhanchi,2066/67,Scabies,5926
Arghakhanchi,2066/67,Leukoderma,149
Arghakhanchi,2066/67,Psoriasis,48
Arghakhanchi,2066/67,Lymphadenitis,731
Baglung,2066/67,"Impegtigo/
Boils/
Furunculosis",4801
Baglung,2066/67,Abscess,3240
Baglung,2066/67,"Eczema/
Dermatatis",4892
Baglung,2066/67,"Fungal
Infection",3732
Baglung,2066/67,Scabies,3904
Baglung,2066/67,Leukoderma,244
Baglung,2066/67,Psoriasis,155
Baglung,2066/67,Lymphadenitis,577
Gorkha,2066/67,"Impegtigo/
Boils/
Furunculosis",7472
Gorkha,2066/67,Abscess,6094
Gorkha,2066/67,"Eczema/
Dermatatis",5739
Gorkha,2066/67,"Fungal
Infection",4669
Gorkha,2066/67,Scabies,4872
Gorkha,2066/67,Leukoderma,494
Gorkha,2066/67,Psoriasis,88
Gorkha,2066/67,Lymphadenitis,588
Gulmi,2066/67,"Impegtigo/
Boils/
Furunculosis",12589
Gulmi,2066/67,Abscess,7398
Gulmi,2066/67,"Eczema/
Dermatatis",7121
Gulmi,2066/67,"Fungal
Infection",6759
Gulmi,2066/67,Scabies,6288
Gulmi,2066/67,Leukoderma,381
Gulmi,2066/67,Psoriasis,131
Gulmi,2066/67,Lymphadenitis,1170
Kapilvastu,2066/67,"Impegtigo/
Boils/
Furunculosis",20177
Kapilvastu,2066/67,Abscess,16233
Kapilvastu,2066/67,"Eczema/
Dermatatis",9572
Kapilvastu,2066/67,"Fungal
Infection",13205
Kapilvastu,2066/67,Scabies,25507
Kapilvastu,2066/67,Leukoderma,1345
Kapilvastu,2066/67,Psoriasis,434
Kapilvastu,2066/67,Lymphadenitis,782
Kaski,2066/67,"Impegtigo/
Boils/
Furunculosis",4727
Kaski,2066/67,Abscess,5108
Kaski,2066/67,"Eczema/
Dermatatis",5645
Kaski,2066/67,"Fungal
Infection",6078
Kaski,2066/67,Scabies,2601
Kaski,2066/67,Leukoderma,2389
Kaski,2066/67,Psoriasis,330
Kaski,2066/67,Lymphadenitis,625
Lamjung,2066/67,"Impegtigo/
Boils/
Furunculosis",4526
Lamjung,2066/67,Abscess,4157
Lamjung,2066/67,"Eczema/
Dermatatis",3916
Lamjung,2066/67,"Fungal
Infection",4481
Lamjung,2066/67,Scabies,2744
Lamjung,2066/67,Leukoderma,76
Lamjung,2066/67,Psoriasis,110
Lamjung,2066/67,Lymphadenitis,358
Manang,2066/67,"Impegtigo/
Boils/
Furunculosis",115
Manang,2066/67,Abscess,131
Manang,2066/67,"Eczema/
Dermatatis",231
Manang,2066/67,"Fungal
Infection",443
Manang,2066/67,Scabies,407
Manang,2066/67,Leukoderma,1
Manang,2066/67,Psoriasis,1
Manang,2066/67,Lymphadenitis,11
Mustang,2066/67,"Impegtigo/
Boils/
Furunculosis",482
Mustang,2066/67,Abscess,193
Mustang,2066/67,"Eczema/
Dermatatis",635
Mustang,2066/67,"Fungal
Infection",394
Mustang,2066/67,Scabies,162
Mustang,2066/67,Leukoderma,1
Mustang,2066/67,Psoriasis,3
Mustang,2066/67,Lymphadenitis,37
Myagdi,2066/67,"Impegtigo/
Boils/
Furunculosis",2922
Myagdi,2066/67,Abscess,2869
Myagdi,2066/67,"Eczema/
Dermatatis",2510
Myagdi,2066/67,"Fungal
Infection",2702
Myagdi,2066/67,Scabies,3372
Myagdi,2066/67,Leukoderma,171
Myagdi,2066/67,Psoriasis,80
Myagdi,2066/67,Lymphadenitis,314
Nawalparasi,2066/67,"Impegtigo/
Boils/
Furunculosis",21516
Nawalparasi,2066/67,Abscess,11064
Nawalparasi,2066/67,"Eczema/
Dermatatis",12749
Nawalparasi,2066/67,"Fungal
Infection",11458
Nawalparasi,2066/67,Scabies,11269
Nawalparasi,2066/67,Leukoderma,202
Nawalparasi,2066/67,Psoriasis,60
Nawalparasi,2066/67,Lymphadenitis,417
Palpa,2066/67,"Impegtigo/
Boils/
Furunculosis",9257
Palpa,2066/67,Abscess,6263
Palpa,2066/67,"Eczema/
Dermatatis",6179
Palpa,2066/67,"Fungal
Infection",5830
Palpa,2066/67,Scabies,4662
Palpa,2066/67,Leukoderma,98
Palpa,2066/67,Psoriasis,65
Palpa,2066/67,Lymphadenitis,411
Parbat,2066/67,"Impegtigo/
Boils/
Furunculosis",4747
Parbat,2066/67,Abscess,3162
Parbat,2066/67,"Eczema/
Dermatatis",4362
Parbat,2066/67,"Fungal
Infection",3695
Parbat,2066/67,Scabies,3292
Parbat,2066/67,Leukoderma,32
Parbat,2066/67,Psoriasis,69
Parbat,2066/67,Lymphadenitis,409
Rupandehi,2066/67,"Impegtigo/
Boils/
Furunculosis",0
Rupandehi,2066/67,Abscess,0
Rupandehi,2066/67,"Eczema/
Dermatatis",0
Rupandehi,2066/67,"Fungal
Infection",0
Rupandehi,2066/67,Scabies,0
Rupandehi,2066/67,Leukoderma,0
Rupandehi,2066/67,Psoriasis,0
Rupandehi,2066/67,Lymphadenitis,0
Syangja,2066/67,"Impegtigo/
Boils/
Furunculosis",9894
Syangja,2066/67,Abscess,6098
Syangja,2066/67,"Eczema/
Dermatatis",6647
Syangja,2066/67,"Fungal
Infection",6629
Syangja,2066/67,Scabies,5443
Syangja,2066/67,Leukoderma,341
Syangja,2066/67,Psoriasis,367
Syangja,2066/67,Lymphadenitis,495
Tanahu,2066/67,"Impegtigo/
Boils/
Furunculosis",5369
Tanahu,2066/67,Abscess,4618
Tanahu,2066/67,"Eczema/
Dermatatis",5047
Tanahu,2066/67,"Fungal
Infection",5134
Tanahu,2066/67,Scabies,4028
Tanahu,2066/67,Leukoderma,88
Tanahu,2066/67,Psoriasis,60
Tanahu,2066/67,Lymphadenitis,243
Banke,2066/67,"Impegtigo/
Boils/
Furunculosis",26788
Banke,2066/67,Abscess,11382
Banke,2066/67,"Eczema/
Dermatatis",8088
Banke,2066/67,"Fungal
Infection",10629
Banke,2066/67,Scabies,12560
Banke,2066/67,Leukoderma,299
Banke,2066/67,Psoriasis,155
Banke,2066/67,Lymphadenitis,316
Bardiya,2066/67,"Impegtigo/
Boils/
Furunculosis",25548
Bardiya,2066/67,Abscess,9260
Bardiya,2066/67,"Eczema/
Dermatatis",9694
Bardiya,2066/67,"Fungal
Infection",10609
Bardiya,2066/67,Scabies,8440
Bardiya,2066/67,Leukoderma,481
Bardiya,2066/67,Psoriasis,298
Bardiya,2066/67,Lymphadenitis,976
Dailekh,2066/67,"Impegtigo/
Boils/
Furunculosis",7589
Dailekh,2066/67,Abscess,5624
Dailekh,2066/67,"Eczema/
Dermatatis",4332
Dailekh,2066/67,"Fungal
Infection",4577
Dailekh,2066/67,Scabies,4981
Dailekh,2066/67,Leukoderma,161
Dailekh,2066/67,Psoriasis,111
Dailekh,2066/67,Lymphadenitis,305
Dang,2066/67,"Impegtigo/
Boils/
Furunculosis",16833
Dang,2066/67,Abscess,9678
Dang,2066/67,"Eczema/
Dermatatis",8795
Dang,2066/67,"Fungal
Infection",10064
Dang,2066/67,Scabies,7604
Dang,2066/67,Leukoderma,412
Dang,2066/67,Psoriasis,153
Dang,2066/67,Lymphadenitis,925
Dolpa,2066/67,"Impegtigo/
Boils/
Furunculosis",574
Dolpa,2066/67,Abscess,446
Dolpa,2066/67,"Eczema/
Dermatatis",420
Dolpa,2066/67,"Fungal
Infection",492
Dolpa,2066/67,Scabies,620
Dolpa,2066/67,Leukoderma,101
Dolpa,2066/67,Psoriasis,14
Dolpa,2066/67,Lymphadenitis,9
Humla,2066/67,"Impegtigo/
Boils/
Furunculosis",1795
Humla,2066/67,Abscess,2635
Humla,2066/67,"Eczema/
Dermatatis",1255
Humla,2066/67,"Fungal
Infection",1829
Humla,2066/67,Scabies,2562
Humla,2066/67,Leukoderma,16
Humla,2066/67,Psoriasis,7
Humla,2066/67,Lymphadenitis,160
Jajarkot,2066/67,"Impegtigo/
Boils/
Furunculosis",2175
Jajarkot,2066/67,Abscess,2141
Jajarkot,2066/67,"Eczema/
Dermatatis",2444
Jajarkot,2066/67,"Fungal
Infection",2915
Jajarkot,2066/67,Scabies,1884
Jajarkot,2066/67,Leukoderma,99
Jajarkot,2066/67,Psoriasis,163
Jajarkot,2066/67,Lymphadenitis,107
Jumla,2066/67,"Impegtigo/
Boils/
Furunculosis",1197
Jumla,2066/67,Abscess,1104
Jumla,2066/67,"Eczema/
Dermatatis",1470
Jumla,2066/67,"Fungal
Infection",801
Jumla,2066/67,Scabies,2099
Jumla,2066/67,Leukoderma,44
Jumla,2066/67,Psoriasis,5
Jumla,2066/67,Lymphadenitis,16
Kalikot,2066/67,"Impegtigo/
Boils/
Furunculosis",2134
Kalikot,2066/67,Abscess,1678
Kalikot,2066/67,"Eczema/
Dermatatis",1638
Kalikot,2066/67,"Fungal
Infection",1793
Kalikot,2066/67,Scabies,3140
Kalikot,2066/67,Leukoderma,137
Kalikot,2066/67,Psoriasis,144
Kalikot,2066/67,Lymphadenitis,233
Mugu,2066/67,"Impegtigo/
Boils/
Furunculosis",1255
Mugu,2066/67,Abscess,854
Mugu,2066/67,"Eczema/
Dermatatis",663
Mugu,2066/67,"Fungal
Infection",831
Mugu,2066/67,Scabies,996
Mugu,2066/67,Leukoderma,59
Mugu,2066/67,Psoriasis,68
Mugu,2066/67,Lymphadenitis,77
Pyuthan,2066/67,"Impegtigo/
Boils/
Furunculosis",10861
Pyuthan,2066/67,Abscess,4814
Pyuthan,2066/67,"Eczema/
Dermatatis",3624
Pyuthan,2066/67,"Fungal
Infection",4736
Pyuthan,2066/67,Scabies,4299
Pyuthan,2066/67,Leukoderma,390
Pyuthan,2066/67,Psoriasis,129
Pyuthan,2066/67,Lymphadenitis,629
Rolpa,2066/67,"Impegtigo/
Boils/
Furunculosis",6594
Rolpa,2066/67,Abscess,3462
Rolpa,2066/67,"Eczema/
Dermatatis",4907
Rolpa,2066/67,"Fungal
Infection",4048
Rolpa,2066/67,Scabies,2898
Rolpa,2066/67,Leukoderma,95
Rolpa,2066/67,Psoriasis,198
Rolpa,2066/67,Lymphadenitis,455
Rukum,2066/67,"Impegtigo/
Boils/
Furunculosis",3834
Rukum,2066/67,Abscess,4664
Rukum,2066/67,"Eczema/
Dermatatis",3486
Rukum,2066/67,"Fungal
Infection",5023
Rukum,2066/67,Scabies,5316
Rukum,2066/67,Leukoderma,162
Rukum,2066/67,Psoriasis,103
Rukum,2066/67,Lymphadenitis,234
Salyan,2066/67,"Impegtigo/
Boils/
Furunculosis",8491
Salyan,2066/67,Abscess,4277
Salyan,2066/67,"Eczema/
Dermatatis",4534
Salyan,2066/67,"Fungal
Infection",5934
Salyan,2066/67,Scabies,4675
Salyan,2066/67,Leukoderma,125
Salyan,2066/67,Psoriasis,61
Salyan,2066/67,Lymphadenitis,242
Surkhet,2066/67,"Impegtigo/
Boils/
Furunculosis",14449
Surkhet,2066/67,Abscess,5898
Surkhet,2066/67,"Eczema/
Dermatatis",7751
Surkhet,2066/67,"Fungal
Infection",9099
Surkhet,2066/67,Scabies,7079
Surkhet,2066/67,Leukoderma,229
Surkhet,2066/67,Psoriasis,478
Surkhet,2066/67,Lymphadenitis,547
Achham,2066/67,"Impegtigo/
Boils/
Furunculosis",5516
Achham,2066/67,Abscess,4933
Achham,2066/67,"Eczema/
Dermatatis",4168
Achham,2066/67,"Fungal
Infection",4483
Achham,2066/67,Scabies,4395
Achham,2066/67,Leukoderma,181
Achham,2066/67,Psoriasis,120
Achham,2066/67,Lymphadenitis,145
Baitadi,2066/67,"Impegtigo/
Boils/
Furunculosis",5102
Baitadi,2066/67,Abscess,4766
Baitadi,2066/67,"Eczema/
Dermatatis",4197
Baitadi,2066/67,"Fungal
Infection",4419
Baitadi,2066/67,Scabies,4284
Baitadi,2066/67,Leukoderma,116
Baitadi,2066/67,Psoriasis,49
Baitadi,2066/67,Lymphadenitis,348
Bajhang,2066/67,"Impegtigo/
Boils/
Furunculosis",2711
Bajhang,2066/67,Abscess,2092
Bajhang,2066/67,"Eczema/
Dermatatis",1722
Bajhang,2066/67,"Fungal
Infection",2007
Bajhang,2066/67,Scabies,2676
Bajhang,2066/67,Leukoderma,34
Bajhang,2066/67,Psoriasis,68
Bajhang,2066/67,Lymphadenitis,216
Bajura,2066/67,"Impegtigo/
Boils/
Furunculosis",3311
Bajura,2066/67,Abscess,2546
Bajura,2066/67,"Eczema/
Dermatatis",2520
Bajura,2066/67,"Fungal
Infection",2865
Bajura,2066/67,Scabies,2098
Bajura,2066/67,Leukoderma,153
Bajura,2066/67,Psoriasis,15
Bajura,2066/67,Lymphadenitis,89
Dadeldhura,2066/67,"Impegtigo/
Boils/
Furunculosis",3943
Dadeldhura,2066/67,Abscess,3178
Dadeldhura,2066/67,"Eczema/
Dermatatis",3395
Dadeldhura,2066/67,"Fungal
Infection",3029
Dadeldhura,2066/67,Scabies,3553
Dadeldhura,2066/67,Leukoderma,80
Dadeldhura,2066/67,Psoriasis,134
Dadeldhura,2066/67,Lymphadenitis,195
Darchula,2066/67,"Impegtigo/
Boils/
Furunculosis",3341
Darchula,2066/67,Abscess,2716
Darchula,2066/67,"Eczema/
Dermatatis",2613
Darchula,2066/67,"Fungal
Infection",2819
Darchula,2066/67,Scabies,3848
Darchula,2066/67,Leukoderma,42
Darchula,2066/67,Psoriasis,74
Darchula,2066/67,Lymphadenitis,87
Doti,2066/67,"Impegtigo/
Boils/
Furunculosis",4904
Doti,2066/67,Abscess,2904
Doti,2066/67,"Eczema/
Dermatatis",2196
Doti,2066/67,"Fungal
Infection",3323
Doti,2066/67,Scabies,3743
Doti,2066/67,Leukoderma,96
Doti,2066/67,Psoriasis,25
Doti,2066/67,Lymphadenitis,143
Kailali,2066/67,"Impegtigo/
Boils/
Furunculosis",21652
Kailali,2066/67,Abscess,6694
Kailali,2066/67,"Eczema/
Dermatatis",12206
Kailali,2066/67,"Fungal
Infection",10559
Kailali,2066/67,Scabies,10033
Kailali,2066/67,Leukoderma,420
Kailali,2066/67,Psoriasis,187
Kailali,2066/67,Lymphadenitis,200
Kanchanpur,2066/67,"Impegtigo/
Boils/
Furunculosis",10593
Kanchanpur,2066/67,Abscess,4237
Kanchanpur,2066/67,"Eczema/
Dermatatis",8711
Kanchanpur,2066/67,"Fungal
Infection",6169
Kanchanpur,2066/67,Scabies,3760
Kanchanpur,2066/67,Leukoderma,83
Kanchanpur,2066/67,Psoriasis,58
Kanchanpur,2066/67,Lymphadenitis,404
Taplejung,2067/68,"Impegtigo/
Boils/
Furunculosis",6075
Taplejung,2067/68,Abscess,3312
Taplejung,2067/68,"Eczema/
Dermatatis",1824
Taplejung,2067/68,"Fungal
Infection",3946
Taplejung,2067/68,Scabies,3333
Taplejung,2067/68,Leukoderma,53
Taplejung,2067/68,Psoriasis,123
Taplejung,2067/68,Lymphadenitis,401
Panchthar,2067/68,"Impegtigo/
Boils/
Furunculosis",5189
Panchthar,2067/68,Abscess,2884
Panchthar,2067/68,"Eczema/
Dermatatis",4411
Panchthar,2067/68,"Fungal
Infection",2414
Panchthar,2067/68,Scabies,2163
Panchthar,2067/68,Leukoderma,63
Panchthar,2067/68,Psoriasis,148
Panchthar,2067/68,Lymphadenitis,330
Ilam,2067/68,"Impegtigo/
Boils/
Furunculosis",4302
Ilam,2067/68,Abscess,2736
Ilam,2067/68,"Eczema/
Dermatatis",2308
Ilam,2067/68,"Fungal
Infection",3469
Ilam,2067/68,Scabies,2490
Ilam,2067/68,Leukoderma,86
Ilam,2067/68,Psoriasis,40
Ilam,2067/68,Lymphadenitis,385
Jhapa,2067/68,"Impegtigo/
Boils/
Furunculosis",17473
Jhapa,2067/68,Abscess,10461
Jhapa,2067/68,"Eczema/
Dermatatis",9759
Jhapa,2067/68,"Fungal
Infection",15680
Jhapa,2067/68,Scabies,9102
Jhapa,2067/68,Leukoderma,195
Jhapa,2067/68,Psoriasis,261
Jhapa,2067/68,Lymphadenitis,1370
Morang,2067/68,"Impegtigo/
Boils/
Furunculosis",24927
Morang,2067/68,Abscess,11191
Morang,2067/68,"Eczema/
Dermatatis",9012
Morang,2067/68,"Fungal
Infection",13711
Morang,2067/68,Scabies,9230
Morang,2067/68,Leukoderma,1291
Morang,2067/68,Psoriasis,135
Morang,2067/68,Lymphadenitis,1372
Sunsari,2067/68,"Impegtigo/
Boils/
Furunculosis",29154
Sunsari,2067/68,Abscess,9552
Sunsari,2067/68,"Eczema/
Dermatatis",9225
Sunsari,2067/68,"Fungal
Infection",12633
Sunsari,2067/68,Scabies,11989
Sunsari,2067/68,Leukoderma,74
Sunsari,2067/68,Psoriasis,11
Sunsari,2067/68,Lymphadenitis,471
Dhankuta,2067/68,"Impegtigo/
Boils/
Furunculosis",4936
Dhankuta,2067/68,Abscess,3347
Dhankuta,2067/68,"Eczema/
Dermatatis",3895
Dhankuta,2067/68,"Fungal
Infection",2865
Dhankuta,2067/68,Scabies,1960
Dhankuta,2067/68,Leukoderma,18
Dhankuta,2067/68,Psoriasis,0
Dhankuta,2067/68,Lymphadenitis,409
Teharthum,2067/68,"Impegtigo/
Boils/
Furunculosis",4351
Teharthum,2067/68,Abscess,1772
Teharthum,2067/68,"Eczema/
Dermatatis",3095
Teharthum,2067/68,"Fungal
Infection",3032
Teharthum,2067/68,Scabies,1874
Teharthum,2067/68,Leukoderma,83
Teharthum,2067/68,Psoriasis,67
Teharthum,2067/68,Lymphadenitis,490
Sankhuwasabha,2067/68,"Impegtigo/
Boils/
Furunculosis",5266
Sankhuwasabha,2067/68,Abscess,2631
Sankhuwasabha,2067/68,"Eczema/
Dermatatis",3311
Sankhuwasabha,2067/68,"Fungal
Infection",2668
Sankhuwasabha,2067/68,Scabies,3459
Sankhuwasabha,2067/68,Leukoderma,10
Sankhuwasabha,2067/68,Psoriasis,71
Sankhuwasabha,2067/68,Lymphadenitis,564
Bhojpur,2067/68,"Impegtigo/
Boils/
Furunculosis",6385
Bhojpur,2067/68,Abscess,6297
Bhojpur,2067/68,"Eczema/
Dermatatis",5388
Bhojpur,2067/68,"Fungal
Infection",3719
Bhojpur,2067/68,Scabies,3799
Bhojpur,2067/68,Leukoderma,44
Bhojpur,2067/68,Psoriasis,56
Bhojpur,2067/68,Lymphadenitis,695
Solukhumbu,2067/68,"Impegtigo/
Boils/
Furunculosis",4467
Solukhumbu,2067/68,Abscess,2802
Solukhumbu,2067/68,"Eczema/
Dermatatis",3505
Solukhumbu,2067/68,"Fungal
Infection",2773
Solukhumbu,2067/68,Scabies,3987
Solukhumbu,2067/68,Leukoderma,98
Solukhumbu,2067/68,Psoriasis,31
Solukhumbu,2067/68,Lymphadenitis,158
Okhaldhunga,2067/68,"Impegtigo/
Boils/
Furunculosis",6809
Okhaldhunga,2067/68,Abscess,4051
Okhaldhunga,2067/68,"Eczema/
Dermatatis",3442
Okhaldhunga,2067/68,"Fungal
Infection",4171
Okhaldhunga,2067/68,Scabies,2902
Okhaldhunga,2067/68,Leukoderma,163
Okhaldhunga,2067/68,Psoriasis,111
Okhaldhunga,2067/68,Lymphadenitis,327
Khotang,2067/68,"Impegtigo/
Boils/
Furunculosis",5199
Khotang,2067/68,Abscess,4138
Khotang,2067/68,"Eczema/
Dermatatis",3880
Khotang,2067/68,"Fungal
Infection",3836
Khotang,2067/68,Scabies,4552
Khotang,2067/68,Leukoderma,594
Khotang,2067/68,Psoriasis,183
Khotang,2067/68,Lymphadenitis,753
Udaypur,2067/68,"Impegtigo/
Boils/
Furunculosis",8870
Udaypur,2067/68,Abscess,6056
Udaypur,2067/68,"Eczema/
Dermatatis",4441
Udaypur,2067/68,"Fungal
Infection",5498
Udaypur,2067/68,Scabies,5125
Udaypur,2067/68,Leukoderma,141
Udaypur,2067/68,Psoriasis,60
Udaypur,2067/68,Lymphadenitis,530
Saptari,2067/68,"Impegtigo/
Boils/
Furunculosis",27699
Saptari,2067/68,Abscess,19375
Saptari,2067/68,"Eczema/
Dermatatis",8605
Saptari,2067/68,"Fungal
Infection",9630
Saptari,2067/68,Scabies,20650
Saptari,2067/68,Leukoderma,293
Saptari,2067/68,Psoriasis,386
Saptari,2067/68,Lymphadenitis,498
Siraha,2067/68,"Impegtigo/
Boils/
Furunculosis",40733
Siraha,2067/68,Abscess,21320
Siraha,2067/68,"Eczema/
Dermatatis",9917
Siraha,2067/68,"Fungal
Infection",14522
Siraha,2067/68,Scabies,21749
Siraha,2067/68,Leukoderma,383
Siraha,2067/68,Psoriasis,232
Siraha,2067/68,Lymphadenitis,785
Dhanusha,2067/68,"Impegtigo/
Boils/
Furunculosis",29450
Dhanusha,2067/68,Abscess,33823
Dhanusha,2067/68,"Eczema/
Dermatatis",8416
Dhanusha,2067/68,"Fungal
Infection",13926
Dhanusha,2067/68,Scabies,18711
Dhanusha,2067/68,Leukoderma,324
Dhanusha,2067/68,Psoriasis,89
Dhanusha,2067/68,Lymphadenitis,361
Mahottari,2067/68,"Impegtigo/
Boils/
Furunculosis",25107
Mahottari,2067/68,Abscess,12765
Mahottari,2067/68,"Eczema/
Dermatatis",5761
Mahottari,2067/68,"Fungal
Infection",8065
Mahottari,2067/68,Scabies,10244
Mahottari,2067/68,Leukoderma,233
Mahottari,2067/68,Psoriasis,421
Mahottari,2067/68,Lymphadenitis,386
Sarlahi,2067/68,"Impegtigo/
Boils/
Furunculosis",29424
Sarlahi,2067/68,Abscess,20015
Sarlahi,2067/68,"Eczema/
Dermatatis",7779
Sarlahi,2067/68,"Fungal
Infection",10954
Sarlahi,2067/68,Scabies,21435
Sarlahi,2067/68,Leukoderma,330
Sarlahi,2067/68,Psoriasis,117
Sarlahi,2067/68,Lymphadenitis,606
Sindhuli,2067/68,"Impegtigo/
Boils/
Furunculosis",8521
Sindhuli,2067/68,Abscess,4583
Sindhuli,2067/68,"Eczema/
Dermatatis",2393
Sindhuli,2067/68,"Fungal
Infection",2969
Sindhuli,2067/68,Scabies,3555
Sindhuli,2067/68,Leukoderma,71
Sindhuli,2067/68,Psoriasis,41
Sindhuli,2067/68,Lymphadenitis,319
Ramechhap,2067/68,"Impegtigo/
Boils/
Furunculosis",6669
Ramechhap,2067/68,Abscess,3236
Ramechhap,2067/68,"Eczema/
Dermatatis",3457
Ramechhap,2067/68,"Fungal
Infection",3383
Ramechhap,2067/68,Scabies,1827
Ramechhap,2067/68,Leukoderma,82
Ramechhap,2067/68,Psoriasis,50
Ramechhap,2067/68,Lymphadenitis,469
Dolkha,2067/68,"Impegtigo/
Boils/
Furunculosis",5867
Dolkha,2067/68,Abscess,3355
Dolkha,2067/68,"Eczema/
Dermatatis",3844
Dolkha,2067/68,"Fungal
Infection",2808
Dolkha,2067/68,Scabies,2705
Dolkha,2067/68,Leukoderma,263
Dolkha,2067/68,Psoriasis,380
Dolkha,2067/68,Lymphadenitis,378
Sindhupalchowk,2067/68,"Impegtigo/
Boils/
Furunculosis",5827
Sindhupalchowk,2067/68,Abscess,6159
Sindhupalchowk,2067/68,"Eczema/
Dermatatis",4677
Sindhupalchowk,2067/68,"Fungal
Infection",3762
Sindhupalchowk,2067/68,Scabies,2888
Sindhupalchowk,2067/68,Leukoderma,83
Sindhupalchowk,2067/68,Psoriasis,71
Sindhupalchowk,2067/68,Lymphadenitis,356
Kavre,2067/68,"Impegtigo/
Boils/
Furunculosis",12179
Kavre,2067/68,Abscess,6324
Kavre,2067/68,"Eczema/
Dermatatis",6143
Kavre,2067/68,"Fungal
Infection",6059
Kavre,2067/68,Scabies,2995
Kavre,2067/68,Leukoderma,46
Kavre,2067/68,Psoriasis,43
Kavre,2067/68,Lymphadenitis,344
Lalitpur,2067/68,"Impegtigo/
Boils/
Furunculosis",0
Lalitpur,2067/68,Abscess,0
Lalitpur,2067/68,"Eczema/
Dermatatis",0
Lalitpur,2067/68,"Fungal
Infection",0
Lalitpur,2067/68,Scabies,0
Lalitpur,2067/68,Leukoderma,0
Lalitpur,2067/68,Psoriasis,0
Lalitpur,2067/68,Lymphadenitis,0
Bhaktapur,2067/68,"Impegtigo/
Boils/
Furunculosis",3385
Bhaktapur,2067/68,Abscess,1964
Bhaktapur,2067/68,"Eczema/
Dermatatis",2763
Bhaktapur,2067/68,"Fungal
Infection",2662
Bhaktapur,2067/68,Scabies,1187
Bhaktapur,2067/68,Leukoderma,205
Bhaktapur,2067/68,Psoriasis,175
Bhaktapur,2067/68,Lymphadenitis,262
Kathmandu,2067/68,"Impegtigo/
Boils/
Furunculosis",10284
Kathmandu,2067/68,Abscess,7480
Kathmandu,2067/68,"Eczema/
Dermatatis",10038
Kathmandu,2067/68,"Fungal
Infection",8736
Kathmandu,2067/68,Scabies,5192
Kathmandu,2067/68,Leukoderma,491
Kathmandu,2067/68,Psoriasis,716
Kathmandu,2067/68,Lymphadenitis,519
Nuwakot,2067/68,"Impegtigo/
Boils/
Furunculosis",6189
Nuwakot,2067/68,Abscess,3712
Nuwakot,2067/68,"Eczema/
Dermatatis",3228
Nuwakot,2067/68,"Fungal
Infection",3505
Nuwakot,2067/68,Scabies,2636
Nuwakot,2067/68,Leukoderma,55
Nuwakot,2067/68,Psoriasis,97
Nuwakot,2067/68,Lymphadenitis,382
Rasuwa,2067/68,"Impegtigo/
Boils/
Furunculosis",1751
Rasuwa,2067/68,Abscess,1063
Rasuwa,2067/68,"Eczema/
Dermatatis",991
Rasuwa,2067/68,"Fungal
Infection",844
Rasuwa,2067/68,Scabies,636
Rasuwa,2067/68,Leukoderma,16
Rasuwa,2067/68,Psoriasis,13
Rasuwa,2067/68,Lymphadenitis,94
Dhading,2067/68,"Impegtigo/
Boils/
Furunculosis",11621
Dhading,2067/68,Abscess,7024
Dhading,2067/68,"Eczema/
Dermatatis",6209
Dhading,2067/68,"Fungal
Infection",6266
Dhading,2067/68,Scabies,3805
Dhading,2067/68,Leukoderma,90
Dhading,2067/68,Psoriasis,269
Dhading,2067/68,Lymphadenitis,773
Makawanpur,2067/68,"Impegtigo/
Boils/
Furunculosis",9502
Makawanpur,2067/68,Abscess,4783
Makawanpur,2067/68,"Eczema/
Dermatatis",3858
Makawanpur,2067/68,"Fungal
Infection",3935
Makawanpur,2067/68,Scabies,2583
Makawanpur,2067/68,Leukoderma,74
Makawanpur,2067/68,Psoriasis,56
Makawanpur,2067/68,Lymphadenitis,285
Rautahat,2067/68,"Impegtigo/
Boils/
Furunculosis",26214
Rautahat,2067/68,Abscess,15716
Rautahat,2067/68,"Eczema/
Dermatatis",6036
Rautahat,2067/68,"Fungal
Infection",8171
Rautahat,2067/68,Scabies,17732
Rautahat,2067/68,Leukoderma,782
Rautahat,2067/68,Psoriasis,416
Rautahat,2067/68,Lymphadenitis,373
Bara,2067/68,"Impegtigo/
Boils/
Furunculosis",65473
Bara,2067/68,Abscess,17930
Bara,2067/68,"Eczema/
Dermatatis",11442
Bara,2067/68,"Fungal
Infection",16182
Bara,2067/68,Scabies,26059
Bara,2067/68,Leukoderma,694
Bara,2067/68,Psoriasis,68
Bara,2067/68,Lymphadenitis,830
Parsa,2067/68,"Impegtigo/
Boils/
Furunculosis",0
Parsa,2067/68,Abscess,0
Parsa,2067/68,"Eczema/
Dermatatis",0
Parsa,2067/68,"Fungal
Infection",0
Parsa,2067/68,Scabies,0
Parsa,2067/68,Leukoderma,0
Parsa,2067/68,Psoriasis,0
Parsa,2067/68,Lymphadenitis,0
Chitwan,2067/68,"Impegtigo/
Boils/
Furunculosis",17179
Chitwan,2067/68,Abscess,8951
Chitwan,2067/68,"Eczema/
Dermatatis",10715
Chitwan,2067/68,"Fungal
Infection",12386
Chitwan,2067/68,Scabies,4994
Chitwan,2067/68,Leukoderma,465
Chitwan,2067/68,Psoriasis,674
Chitwan,2067/68,Lymphadenitis,566
Gorkha,2067/68,"Impegtigo/
Boils/
Furunculosis",7928
Gorkha,2067/68,Abscess,5208
Gorkha,2067/68,"Eczema/
Dermatatis",5630
Gorkha,2067/68,"Fungal
Infection",5251
Gorkha,2067/68,Scabies,3829
Gorkha,2067/68,Leukoderma,199
Gorkha,2067/68,Psoriasis,62
Gorkha,2067/68,Lymphadenitis,448
Lamjung,2067/68,"Impegtigo/
Boils/
Furunculosis",5512
Lamjung,2067/68,Abscess,4675
Lamjung,2067/68,"Eczema/
Dermatatis",4703
Lamjung,2067/68,"Fungal
Infection",5194
Lamjung,2067/68,Scabies,3367
Lamjung,2067/68,Leukoderma,100
Lamjung,2067/68,Psoriasis,49
Lamjung,2067/68,Lymphadenitis,517
Tanahu,2067/68,"Impegtigo/
Boils/
Furunculosis",6099
Tanahu,2067/68,Abscess,3968
Tanahu,2067/68,"Eczema/
Dermatatis",4542
Tanahu,2067/68,"Fungal
Infection",4374
Tanahu,2067/68,Scabies,4108
Tanahu,2067/68,Leukoderma,114
Tanahu,2067/68,Psoriasis,112
Tanahu,2067/68,Lymphadenitis,251
Syangja,2067/68,"Impegtigo/
Boils/
Furunculosis",9911
Syangja,2067/68,Abscess,5149
Syangja,2067/68,"Eczema/
Dermatatis",6297
Syangja,2067/68,"Fungal
Infection",6373
Syangja,2067/68,Scabies,4649
Syangja,2067/68,Leukoderma,312
Syangja,2067/68,Psoriasis,294
Syangja,2067/68,Lymphadenitis,512
Kaski,2067/68,"Impegtigo/
Boils/
Furunculosis",4487
Kaski,2067/68,Abscess,6416
Kaski,2067/68,"Eczema/
Dermatatis",7606
Kaski,2067/68,"Fungal
Infection",8603
Kaski,2067/68,Scabies,3048
Kaski,2067/68,Leukoderma,3662
Kaski,2067/68,Psoriasis,500
Kaski,2067/68,Lymphadenitis,847
Manang,2067/68,"Impegtigo/
Boils/
Furunculosis",147
Manang,2067/68,Abscess,138
Manang,2067/68,"Eczema/
Dermatatis",308
Manang,2067/68,"Fungal
Infection",360
Manang,2067/68,Scabies,251
Manang,2067/68,Leukoderma,0
Manang,2067/68,Psoriasis,0
Manang,2067/68,Lymphadenitis,5
Mustang,2067/68,"Impegtigo/
Boils/
Furunculosis",210
Mustang,2067/68,Abscess,194
Mustang,2067/68,"Eczema/
Dermatatis",781
Mustang,2067/68,"Fungal
Infection",265
Mustang,2067/68,Scabies,227
Mustang,2067/68,Leukoderma,5
Mustang,2067/68,Psoriasis,1
Mustang,2067/68,Lymphadenitis,16
Myagdi,2067/68,"Impegtigo/
Boils/
Furunculosis",3189
Myagdi,2067/68,Abscess,2363
Myagdi,2067/68,"Eczema/
Dermatatis",2525
Myagdi,2067/68,"Fungal
Infection",2447
Myagdi,2067/68,Scabies,2422
Myagdi,2067/68,Leukoderma,183
Myagdi,2067/68,Psoriasis,96
Myagdi,2067/68,Lymphadenitis,220
Parbat,2067/68,"Impegtigo/
Boils/
Furunculosis",3899
Parbat,2067/68,Abscess,3419
Parbat,2067/68,"Eczema/
Dermatatis",4004
Parbat,2067/68,"Fungal
Infection",3601
Parbat,2067/68,Scabies,2641
Parbat,2067/68,Leukoderma,69
Parbat,2067/68,Psoriasis,156
Parbat,2067/68,Lymphadenitis,536
Baglung,2067/68,"Impegtigo/
Boils/
Furunculosis",5449
Baglung,2067/68,Abscess,2939
Baglung,2067/68,"Eczema/
Dermatatis",5913
Baglung,2067/68,"Fungal
Infection",4535
Baglung,2067/68,Scabies,4831
Baglung,2067/68,Leukoderma,268
Baglung,2067/68,Psoriasis,98
Baglung,2067/68,Lymphadenitis,498
Gulmi,2067/68,"Impegtigo/
Boils/
Furunculosis",12974
Gulmi,2067/68,Abscess,7959
Gulmi,2067/68,"Eczema/
Dermatatis",7509
Gulmi,2067/68,"Fungal
Infection",7431
Gulmi,2067/68,Scabies,6176
Gulmi,2067/68,Leukoderma,285
Gulmi,2067/68,Psoriasis,125
Gulmi,2067/68,Lymphadenitis,1261
Palpa,2067/68,"Impegtigo/
Boils/
Furunculosis",9532
Palpa,2067/68,Abscess,6502
Palpa,2067/68,"Eczema/
Dermatatis",6289
Palpa,2067/68,"Fungal
Infection",6463
Palpa,2067/68,Scabies,4514
Palpa,2067/68,Leukoderma,145
Palpa,2067/68,Psoriasis,171
Palpa,2067/68,Lymphadenitis,662
Nawalparasi,2067/68,"Impegtigo/
Boils/
Furunculosis",20871
Nawalparasi,2067/68,Abscess,9603
Nawalparasi,2067/68,"Eczema/
Dermatatis",11983
Nawalparasi,2067/68,"Fungal
Infection",10083
Nawalparasi,2067/68,Scabies,9089
Nawalparasi,2067/68,Leukoderma,111
Nawalparasi,2067/68,Psoriasis,85
Nawalparasi,2067/68,Lymphadenitis,378
Rupandehi,2067/68,"Impegtigo/
Boils/
Furunculosis",0
Rupandehi,2067/68,Abscess,0
Rupandehi,2067/68,"Eczema/
Dermatatis",0
Rupandehi,2067/68,"Fungal
Infection",0
Rupandehi,2067/68,Scabies,0
Rupandehi,2067/68,Leukoderma,0
Rupandehi,2067/68,Psoriasis,0
Rupandehi,2067/68,Lymphadenitis,0
Kapilvastu,2067/68,"Impegtigo/
Boils/
Furunculosis",19688
Kapilvastu,2067/68,Abscess,12760
Kapilvastu,2067/68,"Eczema/
Dermatatis",11792
Kapilvastu,2067/68,"Fungal
Infection",13810
Kapilvastu,2067/68,Scabies,23611
Kapilvastu,2067/68,Leukoderma,2278
Kapilvastu,2067/68,Psoriasis,375
Kapilvastu,2067/68,Lymphadenitis,1223
Arghakhanchi,2067/68,"Impegtigo/
Boils/
Furunculosis",6115
Arghakhanchi,2067/68,Abscess,3244
Arghakhanchi,2067/68,"Eczema/
Dermatatis",5003
Arghakhanchi,2067/68,"Fungal
Infection",5167
Arghakhanchi,2067/68,Scabies,6396
Arghakhanchi,2067/68,Leukoderma,136
Arghakhanchi,2067/68,Psoriasis,95
Arghakhanchi,2067/68,Lymphadenitis,609
Pyuthan,2067/68,"Impegtigo/
Boils/
Furunculosis",10001
Pyuthan,2067/68,Abscess,4320
Pyuthan,2067/68,"Eczema/
Dermatatis",3579
Pyuthan,2067/68,"Fungal
Infection",4366
Pyuthan,2067/68,Scabies,3975
Pyuthan,2067/68,Leukoderma,70
Pyuthan,2067/68,Psoriasis,120
Pyuthan,2067/68,Lymphadenitis,614
Rolpa,2067/68,"Impegtigo/
Boils/
Furunculosis",6057
Rolpa,2067/68,Abscess,2942
Rolpa,2067/68,"Eczema/
Dermatatis",4546
Rolpa,2067/68,"Fungal
Infection",3440
Rolpa,2067/68,Scabies,3556
Rolpa,2067/68,Leukoderma,102
Rolpa,2067/68,Psoriasis,139
Rolpa,2067/68,Lymphadenitis,499
Rukum,2067/68,"Impegtigo/
Boils/
Furunculosis",5480
Rukum,2067/68,Abscess,3893
Rukum,2067/68,"Eczema/
Dermatatis",4020
Rukum,2067/68,"Fungal
Infection",4134
Rukum,2067/68,Scabies,4764
Rukum,2067/68,Leukoderma,101
Rukum,2067/68,Psoriasis,231
Rukum,2067/68,Lymphadenitis,335
Salyan,2067/68,"Impegtigo/
Boils/
Furunculosis",8652
Salyan,2067/68,Abscess,4253
Salyan,2067/68,"Eczema/
Dermatatis",5110
Salyan,2067/68,"Fungal
Infection",6805
Salyan,2067/68,Scabies,6915
Salyan,2067/68,Leukoderma,133
Salyan,2067/68,Psoriasis,40
Salyan,2067/68,Lymphadenitis,214
Dang,2067/68,"Impegtigo/
Boils/
Furunculosis",17096
Dang,2067/68,Abscess,9040
Dang,2067/68,"Eczema/
Dermatatis",9922
Dang,2067/68,"Fungal
Infection",10846
Dang,2067/68,Scabies,8061
Dang,2067/68,Leukoderma,345
Dang,2067/68,Psoriasis,169
Dang,2067/68,Lymphadenitis,761
Banke,2067/68,"Impegtigo/
Boils/
Furunculosis",23788
Banke,2067/68,Abscess,9761
Banke,2067/68,"Eczema/
Dermatatis",8716
Banke,2067/68,"Fungal
Infection",10523
Banke,2067/68,Scabies,9715
Banke,2067/68,Leukoderma,174
Banke,2067/68,Psoriasis,44
Banke,2067/68,Lymphadenitis,202
Bardiya,2067/68,"Impegtigo/
Boils/
Furunculosis",24017
Bardiya,2067/68,Abscess,8742
Bardiya,2067/68,"Eczema/
Dermatatis",9522
Bardiya,2067/68,"Fungal
Infection",11716
Bardiya,2067/68,Scabies,8203
Bardiya,2067/68,Leukoderma,532
Bardiya,2067/68,Psoriasis,371
Bardiya,2067/68,Lymphadenitis,1282
Surkhet,2067/68,"Impegtigo/
Boils/
Furunculosis",12776
Surkhet,2067/68,Abscess,5888
Surkhet,2067/68,"Eczema/
Dermatatis",7394
Surkhet,2067/68,"Fungal
Infection",8826
Surkhet,2067/68,Scabies,7215
Surkhet,2067/68,Leukoderma,127
Surkhet,2067/68,Psoriasis,401
Surkhet,2067/68,Lymphadenitis,556
Dailekh,2067/68,"Impegtigo/
Boils/
Furunculosis",8112
Dailekh,2067/68,Abscess,6131
Dailekh,2067/68,"Eczema/
Dermatatis",4571
Dailekh,2067/68,"Fungal
Infection",4629
Dailekh,2067/68,Scabies,6295
Dailekh,2067/68,Leukoderma,89
Dailekh,2067/68,Psoriasis,87
Dailekh,2067/68,Lymphadenitis,291
Jajarkot,2067/68,"Impegtigo/
Boils/
Furunculosis",2532
Jajarkot,2067/68,Abscess,2767
Jajarkot,2067/68,"Eczema/
Dermatatis",2699
Jajarkot,2067/68,"Fungal
Infection",3149
Jajarkot,2067/68,Scabies,2105
Jajarkot,2067/68,Leukoderma,79
Jajarkot,2067/68,Psoriasis,35
Jajarkot,2067/68,Lymphadenitis,171
Dolpa,2067/68,"Impegtigo/
Boils/
Furunculosis",259
Dolpa,2067/68,Abscess,307
Dolpa,2067/68,"Eczema/
Dermatatis",181
Dolpa,2067/68,"Fungal
Infection",290
Dolpa,2067/68,Scabies,576
Dolpa,2067/68,Leukoderma,0
Dolpa,2067/68,Psoriasis,8
Dolpa,2067/68,Lymphadenitis,0
Jumla,2067/68,"Impegtigo/
Boils/
Furunculosis",1066
Jumla,2067/68,Abscess,1093
Jumla,2067/68,"Eczema/
Dermatatis",1567
Jumla,2067/68,"Fungal
Infection",794
Jumla,2067/68,Scabies,1796
Jumla,2067/68,Leukoderma,34
Jumla,2067/68,Psoriasis,6
Jumla,2067/68,Lymphadenitis,25
Kalikot,2067/68,"Impegtigo/
Boils/
Furunculosis",2674
Kalikot,2067/68,Abscess,1927
Kalikot,2067/68,"Eczema/
Dermatatis",1755
Kalikot,2067/68,"Fungal
Infection",1588
Kalikot,2067/68,Scabies,3688
Kalikot,2067/68,Leukoderma,68
Kalikot,2067/68,Psoriasis,210
Kalikot,2067/68,Lymphadenitis,208
Mugu,2067/68,"Impegtigo/
Boils/
Furunculosis",963
Mugu,2067/68,Abscess,976
Mugu,2067/68,"Eczema/
Dermatatis",672
Mugu,2067/68,"Fungal
Infection",1043
Mugu,2067/68,Scabies,1154
Mugu,2067/68,Leukoderma,76
Mugu,2067/68,Psoriasis,34
Mugu,2067/68,Lymphadenitis,50
Humla,2067/68,"Impegtigo/
Boils/
Furunculosis",1310
Humla,2067/68,Abscess,1679
Humla,2067/68,"Eczema/
Dermatatis",851
Humla,2067/68,"Fungal
Infection",1656
Humla,2067/68,Scabies,2119
Humla,2067/68,Leukoderma,33
Humla,2067/68,Psoriasis,23
Humla,2067/68,Lymphadenitis,229
Bajura,2067/68,"Impegtigo/
Boils/
Furunculosis",2445
Bajura,2067/68,Abscess,2153
Bajura,2067/68,"Eczema/
Dermatatis",2471
Bajura,2067/68,"Fungal
Infection",2818
Bajura,2067/68,Scabies,1965
Bajura,2067/68,Leukoderma,19
Bajura,2067/68,Psoriasis,14
Bajura,2067/68,Lymphadenitis,124
Bajhang,2067/68,"Impegtigo/
Boils/
Furunculosis",3399
Bajhang,2067/68,Abscess,2459
Bajhang,2067/68,"Eczema/
Dermatatis",1913
Bajhang,2067/68,"Fungal
Infection",2368
Bajhang,2067/68,Scabies,2721
Bajhang,2067/68,Leukoderma,123
Bajhang,2067/68,Psoriasis,60
Bajhang,2067/68,Lymphadenitis,187
Achham,2067/68,"Impegtigo/
Boils/
Furunculosis",5420
Achham,2067/68,Abscess,5314
Achham,2067/68,"Eczema/
Dermatatis",3693
Achham,2067/68,"Fungal
Infection",4269
Achham,2067/68,Scabies,4426
Achham,2067/68,Leukoderma,150
Achham,2067/68,Psoriasis,72
Achham,2067/68,Lymphadenitis,130
Doti,2067/68,"Impegtigo/
Boils/
Furunculosis",4046
Doti,2067/68,Abscess,2554
Doti,2067/68,"Eczema/
Dermatatis",1871
Doti,2067/68,"Fungal
Infection",2923
Doti,2067/68,Scabies,3417
Doti,2067/68,Leukoderma,24
Doti,2067/68,Psoriasis,45
Doti,2067/68,Lymphadenitis,112
Kailali,2067/68,"Impegtigo/
Boils/
Furunculosis",15963
Kailali,2067/68,Abscess,5556
Kailali,2067/68,"Eczema/
Dermatatis",8949
Kailali,2067/68,"Fungal
Infection",8273
Kailali,2067/68,Scabies,7866
Kailali,2067/68,Leukoderma,373
Kailali,2067/68,Psoriasis,59
Kailali,2067/68,Lymphadenitis,267
Kanchanpur,2067/68,"Impegtigo/
Boils/
Furunculosis",10712
Kanchanpur,2067/68,Abscess,4219
Kanchanpur,2067/68,"Eczema/
Dermatatis",8705
Kanchanpur,2067/68,"Fungal
Infection",6751
Kanchanpur,2067/68,Scabies,3604
Kanchanpur,2067/68,Leukoderma,143
Kanchanpur,2067/68,Psoriasis,35
Kanchanpur,2067/68,Lymphadenitis,499
Dadeldhura,2067/68,"Impegtigo/
Boils/
Furunculosis",5136
Dadeldhura,2067/68,Abscess,2585
Dadeldhura,2067/68,"Eczema/
Dermatatis",3360
Dadeldhura,2067/68,"Fungal
Infection",3035
Dadeldhura,2067/68,Scabies,3115
Dadeldhura,2067/68,Leukoderma,225
Dadeldhura,2067/68,Psoriasis,131
Dadeldhura,2067/68,Lymphadenitis,287
Baitadi,2067/68,"Impegtigo/
Boils/
Furunculosis",4742
Baitadi,2067/68,Abscess,4753
Baitadi,2067/68,"Eczema/
Dermatatis",4616
Baitadi,2067/68,"Fungal
Infection",4214
Baitadi,2067/68,Scabies,3704
Baitadi,2067/68,Leukoderma,109
Baitadi,2067/68,Psoriasis,32
Baitadi,2067/68,Lymphadenitis,419
Darchula,2067/68,"Impegtigo/
Boils/
Furunculosis",2231
Darchula,2067/68,Abscess,2279
Darchula,2067/68,"Eczema/
Dermatatis",2284
Darchula,2067/68,"Fungal
Infection",2468
Darchula,2067/68,Scabies,3077
Darchula,2067/68,Leukoderma,328
Darchula,2067/68,Psoriasis,36
Darchula,2067/68,Lymphadenitis,91
Taplejung,2068/69,"Impegtigo/
Boils/
Furunculosis",4793
Taplejung,2068/69,Abscess,3339
Taplejung,2068/69,"Eczema/
Dermatatis",1733
Taplejung,2068/69,"Fungal
Infection",3181
Taplejung,2068/69,Scabies,2720
Taplejung,2068/69,Leukoderma,76
Taplejung,2068/69,Psoriasis,175
Taplejung,2068/69,Lymphadenitis,356
Panchthar,2068/69,"Impegtigo/
Boils/
Furunculosis",5748
Panchthar,2068/69,Abscess,2399
Panchthar,2068/69,"Eczema/
Dermatatis",3992
Panchthar,2068/69,"Fungal
Infection",2798
Panchthar,2068/69,Scabies,1976
Panchthar,2068/69,Leukoderma,54
Panchthar,2068/69,Psoriasis,51
Panchthar,2068/69,Lymphadenitis,321
Ilam,2068/69,"Impegtigo/
Boils/
Furunculosis",4998
Ilam,2068/69,Abscess,2493
Ilam,2068/69,"Eczema/
Dermatatis",2703
Ilam,2068/69,"Fungal
Infection",3487
Ilam,2068/69,Scabies,2035
Ilam,2068/69,Leukoderma,84
Ilam,2068/69,Psoriasis,111
Ilam,2068/69,Lymphadenitis,324
Jhapa,2068/69,"Impegtigo/
Boils/
Furunculosis",18114
Jhapa,2068/69,Abscess,9390
Jhapa,2068/69,"Eczema/
Dermatatis",11214
Jhapa,2068/69,"Fungal
Infection",16597
Jhapa,2068/69,Scabies,8606
Jhapa,2068/69,Leukoderma,259
Jhapa,2068/69,Psoriasis,331
Jhapa,2068/69,Lymphadenitis,1968
Morang,2068/69,"Impegtigo/
Boils/
Furunculosis",28120
Morang,2068/69,Abscess,11206
Morang,2068/69,"Eczema/
Dermatatis",10030
Morang,2068/69,"Fungal
Infection",15716
Morang,2068/69,Scabies,8557
Morang,2068/69,Leukoderma,112
Morang,2068/69,Psoriasis,150
Morang,2068/69,Lymphadenitis,1785
Sunsari,2068/69,"Impegtigo/
Boils/
Furunculosis",28695
Sunsari,2068/69,Abscess,8994
Sunsari,2068/69,"Eczema/
Dermatatis",10298
Sunsari,2068/69,"Fungal
Infection",12577
Sunsari,2068/69,Scabies,12325
Sunsari,2068/69,Leukoderma,26
Sunsari,2068/69,Psoriasis,39
Sunsari,2068/69,Lymphadenitis,446
Dhankuta,2068/69,"Impegtigo/
Boils/
Furunculosis",5612
Dhankuta,2068/69,Abscess,3265
Dhankuta,2068/69,"Eczema/
Dermatatis",4131
Dhankuta,2068/69,"Fungal
Infection",3166
Dhankuta,2068/69,Scabies,2030
Dhankuta,2068/69,Leukoderma,33
Dhankuta,2068/69,Psoriasis,8
Dhankuta,2068/69,Lymphadenitis,478
Teharthum,2068/69,"Impegtigo/
Boils/
Furunculosis",4392
Teharthum,2068/69,Abscess,2045
Teharthum,2068/69,"Eczema/
Dermatatis",3175
Teharthum,2068/69,"Fungal
Infection",2287
Teharthum,2068/69,Scabies,1924
Teharthum,2068/69,Leukoderma,40
Teharthum,2068/69,Psoriasis,37
Teharthum,2068/69,Lymphadenitis,393
Sankhuwasabha,2068/69,"Impegtigo/
Boils/
Furunculosis",4705
Sankhuwasabha,2068/69,Abscess,1855
Sankhuwasabha,2068/69,"Eczema/
Dermatatis",3361
Sankhuwasabha,2068/69,"Fungal
Infection",2523
Sankhuwasabha,2068/69,Scabies,2608
Sankhuwasabha,2068/69,Leukoderma,29
Sankhuwasabha,2068/69,Psoriasis,5
Sankhuwasabha,2068/69,Lymphadenitis,356
Bhojpur,2068/69,"Impegtigo/
Boils/
Furunculosis",7314
Bhojpur,2068/69,Abscess,5320
Bhojpur,2068/69,"Eczema/
Dermatatis",5294
Bhojpur,2068/69,"Fungal
Infection",3848
Bhojpur,2068/69,Scabies,4567
Bhojpur,2068/69,Leukoderma,128
Bhojpur,2068/69,Psoriasis,54
Bhojpur,2068/69,Lymphadenitis,816
Solukhumbu,2068/69,"Impegtigo/
Boils/
Furunculosis",5526
Solukhumbu,2068/69,Abscess,3173
Solukhumbu,2068/69,"Eczema/
Dermatatis",3986
Solukhumbu,2068/69,"Fungal
Infection",3242
Solukhumbu,2068/69,Scabies,4372
Solukhumbu,2068/69,Leukoderma,39
Solukhumbu,2068/69,Psoriasis,23
Solukhumbu,2068/69,Lymphadenitis,115
Okhaldhunga,2068/69,"Impegtigo/
Boils/
Furunculosis",7004
Okhaldhunga,2068/69,Abscess,3631
Okhaldhunga,2068/69,"Eczema/
Dermatatis",3425
Okhaldhunga,2068/69,"Fungal
Infection",4075
Okhaldhunga,2068/69,Scabies,2877
Okhaldhunga,2068/69,Leukoderma,65
Okhaldhunga,2068/69,Psoriasis,122
Okhaldhunga,2068/69,Lymphadenitis,367
Khotang,2068/69,"Impegtigo/
Boils/
Furunculosis",5928
Khotang,2068/69,Abscess,5133
Khotang,2068/69,"Eczema/
Dermatatis",4977
Khotang,2068/69,"Fungal
Infection",5024
Khotang,2068/69,Scabies,5663
Khotang,2068/69,Leukoderma,139
Khotang,2068/69,Psoriasis,26
Khotang,2068/69,Lymphadenitis,517
Udaypur,2068/69,"Impegtigo/
Boils/
Furunculosis",9567
Udaypur,2068/69,Abscess,6291
Udaypur,2068/69,"Eczema/
Dermatatis",4480
Udaypur,2068/69,"Fungal
Infection",5339
Udaypur,2068/69,Scabies,5249
Udaypur,2068/69,Leukoderma,53
Udaypur,2068/69,Psoriasis,161
Udaypur,2068/69,Lymphadenitis,631
Saptari,2068/69,"Impegtigo/
Boils/
Furunculosis",30825
Saptari,2068/69,Abscess,18201
Saptari,2068/69,"Eczema/
Dermatatis",8305
Saptari,2068/69,"Fungal
Infection",9668
Saptari,2068/69,Scabies,21061
Saptari,2068/69,Leukoderma,231
Saptari,2068/69,Psoriasis,119
Saptari,2068/69,Lymphadenitis,386
Siraha,2068/69,"Impegtigo/
Boils/
Furunculosis",34934
Siraha,2068/69,Abscess,16625
Siraha,2068/69,"Eczema/
Dermatatis",8726
Siraha,2068/69,"Fungal
Infection",12753
Siraha,2068/69,Scabies,20787
Siraha,2068/69,Leukoderma,264
Siraha,2068/69,Psoriasis,208
Siraha,2068/69,Lymphadenitis,610
Dhanusha,2068/69,"Impegtigo/
Boils/
Furunculosis",28476
Dhanusha,2068/69,Abscess,22783
Dhanusha,2068/69,"Eczema/
Dermatatis",11788
Dhanusha,2068/69,"Fungal
Infection",17414
Dhanusha,2068/69,Scabies,20674
Dhanusha,2068/69,Leukoderma,1155
Dhanusha,2068/69,Psoriasis,489
Dhanusha,2068/69,Lymphadenitis,572
Mahottari,2068/69,"Impegtigo/
Boils/
Furunculosis",25788
Mahottari,2068/69,Abscess,16463
Mahottari,2068/69,"Eczema/
Dermatatis",6017
Mahottari,2068/69,"Fungal
Infection",8857
Mahottari,2068/69,Scabies,13275
Mahottari,2068/69,Leukoderma,256
Mahottari,2068/69,Psoriasis,144
Mahottari,2068/69,Lymphadenitis,407
Sarlahi,2068/69,"Impegtigo/
Boils/
Furunculosis",40709
Sarlahi,2068/69,Abscess,21567
Sarlahi,2068/69,"Eczema/
Dermatatis",9604
Sarlahi,2068/69,"Fungal
Infection",14385
Sarlahi,2068/69,Scabies,25764
Sarlahi,2068/69,Leukoderma,401
Sarlahi,2068/69,Psoriasis,228
Sarlahi,2068/69,Lymphadenitis,951
Sindhuli,2068/69,"Impegtigo/
Boils/
Furunculosis",7336
Sindhuli,2068/69,Abscess,4436
Sindhuli,2068/69,"Eczema/
Dermatatis",2826
Sindhuli,2068/69,"Fungal
Infection",3116
Sindhuli,2068/69,Scabies,3737
Sindhuli,2068/69,Leukoderma,114
Sindhuli,2068/69,Psoriasis,39
Sindhuli,2068/69,Lymphadenitis,297
Ramechhap,2068/69,"Impegtigo/
Boils/
Furunculosis",7398
Ramechhap,2068/69,Abscess,3654
Ramechhap,2068/69,"Eczema/
Dermatatis",3642
Ramechhap,2068/69,"Fungal
Infection",4385
Ramechhap,2068/69,Scabies,1972
Ramechhap,2068/69,Leukoderma,199
Ramechhap,2068/69,Psoriasis,61
Ramechhap,2068/69,Lymphadenitis,336
Dolkha,2068/69,"Impegtigo/
Boils/
Furunculosis",5877
Dolkha,2068/69,Abscess,2888
Dolkha,2068/69,"Eczema/
Dermatatis",3268
Dolkha,2068/69,"Fungal
Infection",2373
Dolkha,2068/69,Scabies,2188
Dolkha,2068/69,Leukoderma,217
Dolkha,2068/69,Psoriasis,193
Dolkha,2068/69,Lymphadenitis,196
Sindhupalchowk,2068/69,"Impegtigo/
Boils/
Furunculosis",6236
Sindhupalchowk,2068/69,Abscess,6432
Sindhupalchowk,2068/69,"Eczema/
Dermatatis",4563
Sindhupalchowk,2068/69,"Fungal
Infection",4482
Sindhupalchowk,2068/69,Scabies,3053
Sindhupalchowk,2068/69,Leukoderma,110
Sindhupalchowk,2068/69,Psoriasis,40
Sindhupalchowk,2068/69,Lymphadenitis,480
Kavre,2068/69,"Impegtigo/
Boils/
Furunculosis",11299
Kavre,2068/69,Abscess,5825
Kavre,2068/69,"Eczema/
Dermatatis",6160
Kavre,2068/69,"Fungal
Infection",6473
Kavre,2068/69,Scabies,3092
Kavre,2068/69,Leukoderma,77
Kavre,2068/69,Psoriasis,69
Kavre,2068/69,Lymphadenitis,302
Lalitpur,2068/69,"Impegtigo/
Boils/
Furunculosis",0
Lalitpur,2068/69,Abscess,0
Lalitpur,2068/69,"Eczema/
Dermatatis",0
Lalitpur,2068/69,"Fungal
Infection",0
Lalitpur,2068/69,Scabies,0
Lalitpur,2068/69,Leukoderma,0
Lalitpur,2068/69,Psoriasis,0
Lalitpur,2068/69,Lymphadenitis,0
Bhaktapur,2068/69,"Impegtigo/
Boils/
Furunculosis",4183
Bhaktapur,2068/69,Abscess,2225
Bhaktapur,2068/69,"Eczema/
Dermatatis",2663
Bhaktapur,2068/69,"Fungal
Infection",2760
Bhaktapur,2068/69,Scabies,1296
Bhaktapur,2068/69,Leukoderma,69
Bhaktapur,2068/69,Psoriasis,75
Bhaktapur,2068/69,Lymphadenitis,218
Kathmandu,2068/69,"Impegtigo/
Boils/
Furunculosis",11609
Kathmandu,2068/69,Abscess,8473
Kathmandu,2068/69,"Eczema/
Dermatatis",11542
Kathmandu,2068/69,"Fungal
Infection",11528
Kathmandu,2068/69,Scabies,5974
Kathmandu,2068/69,Leukoderma,1143
Kathmandu,2068/69,Psoriasis,913
Kathmandu,2068/69,Lymphadenitis,705
Nuwakot,2068/69,"Impegtigo/
Boils/
Furunculosis",4984
Nuwakot,2068/69,Abscess,3555
Nuwakot,2068/69,"Eczema/
Dermatatis",3270
Nuwakot,2068/69,"Fungal
Infection",3542
Nuwakot,2068/69,Scabies,2188
Nuwakot,2068/69,Leukoderma,91
Nuwakot,2068/69,Psoriasis,152
Nuwakot,2068/69,Lymphadenitis,359
Rasuwa,2068/69,"Impegtigo/
Boils/
Furunculosis",1481
Rasuwa,2068/69,Abscess,920
Rasuwa,2068/69,"Eczema/
Dermatatis",1352
Rasuwa,2068/69,"Fungal
Infection",835
Rasuwa,2068/69,Scabies,631
Rasuwa,2068/69,Leukoderma,18
Rasuwa,2068/69,Psoriasis,14
Rasuwa,2068/69,Lymphadenitis,47
Dhading,2068/69,"Impegtigo/
Boils/
Furunculosis",13131
Dhading,2068/69,Abscess,7779
Dhading,2068/69,"Eczema/
Dermatatis",6326
Dhading,2068/69,"Fungal
Infection",6936
Dhading,2068/69,Scabies,3755
Dhading,2068/69,Leukoderma,1064
Dhading,2068/69,Psoriasis,232
Dhading,2068/69,Lymphadenitis,854
Makawanpur,2068/69,"Impegtigo/
Boils/
Furunculosis",9039
Makawanpur,2068/69,Abscess,5131
Makawanpur,2068/69,"Eczema/
Dermatatis",4612
Makawanpur,2068/69,"Fungal
Infection",4784
Makawanpur,2068/69,Scabies,2939
Makawanpur,2068/69,Leukoderma,102
Makawanpur,2068/69,Psoriasis,112
Makawanpur,2068/69,Lymphadenitis,355
Rautahat,2068/69,"Impegtigo/
Boils/
Furunculosis",31338
Rautahat,2068/69,Abscess,16461
Rautahat,2068/69,"Eczema/
Dermatatis",6871
Rautahat,2068/69,"Fungal
Infection",10981
Rautahat,2068/69,Scabies,22365
Rautahat,2068/69,Leukoderma,311
Rautahat,2068/69,Psoriasis,169
Rautahat,2068/69,Lymphadenitis,524
Bara,2068/69,"Impegtigo/
Boils/
Furunculosis",46535
Bara,2068/69,Abscess,17021
Bara,2068/69,"Eczema/
Dermatatis",13799
Bara,2068/69,"Fungal
Infection",17303
Bara,2068/69,Scabies,28259
Bara,2068/69,Leukoderma,491
Bara,2068/69,Psoriasis,85
Bara,2068/69,Lymphadenitis,988
Parsa,2068/69,"Impegtigo/
Boils/
Furunculosis",0
Parsa,2068/69,Abscess,0
Parsa,2068/69,"Eczema/
Dermatatis",0
Parsa,2068/69,"Fungal
Infection",0
Parsa,2068/69,Scabies,0
Parsa,2068/69,Leukoderma,0
Parsa,2068/69,Psoriasis,0
Parsa,2068/69,Lymphadenitis,0
Chitwan,2068/69,"Impegtigo/
Boils/
Furunculosis",18597
Chitwan,2068/69,Abscess,9516
Chitwan,2068/69,"Eczema/
Dermatatis",11186
Chitwan,2068/69,"Fungal
Infection",12910
Chitwan,2068/69,Scabies,6301
Chitwan,2068/69,Leukoderma,410
Chitwan,2068/69,Psoriasis,1165
Chitwan,2068/69,Lymphadenitis,510
Gorkha,2068/69,"Impegtigo/
Boils/
Furunculosis",7850
Gorkha,2068/69,Abscess,5209
Gorkha,2068/69,"Eczema/
Dermatatis",5628
Gorkha,2068/69,"Fungal
Infection",4787
Gorkha,2068/69,Scabies,3373
Gorkha,2068/69,Leukoderma,391
Gorkha,2068/69,Psoriasis,67
Gorkha,2068/69,Lymphadenitis,587
Lamjung,2068/69,"Impegtigo/
Boils/
Furunculosis",5895
Lamjung,2068/69,Abscess,4557
Lamjung,2068/69,"Eczema/
Dermatatis",4254
Lamjung,2068/69,"Fungal
Infection",5166
Lamjung,2068/69,Scabies,3442
Lamjung,2068/69,Leukoderma,89
Lamjung,2068/69,Psoriasis,80
Lamjung,2068/69,Lymphadenitis,352
Tanahu,2068/69,"Impegtigo/
Boils/
Furunculosis",5475
Tanahu,2068/69,Abscess,3854
Tanahu,2068/69,"Eczema/
Dermatatis",4348
Tanahu,2068/69,"Fungal
Infection",4916
Tanahu,2068/69,Scabies,4664
Tanahu,2068/69,Leukoderma,150
Tanahu,2068/69,Psoriasis,114
Tanahu,2068/69,Lymphadenitis,306
Syangja,2068/69,"Impegtigo/
Boils/
Furunculosis",10379
Syangja,2068/69,Abscess,5170
Syangja,2068/69,"Eczema/
Dermatatis",5910
Syangja,2068/69,"Fungal
Infection",5638
Syangja,2068/69,Scabies,5135
Syangja,2068/69,Leukoderma,266
Syangja,2068/69,Psoriasis,248
Syangja,2068/69,Lymphadenitis,409
Kaski,2068/69,"Impegtigo/
Boils/
Furunculosis",5055
Kaski,2068/69,Abscess,6426
Kaski,2068/69,"Eczema/
Dermatatis",7233
Kaski,2068/69,"Fungal
Infection",8661
Kaski,2068/69,Scabies,2930
Kaski,2068/69,Leukoderma,3193
Kaski,2068/69,Psoriasis,698
Kaski,2068/69,Lymphadenitis,1042
Manang,2068/69,"Impegtigo/
Boils/
Furunculosis",143
Manang,2068/69,Abscess,145
Manang,2068/69,"Eczema/
Dermatatis",327
Manang,2068/69,"Fungal
Infection",292
Manang,2068/69,Scabies,155
Manang,2068/69,Leukoderma,3
Manang,2068/69,Psoriasis,1
Manang,2068/69,Lymphadenitis,11
Mustang,2068/69,"Impegtigo/
Boils/
Furunculosis",307
Mustang,2068/69,Abscess,292
Mustang,2068/69,"Eczema/
Dermatatis",646
Mustang,2068/69,"Fungal
Infection",405
Mustang,2068/69,Scabies,306
Mustang,2068/69,Leukoderma,2
Mustang,2068/69,Psoriasis,0
Mustang,2068/69,Lymphadenitis,6
Myagdi,2068/69,"Impegtigo/
Boils/
Furunculosis",3272
Myagdi,2068/69,Abscess,2262
Myagdi,2068/69,"Eczema/
Dermatatis",2563
Myagdi,2068/69,"Fungal
Infection",2397
Myagdi,2068/69,Scabies,2118
Myagdi,2068/69,Leukoderma,59
Myagdi,2068/69,Psoriasis,72
Myagdi,2068/69,Lymphadenitis,168
Parbat,2068/69,"Impegtigo/
Boils/
Furunculosis",4118
Parbat,2068/69,Abscess,3391
Parbat,2068/69,"Eczema/
Dermatatis",3631
Parbat,2068/69,"Fungal
Infection",3344
Parbat,2068/69,Scabies,2603
Parbat,2068/69,Leukoderma,33
Parbat,2068/69,Psoriasis,65
Parbat,2068/69,Lymphadenitis,402
Baglung,2068/69,"Impegtigo/
Boils/
Furunculosis",5541
Baglung,2068/69,Abscess,2941
Baglung,2068/69,"Eczema/
Dermatatis",6126
Baglung,2068/69,"Fungal
Infection",4489
Baglung,2068/69,Scabies,4349
Baglung,2068/69,Leukoderma,198
Baglung,2068/69,Psoriasis,136
Baglung,2068/69,Lymphadenitis,463
Gulmi,2068/69,"Impegtigo/
Boils/
Furunculosis",11855
Gulmi,2068/69,Abscess,6585
Gulmi,2068/69,"Eczema/
Dermatatis",5783
Gulmi,2068/69,"Fungal
Infection",6199
Gulmi,2068/69,Scabies,5633
Gulmi,2068/69,Leukoderma,322
Gulmi,2068/69,Psoriasis,130
Gulmi,2068/69,Lymphadenitis,1124
Palpa,2068/69,"Impegtigo/
Boils/
Furunculosis",10247
Palpa,2068/69,Abscess,6447
Palpa,2068/69,"Eczema/
Dermatatis",6583
Palpa,2068/69,"Fungal
Infection",6410
Palpa,2068/69,Scabies,5302
Palpa,2068/69,Leukoderma,469
Palpa,2068/69,Psoriasis,408
Palpa,2068/69,Lymphadenitis,764
Nawalparasi,2068/69,"Impegtigo/
Boils/
Furunculosis",21296
Nawalparasi,2068/69,Abscess,10632
Nawalparasi,2068/69,"Eczema/
Dermatatis",13555
Nawalparasi,2068/69,"Fungal
Infection",12084
Nawalparasi,2068/69,Scabies,10478
Nawalparasi,2068/69,Leukoderma,157
Nawalparasi,2068/69,Psoriasis,54
Nawalparasi,2068/69,Lymphadenitis,398
Rupandehi,2068/69,"Impegtigo/
Boils/
Furunculosis",0
Rupandehi,2068/69,Abscess,0
Rupandehi,2068/69,"Eczema/
Dermatatis",0
Rupandehi,2068/69,"Fungal
Infection",0
Rupandehi,2068/69,Scabies,0
Rupandehi,2068/69,Leukoderma,0
Rupandehi,2068/69,Psoriasis,0
Rupandehi,2068/69,Lymphadenitis,0
Kapilvastu,2068/69,"Impegtigo/
Boils/
Furunculosis",21754
Kapilvastu,2068/69,Abscess,12150
Kapilvastu,2068/69,"Eczema/
Dermatatis",10975
Kapilvastu,2068/69,"Fungal
Infection",17353
Kapilvastu,2068/69,Scabies,26295
Kapilvastu,2068/69,Leukoderma,870
Kapilvastu,2068/69,Psoriasis,367
Kapilvastu,2068/69,Lymphadenitis,935
Arghakhanchi,2068/69,"Impegtigo/
Boils/
Furunculosis",5556
Arghakhanchi,2068/69,Abscess,2902
Arghakhanchi,2068/69,"Eczema/
Dermatatis",4050
Arghakhanchi,2068/69,"Fungal
Infection",4481
Arghakhanchi,2068/69,Scabies,5545
Arghakhanchi,2068/69,Leukoderma,178
Arghakhanchi,2068/69,Psoriasis,118
Arghakhanchi,2068/69,Lymphadenitis,622
Pyuthan,2068/69,"Impegtigo/
Boils/
Furunculosis",12961
Pyuthan,2068/69,Abscess,4322
Pyuthan,2068/69,"Eczema/
Dermatatis",3635
Pyuthan,2068/69,"Fungal
Infection",4858
Pyuthan,2068/69,Scabies,4685
Pyuthan,2068/69,Leukoderma,12
Pyuthan,2068/69,Psoriasis,159
Pyuthan,2068/69,Lymphadenitis,624
Rolpa,2068/69,"Impegtigo/
Boils/
Furunculosis",4730
Rolpa,2068/69,Abscess,2900
Rolpa,2068/69,"Eczema/
Dermatatis",3861
Rolpa,2068/69,"Fungal
Infection",3113
Rolpa,2068/69,Scabies,3919
Rolpa,2068/69,Leukoderma,114
Rolpa,2068/69,Psoriasis,35
Rolpa,2068/69,Lymphadenitis,521
Rukum,2068/69,"Impegtigo/
Boils/
Furunculosis",3830
Rukum,2068/69,Abscess,3561
Rukum,2068/69,"Eczema/
Dermatatis",4348
Rukum,2068/69,"Fungal
Infection",4353
Rukum,2068/69,Scabies,4413
Rukum,2068/69,Leukoderma,751
Rukum,2068/69,Psoriasis,170
Rukum,2068/69,Lymphadenitis,866
Salyan,2068/69,"Impegtigo/
Boils/
Furunculosis",8180
Salyan,2068/69,Abscess,4190
Salyan,2068/69,"Eczema/
Dermatatis",5503
Salyan,2068/69,"Fungal
Infection",6929
Salyan,2068/69,Scabies,6955
Salyan,2068/69,Leukoderma,136
Salyan,2068/69,Psoriasis,36
Salyan,2068/69,Lymphadenitis,142
Dang,2068/69,"Impegtigo/
Boils/
Furunculosis",17407
Dang,2068/69,Abscess,8789
Dang,2068/69,"Eczema/
Dermatatis",9888
Dang,2068/69,"Fungal
Infection",11301
Dang,2068/69,Scabies,8501
Dang,2068/69,Leukoderma,273
Dang,2068/69,Psoriasis,148
Dang,2068/69,Lymphadenitis,930
Banke,2068/69,"Impegtigo/
Boils/
Furunculosis",29596
Banke,2068/69,Abscess,11488
Banke,2068/69,"Eczema/
Dermatatis",9473
Banke,2068/69,"Fungal
Infection",12573
Banke,2068/69,Scabies,12547
Banke,2068/69,Leukoderma,544
Banke,2068/69,Psoriasis,136
Banke,2068/69,Lymphadenitis,275
Bardiya,2068/69,"Impegtigo/
Boils/
Furunculosis",28346
Bardiya,2068/69,Abscess,8799
Bardiya,2068/69,"Eczema/
Dermatatis",11144
Bardiya,2068/69,"Fungal
Infection",12633
Bardiya,2068/69,Scabies,10016
Bardiya,2068/69,Leukoderma,498
Bardiya,2068/69,Psoriasis,307
Bardiya,2068/69,Lymphadenitis,1266
Surkhet,2068/69,"Impegtigo/
Boils/
Furunculosis",14475
Surkhet,2068/69,Abscess,6418
Surkhet,2068/69,"Eczema/
Dermatatis",8026
Surkhet,2068/69,"Fungal
Infection",9359
Surkhet,2068/69,Scabies,8904
Surkhet,2068/69,Leukoderma,99
Surkhet,2068/69,Psoriasis,342
Surkhet,2068/69,Lymphadenitis,407
Dailekh,2068/69,"Impegtigo/
Boils/
Furunculosis",7651
Dailekh,2068/69,Abscess,6565
Dailekh,2068/69,"Eczema/
Dermatatis",5091
Dailekh,2068/69,"Fungal
Infection",4658
Dailekh,2068/69,Scabies,8007
Dailekh,2068/69,Leukoderma,85
Dailekh,2068/69,Psoriasis,75
Dailekh,2068/69,Lymphadenitis,276
Jajarkot,2068/69,"Impegtigo/
Boils/
Furunculosis",2779
Jajarkot,2068/69,Abscess,2767
Jajarkot,2068/69,"Eczema/
Dermatatis",3386
Jajarkot,2068/69,"Fungal
Infection",3809
Jajarkot,2068/69,Scabies,2797
Jajarkot,2068/69,Leukoderma,122
Jajarkot,2068/69,Psoriasis,52
Jajarkot,2068/69,Lymphadenitis,293
Dolpa,2068/69,"Impegtigo/
Boils/
Furunculosis",232
Dolpa,2068/69,Abscess,369
Dolpa,2068/69,"Eczema/
Dermatatis",244
Dolpa,2068/69,"Fungal
Infection",471
Dolpa,2068/69,Scabies,790
Dolpa,2068/69,Leukoderma,11
Dolpa,2068/69,Psoriasis,0
Dolpa,2068/69,Lymphadenitis,4
Jumla,2068/69,"Impegtigo/
Boils/
Furunculosis",1399
Jumla,2068/69,Abscess,1238
Jumla,2068/69,"Eczema/
Dermatatis",1515
Jumla,2068/69,"Fungal
Infection",929
Jumla,2068/69,Scabies,2373
Jumla,2068/69,Leukoderma,49
Jumla,2068/69,Psoriasis,36
Jumla,2068/69,Lymphadenitis,15
Kalikot,2068/69,"Impegtigo/
Boils/
Furunculosis",2490
Kalikot,2068/69,Abscess,1887
Kalikot,2068/69,"Eczema/
Dermatatis",1378
Kalikot,2068/69,"Fungal
Infection",1263
Kalikot,2068/69,Scabies,4513
Kalikot,2068/69,Leukoderma,81
Kalikot,2068/69,Psoriasis,145
Kalikot,2068/69,Lymphadenitis,164
Mugu,2068/69,"Impegtigo/
Boils/
Furunculosis",771
Mugu,2068/69,Abscess,971
Mugu,2068/69,"Eczema/
Dermatatis",681
Mugu,2068/69,"Fungal
Infection",1069
Mugu,2068/69,Scabies,1314
Mugu,2068/69,Leukoderma,27
Mugu,2068/69,Psoriasis,31
Mugu,2068/69,Lymphadenitis,73
Humla,2068/69,"Impegtigo/
Boils/
Furunculosis",1580
Humla,2068/69,Abscess,1966
Humla,2068/69,"Eczema/
Dermatatis",805
Humla,2068/69,"Fungal
Infection",1366
Humla,2068/69,Scabies,2155
Humla,2068/69,Leukoderma,58
Humla,2068/69,Psoriasis,5
Humla,2068/69,Lymphadenitis,166
Bajura,2068/69,"Impegtigo/
Boils/
Furunculosis",2506
Bajura,2068/69,Abscess,2431
Bajura,2068/69,"Eczema/
Dermatatis",2637
Bajura,2068/69,"Fungal
Infection",2394
Bajura,2068/69,Scabies,2800
Bajura,2068/69,Leukoderma,20
Bajura,2068/69,Psoriasis,17
Bajura,2068/69,Lymphadenitis,52
Bajhang,2068/69,"Impegtigo/
Boils/
Furunculosis",2656
Bajhang,2068/69,Abscess,2459
Bajhang,2068/69,"Eczema/
Dermatatis",2473
Bajhang,2068/69,"Fungal
Infection",2454
Bajhang,2068/69,Scabies,2522
Bajhang,2068/69,Leukoderma,366
Bajhang,2068/69,Psoriasis,82
Bajhang,2068/69,Lymphadenitis,236
Achham,2068/69,"Impegtigo/
Boils/
Furunculosis",6317
Achham,2068/69,Abscess,5445
Achham,2068/69,"Eczema/
Dermatatis",4058
Achham,2068/69,"Fungal
Infection",4981
Achham,2068/69,Scabies,6312
Achham,2068/69,Leukoderma,207
Achham,2068/69,Psoriasis,88
Achham,2068/69,Lymphadenitis,120
Doti,2068/69,"Impegtigo/
Boils/
Furunculosis",5080
Doti,2068/69,Abscess,2840
Doti,2068/69,"Eczema/
Dermatatis",2502
Doti,2068/69,"Fungal
Infection",4014
Doti,2068/69,Scabies,4968
Doti,2068/69,Leukoderma,84
Doti,2068/69,Psoriasis,32
Doti,2068/69,Lymphadenitis,109
Kailali,2068/69,"Impegtigo/
Boils/
Furunculosis",20936
Kailali,2068/69,Abscess,6994
Kailali,2068/69,"Eczema/
Dermatatis",11590
Kailali,2068/69,"Fungal
Infection",10653
Kailali,2068/69,Scabies,11009
Kailali,2068/69,Leukoderma,414
Kailali,2068/69,Psoriasis,33
Kailali,2068/69,Lymphadenitis,292
Kanchanpur,2068/69,"Impegtigo/
Boils/
Furunculosis",12650
Kanchanpur,2068/69,Abscess,3816
Kanchanpur,2068/69,"Eczema/
Dermatatis",9397
Kanchanpur,2068/69,"Fungal
Infection",7215
Kanchanpur,2068/69,Scabies,4609
Kanchanpur,2068/69,Leukoderma,159
Kanchanpur,2068/69,Psoriasis,40
Kanchanpur,2068/69,Lymphadenitis,418
Dadeldhura,2068/69,"Impegtigo/
Boils/
Furunculosis",4569
Dadeldhura,2068/69,Abscess,2959
Dadeldhura,2068/69,"Eczema/
Dermatatis",3481
Dadeldhura,2068/69,"Fungal
Infection",3468
Dadeldhura,2068/69,Scabies,3923
Dadeldhura,2068/69,Leukoderma,284
Dadeldhura,2068/69,Psoriasis,152
Dadeldhura,2068/69,Lymphadenitis,377
Baitadi,2068/69,"Impegtigo/
Boils/
Furunculosis",5129
Baitadi,2068/69,Abscess,4155
Baitadi,2068/69,"Eczema/
Dermatatis",4059
Baitadi,2068/69,"Fungal
Infection",3628
Baitadi,2068/69,Scabies,2800
Baitadi,2068/69,Leukoderma,78
Baitadi,2068/69,Psoriasis,52
Baitadi,2068/69,Lymphadenitis,551
Darchula,2068/69,"Impegtigo/
Boils/
Furunculosis",2895
Darchula,2068/69,Abscess,2236
Darchula,2068/69,"Eczema/
Dermatatis",2744
Darchula,2068/69,"Fungal
Infection",3233
Darchula,2068/69,Scabies,3472
Darchula,2068/69,Leukoderma,34
Darchula,2068/69,Psoriasis,6
Darchula,2068/69,Lymphadenitis,150
Taplejung,2069/70,"Impegtigo/
Boils/
Furunculosis",4254
Taplejung,2069/70,Abscess,3090
Taplejung,2069/70,"Eczema/
Dermatatis",1547
Taplejung,2069/70,"Fungal
Infection",3127
Taplejung,2069/70,Scabies,2261
Taplejung,2069/70,Leukoderma,109
Taplejung,2069/70,Psoriasis,196
Taplejung,2069/70,Lymphadenitis,395
Panchthar,2069/70,"Impegtigo/
Boils/
Furunculosis",4946
Panchthar,2069/70,Abscess,2016
Panchthar,2069/70,"Eczema/
Dermatatis",3636
Panchthar,2069/70,"Fungal
Infection",3265
Panchthar,2069/70,Scabies,2039
Panchthar,2069/70,Leukoderma,82
Panchthar,2069/70,Psoriasis,65
Panchthar,2069/70,Lymphadenitis,369
Ilam,2069/70,"Impegtigo/
Boils/
Furunculosis",4312
Ilam,2069/70,Abscess,2151
Ilam,2069/70,"Eczema/
Dermatatis",3110
Ilam,2069/70,"Fungal
Infection",3740
Ilam,2069/70,Scabies,1861
Ilam,2069/70,Leukoderma,118
Ilam,2069/70,Psoriasis,78
Ilam,2069/70,Lymphadenitis,341
Jhapa,2069/70,"Impegtigo/
Boils/
Furunculosis",19812
Jhapa,2069/70,Abscess,10766
Jhapa,2069/70,"Eczema/
Dermatatis",13269
Jhapa,2069/70,"Fungal
Infection",18577
Jhapa,2069/70,Scabies,11284
Jhapa,2069/70,Leukoderma,195
Jhapa,2069/70,Psoriasis,290
Jhapa,2069/70,Lymphadenitis,2123
Morang,2069/70,"Impegtigo/
Boils/
Furunculosis",25017
Morang,2069/70,Abscess,11638
Morang,2069/70,"Eczema/
Dermatatis",9810
Morang,2069/70,"Fungal
Infection",18237
Morang,2069/70,Scabies,11241
Morang,2069/70,Leukoderma,222
Morang,2069/70,Psoriasis,103
Morang,2069/70,Lymphadenitis,1392
Sunsari,2069/70,"Impegtigo/
Boils/
Furunculosis",26681
Sunsari,2069/70,Abscess,7817
Sunsari,2069/70,"Eczema/
Dermatatis",12517
Sunsari,2069/70,"Fungal
Infection",13160
Sunsari,2069/70,Scabies,11226
Sunsari,2069/70,Leukoderma,189
Sunsari,2069/70,Psoriasis,86
Sunsari,2069/70,Lymphadenitis,836
Dhankuta,2069/70,"Impegtigo/
Boils/
Furunculosis",4395
Dhankuta,2069/70,Abscess,1953
Dhankuta,2069/70,"Eczema/
Dermatatis",3766
Dhankuta,2069/70,"Fungal
Infection",2666
Dhankuta,2069/70,Scabies,1702
Dhankuta,2069/70,Leukoderma,49
Dhankuta,2069/70,Psoriasis,19
Dhankuta,2069/70,Lymphadenitis,506
Teharthum,2069/70,"Impegtigo/
Boils/
Furunculosis",3393
Teharthum,2069/70,Abscess,1950
Teharthum,2069/70,"Eczema/
Dermatatis",2615
Teharthum,2069/70,"Fungal
Infection",2051
Teharthum,2069/70,Scabies,2124
Teharthum,2069/70,Leukoderma,71
Teharthum,2069/70,Psoriasis,43
Teharthum,2069/70,Lymphadenitis,351
Sankhuwasabha,2069/70,"Impegtigo/
Boils/
Furunculosis",3818
Sankhuwasabha,2069/70,Abscess,1924
Sankhuwasabha,2069/70,"Eczema/
Dermatatis",3210
Sankhuwasabha,2069/70,"Fungal
Infection",3151
Sankhuwasabha,2069/70,Scabies,2564
Sankhuwasabha,2069/70,Leukoderma,77
Sankhuwasabha,2069/70,Psoriasis,9
Sankhuwasabha,2069/70,Lymphadenitis,258
Bhojpur,2069/70,"Impegtigo/
Boils/
Furunculosis",6488
Bhojpur,2069/70,Abscess,4309
Bhojpur,2069/70,"Eczema/
Dermatatis",3897
Bhojpur,2069/70,"Fungal
Infection",3365
Bhojpur,2069/70,Scabies,4060
Bhojpur,2069/70,Leukoderma,45
Bhojpur,2069/70,Psoriasis,135
Bhojpur,2069/70,Lymphadenitis,607
Solukhumbu,2069/70,"Impegtigo/
Boils/
Furunculosis",4930
Solukhumbu,2069/70,Abscess,2749
Solukhumbu,2069/70,"Eczema/
Dermatatis",3798
Solukhumbu,2069/70,"Fungal
Infection",3075
Solukhumbu,2069/70,Scabies,4411
Solukhumbu,2069/70,Leukoderma,102
Solukhumbu,2069/70,Psoriasis,6
Solukhumbu,2069/70,Lymphadenitis,112
Okhaldhunga,2069/70,"Impegtigo/
Boils/
Furunculosis",5444
Okhaldhunga,2069/70,Abscess,2522
Okhaldhunga,2069/70,"Eczema/
Dermatatis",3164
Okhaldhunga,2069/70,"Fungal
Infection",3485
Okhaldhunga,2069/70,Scabies,2722
Okhaldhunga,2069/70,Leukoderma,67
Okhaldhunga,2069/70,Psoriasis,159
Okhaldhunga,2069/70,Lymphadenitis,168
Khotang,2069/70,"Impegtigo/
Boils/
Furunculosis",7167
Khotang,2069/70,Abscess,4783
Khotang,2069/70,"Eczema/
Dermatatis",4562
Khotang,2069/70,"Fungal
Infection",5735
Khotang,2069/70,Scabies,5578
Khotang,2069/70,Leukoderma,134
Khotang,2069/70,Psoriasis,88
Khotang,2069/70,Lymphadenitis,800
Udaypur,2069/70,"Impegtigo/
Boils/
Furunculosis",9574
Udaypur,2069/70,Abscess,6208
Udaypur,2069/70,"Eczema/
Dermatatis",3808
Udaypur,2069/70,"Fungal
Infection",5465
Udaypur,2069/70,Scabies,3963
Udaypur,2069/70,Leukoderma,29
Udaypur,2069/70,Psoriasis,170
Udaypur,2069/70,Lymphadenitis,675
Saptari,2069/70,"Impegtigo/
Boils/
Furunculosis",31011
Saptari,2069/70,Abscess,17381
Saptari,2069/70,"Eczema/
Dermatatis",9122
Saptari,2069/70,"Fungal
Infection",10142
Saptari,2069/70,Scabies,22651
Saptari,2069/70,Leukoderma,239
Saptari,2069/70,Psoriasis,335
Saptari,2069/70,Lymphadenitis,815
Siraha,2069/70,"Impegtigo/
Boils/
Furunculosis",33424
Siraha,2069/70,Abscess,17904
Siraha,2069/70,"Eczema/
Dermatatis",10024
Siraha,2069/70,"Fungal
Infection",13910
Siraha,2069/70,Scabies,23325
Siraha,2069/70,Leukoderma,314
Siraha,2069/70,Psoriasis,81
Siraha,2069/70,Lymphadenitis,729
Dhanusha,2069/70,"Impegtigo/
Boils/
Furunculosis",24542
Dhanusha,2069/70,Abscess,17140
Dhanusha,2069/70,"Eczema/
Dermatatis",9718
Dhanusha,2069/70,"Fungal
Infection",16594
Dhanusha,2069/70,Scabies,18914
Dhanusha,2069/70,Leukoderma,644
Dhanusha,2069/70,Psoriasis,264
Dhanusha,2069/70,Lymphadenitis,383
Mahottari,2069/70,"Impegtigo/
Boils/
Furunculosis",31522
Mahottari,2069/70,Abscess,14798
Mahottari,2069/70,"Eczema/
Dermatatis",8806
Mahottari,2069/70,"Fungal
Infection",10988
Mahottari,2069/70,Scabies,17509
Mahottari,2069/70,Leukoderma,523
Mahottari,2069/70,Psoriasis,148
Mahottari,2069/70,Lymphadenitis,442
Sarlahi,2069/70,"Impegtigo/
Boils/
Furunculosis",33542
Sarlahi,2069/70,Abscess,20796
Sarlahi,2069/70,"Eczema/
Dermatatis",10515
Sarlahi,2069/70,"Fungal
Infection",14946
Sarlahi,2069/70,Scabies,26078
Sarlahi,2069/70,Leukoderma,308
Sarlahi,2069/70,Psoriasis,445
Sarlahi,2069/70,Lymphadenitis,881
Sindhuli,2069/70,"Impegtigo/
Boils/
Furunculosis",5774
Sindhuli,2069/70,Abscess,3481
Sindhuli,2069/70,"Eczema/
Dermatatis",3028
Sindhuli,2069/70,"Fungal
Infection",3307
Sindhuli,2069/70,Scabies,4346
Sindhuli,2069/70,Leukoderma,71
Sindhuli,2069/70,Psoriasis,21
Sindhuli,2069/70,Lymphadenitis,262
Ramechhap,2069/70,"Impegtigo/
Boils/
Furunculosis",6896
Ramechhap,2069/70,Abscess,3563
Ramechhap,2069/70,"Eczema/
Dermatatis",4170
Ramechhap,2069/70,"Fungal
Infection",3642
Ramechhap,2069/70,Scabies,2104
Ramechhap,2069/70,Leukoderma,69
Ramechhap,2069/70,Psoriasis,37
Ramechhap,2069/70,Lymphadenitis,405
Dolkha,2069/70,"Impegtigo/
Boils/
Furunculosis",5372
Dolkha,2069/70,Abscess,2475
Dolkha,2069/70,"Eczema/
Dermatatis",3571
Dolkha,2069/70,"Fungal
Infection",2845
Dolkha,2069/70,Scabies,2111
Dolkha,2069/70,Leukoderma,135
Dolkha,2069/70,Psoriasis,211
Dolkha,2069/70,Lymphadenitis,104
Sindhupalchowk,2069/70,"Impegtigo/
Boils/
Furunculosis",5721
Sindhupalchowk,2069/70,Abscess,5277
Sindhupalchowk,2069/70,"Eczema/
Dermatatis",4125
Sindhupalchowk,2069/70,"Fungal
Infection",4065
Sindhupalchowk,2069/70,Scabies,2884
Sindhupalchowk,2069/70,Leukoderma,251
Sindhupalchowk,2069/70,Psoriasis,235
Sindhupalchowk,2069/70,Lymphadenitis,398
Kavre,2069/70,"Impegtigo/
Boils/
Furunculosis",9558
Kavre,2069/70,Abscess,6957
Kavre,2069/70,"Eczema/
Dermatatis",7584
Kavre,2069/70,"Fungal
Infection",7473
Kavre,2069/70,Scabies,2952
Kavre,2069/70,Leukoderma,101
Kavre,2069/70,Psoriasis,103
Kavre,2069/70,Lymphadenitis,238
Lalitpur,2069/70,"Impegtigo/
Boils/
Furunculosis",0
Lalitpur,2069/70,Abscess,0
Lalitpur,2069/70,"Eczema/
Dermatatis",0
Lalitpur,2069/70,"Fungal
Infection",0
Lalitpur,2069/70,Scabies,0
Lalitpur,2069/70,Leukoderma,0
Lalitpur,2069/70,Psoriasis,0
Lalitpur,2069/70,Lymphadenitis,0
Bhaktapur,2069/70,"Impegtigo/
Boils/
Furunculosis",4360
Bhaktapur,2069/70,Abscess,2949
Bhaktapur,2069/70,"Eczema/
Dermatatis",3588
Bhaktapur,2069/70,"Fungal
Infection",3086
Bhaktapur,2069/70,Scabies,1434
Bhaktapur,2069/70,Leukoderma,112
Bhaktapur,2069/70,Psoriasis,130
Bhaktapur,2069/70,Lymphadenitis,231
Kathmandu,2069/70,"Impegtigo/
Boils/
Furunculosis",13617
Kathmandu,2069/70,Abscess,10569
Kathmandu,2069/70,"Eczema/
Dermatatis",13896
Kathmandu,2069/70,"Fungal
Infection",16784
Kathmandu,2069/70,Scabies,7093
Kathmandu,2069/70,Leukoderma,1826
Kathmandu,2069/70,Psoriasis,1593
Kathmandu,2069/70,Lymphadenitis,1057
Nuwakot,2069/70,"Impegtigo/
Boils/
Furunculosis",5246
Nuwakot,2069/70,Abscess,3772
Nuwakot,2069/70,"Eczema/
Dermatatis",3526
Nuwakot,2069/70,"Fungal
Infection",4800
Nuwakot,2069/70,Scabies,2482
Nuwakot,2069/70,Leukoderma,195
Nuwakot,2069/70,Psoriasis,166
Nuwakot,2069/70,Lymphadenitis,438
Rasuwa,2069/70,"Impegtigo/
Boils/
Furunculosis",1266
Rasuwa,2069/70,Abscess,939
Rasuwa,2069/70,"Eczema/
Dermatatis",1305
Rasuwa,2069/70,"Fungal
Infection",890
Rasuwa,2069/70,Scabies,655
Rasuwa,2069/70,Leukoderma,4
Rasuwa,2069/70,Psoriasis,51
Rasuwa,2069/70,Lymphadenitis,35
Dhading,2069/70,"Impegtigo/
Boils/
Furunculosis",13142
Dhading,2069/70,Abscess,6817
Dhading,2069/70,"Eczema/
Dermatatis",6557
Dhading,2069/70,"Fungal
Infection",7686
Dhading,2069/70,Scabies,4454
Dhading,2069/70,Leukoderma,230
Dhading,2069/70,Psoriasis,149
Dhading,2069/70,Lymphadenitis,1014
Makawanpur,2069/70,"Impegtigo/
Boils/
Furunculosis",10385
Makawanpur,2069/70,Abscess,4511
Makawanpur,2069/70,"Eczema/
Dermatatis",4666
Makawanpur,2069/70,"Fungal
Infection",5661
Makawanpur,2069/70,Scabies,2572
Makawanpur,2069/70,Leukoderma,96
Makawanpur,2069/70,Psoriasis,40
Makawanpur,2069/70,Lymphadenitis,291
Rautahat,2069/70,"Impegtigo/
Boils/
Furunculosis",51929
Rautahat,2069/70,Abscess,26145
Rautahat,2069/70,"Eczema/
Dermatatis",12169
Rautahat,2069/70,"Fungal
Infection",17586
Rautahat,2069/70,Scabies,34919
Rautahat,2069/70,Leukoderma,354
Rautahat,2069/70,Psoriasis,143
Rautahat,2069/70,Lymphadenitis,1596
Bara,2069/70,"Impegtigo/
Boils/
Furunculosis",41106
Bara,2069/70,Abscess,16334
Bara,2069/70,"Eczema/
Dermatatis",11336
Bara,2069/70,"Fungal
Infection",15653
Bara,2069/70,Scabies,24681
Bara,2069/70,Leukoderma,467
Bara,2069/70,Psoriasis,73
Bara,2069/70,Lymphadenitis,792
Parsa,2069/70,"Impegtigo/
Boils/
Furunculosis",0
Parsa,2069/70,Abscess,0
Parsa,2069/70,"Eczema/
Dermatatis",0
Parsa,2069/70,"Fungal
Infection",0
Parsa,2069/70,Scabies,0
Parsa,2069/70,Leukoderma,0
Parsa,2069/70,Psoriasis,0
Parsa,2069/70,Lymphadenitis,0
Chitwan,2069/70,"Impegtigo/
Boils/
Furunculosis",20367
Chitwan,2069/70,Abscess,10672
Chitwan,2069/70,"Eczema/
Dermatatis",14994
Chitwan,2069/70,"Fungal
Infection",22825
Chitwan,2069/70,Scabies,6393
Chitwan,2069/70,Leukoderma,430
Chitwan,2069/70,Psoriasis,596
Chitwan,2069/70,Lymphadenitis,1015
Gorkha,2069/70,"Impegtigo/
Boils/
Furunculosis",8532
Gorkha,2069/70,Abscess,5286
Gorkha,2069/70,"Eczema/
Dermatatis",5946
Gorkha,2069/70,"Fungal
Infection",5310
Gorkha,2069/70,Scabies,3233
Gorkha,2069/70,Leukoderma,67
Gorkha,2069/70,Psoriasis,128
Gorkha,2069/70,Lymphadenitis,582
Lamjung,2069/70,"Impegtigo/
Boils/
Furunculosis",5902
Lamjung,2069/70,Abscess,4272
Lamjung,2069/70,"Eczema/
Dermatatis",4440
Lamjung,2069/70,"Fungal
Infection",5773
Lamjung,2069/70,Scabies,3307
Lamjung,2069/70,Leukoderma,107
Lamjung,2069/70,Psoriasis,53
Lamjung,2069/70,Lymphadenitis,254
Tanahu,2069/70,"Impegtigo/
Boils/
Furunculosis",5467
Tanahu,2069/70,Abscess,3360
Tanahu,2069/70,"Eczema/
Dermatatis",4447
Tanahu,2069/70,"Fungal
Infection",5142
Tanahu,2069/70,Scabies,4391
Tanahu,2069/70,Leukoderma,250
Tanahu,2069/70,Psoriasis,207
Tanahu,2069/70,Lymphadenitis,280
Syangja,2069/70,"Impegtigo/
Boils/
Furunculosis",9092
Syangja,2069/70,Abscess,3938
Syangja,2069/70,"Eczema/
Dermatatis",4780
Syangja,2069/70,"Fungal
Infection",5735
Syangja,2069/70,Scabies,4827
Syangja,2069/70,Leukoderma,451
Syangja,2069/70,Psoriasis,136
Syangja,2069/70,Lymphadenitis,257
Kaski,2069/70,"Impegtigo/
Boils/
Furunculosis",5575
Kaski,2069/70,Abscess,7083
Kaski,2069/70,"Eczema/
Dermatatis",8327
Kaski,2069/70,"Fungal
Infection",10175
Kaski,2069/70,Scabies,3974
Kaski,2069/70,Leukoderma,2735
Kaski,2069/70,Psoriasis,1707
Kaski,2069/70,Lymphadenitis,1063
Manang,2069/70,"Impegtigo/
Boils/
Furunculosis",70
Manang,2069/70,Abscess,159
Manang,2069/70,"Eczema/
Dermatatis",188
Manang,2069/70,"Fungal
Infection",366
Manang,2069/70,Scabies,183
Manang,2069/70,Leukoderma,12
Manang,2069/70,Psoriasis,2
Manang,2069/70,Lymphadenitis,5
Mustang,2069/70,"Impegtigo/
Boils/
Furunculosis",266
Mustang,2069/70,Abscess,206
Mustang,2069/70,"Eczema/
Dermatatis",414
Mustang,2069/70,"Fungal
Infection",337
Mustang,2069/70,Scabies,279
Mustang,2069/70,Leukoderma,0
Mustang,2069/70,Psoriasis,0
Mustang,2069/70,Lymphadenitis,5
Myagdi,2069/70,"Impegtigo/
Boils/
Furunculosis",2619
Myagdi,2069/70,Abscess,2083
Myagdi,2069/70,"Eczema/
Dermatatis",3219
Myagdi,2069/70,"Fungal
Infection",2034
Myagdi,2069/70,Scabies,1893
Myagdi,2069/70,Leukoderma,91
Myagdi,2069/70,Psoriasis,102
Myagdi,2069/70,Lymphadenitis,128
Parbat,2069/70,"Impegtigo/
Boils/
Furunculosis",3408
Parbat,2069/70,Abscess,3073
Parbat,2069/70,"Eczema/
Dermatatis",3553
Parbat,2069/70,"Fungal
Infection",3336
Parbat,2069/70,Scabies,2631
Parbat,2069/70,Leukoderma,34
Parbat,2069/70,Psoriasis,70
Parbat,2069/70,Lymphadenitis,604
Baglung,2069/70,"Impegtigo/
Boils/
Furunculosis",4810
Baglung,2069/70,Abscess,2794
Baglung,2069/70,"Eczema/
Dermatatis",5732
Baglung,2069/70,"Fungal
Infection",4393
Baglung,2069/70,Scabies,4110
Baglung,2069/70,Leukoderma,117
Baglung,2069/70,Psoriasis,134
Baglung,2069/70,Lymphadenitis,678
Gulmi,2069/70,"Impegtigo/
Boils/
Furunculosis",9029
Gulmi,2069/70,Abscess,4569
Gulmi,2069/70,"Eczema/
Dermatatis",4224
Gulmi,2069/70,"Fungal
Infection",4994
Gulmi,2069/70,Scabies,4080
Gulmi,2069/70,Leukoderma,310
Gulmi,2069/70,Psoriasis,46
Gulmi,2069/70,Lymphadenitis,668
Palpa,2069/70,"Impegtigo/
Boils/
Furunculosis",9367
Palpa,2069/70,Abscess,6009
Palpa,2069/70,"Eczema/
Dermatatis",7275
Palpa,2069/70,"Fungal
Infection",7329
Palpa,2069/70,Scabies,5208
Palpa,2069/70,Leukoderma,380
Palpa,2069/70,Psoriasis,537
Palpa,2069/70,Lymphadenitis,493
Nawalparasi,2069/70,"Impegtigo/
Boils/
Furunculosis",21273
Nawalparasi,2069/70,Abscess,10799
Nawalparasi,2069/70,"Eczema/
Dermatatis",14978
Nawalparasi,2069/70,"Fungal
Infection",15040
Nawalparasi,2069/70,Scabies,10231
Nawalparasi,2069/70,Leukoderma,288
Nawalparasi,2069/70,Psoriasis,66
Nawalparasi,2069/70,Lymphadenitis,357
Rupandehi,2069/70,"Impegtigo/
Boils/
Furunculosis",0
Rupandehi,2069/70,Abscess,0
Rupandehi,2069/70,"Eczema/
Dermatatis",0
Rupandehi,2069/70,"Fungal
Infection",0
Rupandehi,2069/70,Scabies,0
Rupandehi,2069/70,Leukoderma,0
Rupandehi,2069/70,Psoriasis,0
Rupandehi,2069/70,Lymphadenitis,0
Kapilvastu,2069/70,"Impegtigo/
Boils/
Furunculosis",23279
Kapilvastu,2069/70,Abscess,12260
Kapilvastu,2069/70,"Eczema/
Dermatatis",11048
Kapilvastu,2069/70,"Fungal
Infection",18450
Kapilvastu,2069/70,Scabies,25849
Kapilvastu,2069/70,Leukoderma,639
Kapilvastu,2069/70,Psoriasis,548
Kapilvastu,2069/70,Lymphadenitis,371
Arghakhanchi,2069/70,"Impegtigo/
Boils/
Furunculosis",5225
Arghakhanchi,2069/70,Abscess,3012
Arghakhanchi,2069/70,"Eczema/
Dermatatis",3566
Arghakhanchi,2069/70,"Fungal
Infection",4276
Arghakhanchi,2069/70,Scabies,6263
Arghakhanchi,2069/70,Leukoderma,90
Arghakhanchi,2069/70,Psoriasis,80
Arghakhanchi,2069/70,Lymphadenitis,404
Pyuthan,2069/70,"Impegtigo/
Boils/
Furunculosis",11707
Pyuthan,2069/70,Abscess,5003
Pyuthan,2069/70,"Eczema/
Dermatatis",4372
Pyuthan,2069/70,"Fungal
Infection",5585
Pyuthan,2069/70,Scabies,6304
Pyuthan,2069/70,Leukoderma,176
Pyuthan,2069/70,Psoriasis,218
Pyuthan,2069/70,Lymphadenitis,710
Rolpa,2069/70,"Impegtigo/
Boils/
Furunculosis",4301
Rolpa,2069/70,Abscess,2928
Rolpa,2069/70,"Eczema/
Dermatatis",3305
Rolpa,2069/70,"Fungal
Infection",3186
Rolpa,2069/70,Scabies,3648
Rolpa,2069/70,Leukoderma,70
Rolpa,2069/70,Psoriasis,39
Rolpa,2069/70,Lymphadenitis,386
Rukum,2069/70,"Impegtigo/
Boils/
Furunculosis",4204
Rukum,2069/70,Abscess,4024
Rukum,2069/70,"Eczema/
Dermatatis",4264
Rukum,2069/70,"Fungal
Infection",4169
Rukum,2069/70,Scabies,6687
Rukum,2069/70,Leukoderma,120
Rukum,2069/70,Psoriasis,52
Rukum,2069/70,Lymphadenitis,364
Salyan,2069/70,"Impegtigo/
Boils/
Furunculosis",6925
Salyan,2069/70,Abscess,4227
Salyan,2069/70,"Eczema/
Dermatatis",6796
Salyan,2069/70,"Fungal
Infection",6380
Salyan,2069/70,Scabies,7813
Salyan,2069/70,Leukoderma,70
Salyan,2069/70,Psoriasis,44
Salyan,2069/70,Lymphadenitis,477
Dang,2069/70,"Impegtigo/
Boils/
Furunculosis",14961
Dang,2069/70,Abscess,8459
Dang,2069/70,"Eczema/
Dermatatis",10493
Dang,2069/70,"Fungal
Infection",13147
Dang,2069/70,Scabies,9994
Dang,2069/70,Leukoderma,460
Dang,2069/70,Psoriasis,162
Dang,2069/70,Lymphadenitis,896
Banke,2069/70,"Impegtigo/
Boils/
Furunculosis",26383
Banke,2069/70,Abscess,11376
Banke,2069/70,"Eczema/
Dermatatis",9749
Banke,2069/70,"Fungal
Infection",14891
Banke,2069/70,Scabies,15249
Banke,2069/70,Leukoderma,288
Banke,2069/70,Psoriasis,30
Banke,2069/70,Lymphadenitis,269
Bardiya,2069/70,"Impegtigo/
Boils/
Furunculosis",25103
Bardiya,2069/70,Abscess,9150
Bardiya,2069/70,"Eczema/
Dermatatis",11454
Bardiya,2069/70,"Fungal
Infection",12916
Bardiya,2069/70,Scabies,10816
Bardiya,2069/70,Leukoderma,416
Bardiya,2069/70,Psoriasis,186
Bardiya,2069/70,Lymphadenitis,1134
Surkhet,2069/70,"Impegtigo/
Boils/
Furunculosis",11812
Surkhet,2069/70,Abscess,5392
Surkhet,2069/70,"Eczema/
Dermatatis",6703
Surkhet,2069/70,"Fungal
Infection",8379
Surkhet,2069/70,Scabies,7974
Surkhet,2069/70,Leukoderma,52
Surkhet,2069/70,Psoriasis,102
Surkhet,2069/70,Lymphadenitis,485
Dailekh,2069/70,"Impegtigo/
Boils/
Furunculosis",7005
Dailekh,2069/70,Abscess,6193
Dailekh,2069/70,"Eczema/
Dermatatis",4226
Dailekh,2069/70,"Fungal
Infection",4773
Dailekh,2069/70,Scabies,9742
Dailekh,2069/70,Leukoderma,87
Dailekh,2069/70,Psoriasis,31
Dailekh,2069/70,Lymphadenitis,266
Jajarkot,2069/70,"Impegtigo/
Boils/
Furunculosis",2580
Jajarkot,2069/70,Abscess,2932
Jajarkot,2069/70,"Eczema/
Dermatatis",3543
Jajarkot,2069/70,"Fungal
Infection",3212
Jajarkot,2069/70,Scabies,4359
Jajarkot,2069/70,Leukoderma,170
Jajarkot,2069/70,Psoriasis,50
Jajarkot,2069/70,Lymphadenitis,214
Dolpa,2069/70,"Impegtigo/
Boils/
Furunculosis",460
Dolpa,2069/70,Abscess,292
Dolpa,2069/70,"Eczema/
Dermatatis",365
Dolpa,2069/70,"Fungal
Infection",699
Dolpa,2069/70,Scabies,863
Dolpa,2069/70,Leukoderma,2
Dolpa,2069/70,Psoriasis,0
Dolpa,2069/70,Lymphadenitis,5
Jumla,2069/70,"Impegtigo/
Boils/
Furunculosis",1383
Jumla,2069/70,Abscess,1440
Jumla,2069/70,"Eczema/
Dermatatis",1444
Jumla,2069/70,"Fungal
Infection",871
Jumla,2069/70,Scabies,2533
Jumla,2069/70,Leukoderma,38
Jumla,2069/70,Psoriasis,6
Jumla,2069/70,Lymphadenitis,13
Kalikot,2069/70,"Impegtigo/
Boils/
Furunculosis",2697
Kalikot,2069/70,Abscess,1840
Kalikot,2069/70,"Eczema/
Dermatatis",1674
Kalikot,2069/70,"Fungal
Infection",1402
Kalikot,2069/70,Scabies,5332
Kalikot,2069/70,Leukoderma,173
Kalikot,2069/70,Psoriasis,172
Kalikot,2069/70,Lymphadenitis,154
Mugu,2069/70,"Impegtigo/
Boils/
Furunculosis",822
Mugu,2069/70,Abscess,1016
Mugu,2069/70,"Eczema/
Dermatatis",1464
Mugu,2069/70,"Fungal
Infection",921
Mugu,2069/70,Scabies,1529
Mugu,2069/70,Leukoderma,103
Mugu,2069/70,Psoriasis,10
Mugu,2069/70,Lymphadenitis,32
Humla,2069/70,"Impegtigo/
Boils/
Furunculosis",1712
Humla,2069/70,Abscess,1734
Humla,2069/70,"Eczema/
Dermatatis",1088
Humla,2069/70,"Fungal
Infection",1762
Humla,2069/70,Scabies,1688
Humla,2069/70,Leukoderma,132
Humla,2069/70,Psoriasis,26
Humla,2069/70,Lymphadenitis,164
Bajura,2069/70,"Impegtigo/
Boils/
Furunculosis",3248
Bajura,2069/70,Abscess,2618
Bajura,2069/70,"Eczema/
Dermatatis",2458
Bajura,2069/70,"Fungal
Infection",2583
Bajura,2069/70,Scabies,4134
Bajura,2069/70,Leukoderma,23
Bajura,2069/70,Psoriasis,3
Bajura,2069/70,Lymphadenitis,82
Bajhang,2069/70,"Impegtigo/
Boils/
Furunculosis",3650
Bajhang,2069/70,Abscess,2494
Bajhang,2069/70,"Eczema/
Dermatatis",2623
Bajhang,2069/70,"Fungal
Infection",2718
Bajhang,2069/70,Scabies,2718
Bajhang,2069/70,Leukoderma,94
Bajhang,2069/70,Psoriasis,78
Bajhang,2069/70,Lymphadenitis,334
Achham,2069/70,"Impegtigo/
Boils/
Furunculosis",6245
Achham,2069/70,Abscess,5741
Achham,2069/70,"Eczema/
Dermatatis",4446
Achham,2069/70,"Fungal
Infection",5555
Achham,2069/70,Scabies,9751
Achham,2069/70,Leukoderma,252
Achham,2069/70,Psoriasis,118
Achham,2069/70,Lymphadenitis,256
Doti,2069/70,"Impegtigo/
Boils/
Furunculosis",6102
Doti,2069/70,Abscess,2851
Doti,2069/70,"Eczema/
Dermatatis",2903
Doti,2069/70,"Fungal
Infection",5020
Doti,2069/70,Scabies,4911
Doti,2069/70,Leukoderma,37
Doti,2069/70,Psoriasis,27
Doti,2069/70,Lymphadenitis,120
Kailali,2069/70,"Impegtigo/
Boils/
Furunculosis",20044
Kailali,2069/70,Abscess,7095
Kailali,2069/70,"Eczema/
Dermatatis",12779
Kailali,2069/70,"Fungal
Infection",11993
Kailali,2069/70,Scabies,11584
Kailali,2069/70,Leukoderma,396
Kailali,2069/70,Psoriasis,40
Kailali,2069/70,Lymphadenitis,272
Kanchanpur,2069/70,"Impegtigo/
Boils/
Furunculosis",12274
Kanchanpur,2069/70,Abscess,5013
Kanchanpur,2069/70,"Eczema/
Dermatatis",11355
Kanchanpur,2069/70,"Fungal
Infection",8166
Kanchanpur,2069/70,Scabies,5668
Kanchanpur,2069/70,Leukoderma,43
Kanchanpur,2069/70,Psoriasis,33
Kanchanpur,2069/70,Lymphadenitis,417
Dadeldhura,2069/70,"Impegtigo/
Boils/
Furunculosis",5142
Dadeldhura,2069/70,Abscess,3158
Dadeldhura,2069/70,"Eczema/
Dermatatis",3411
Dadeldhura,2069/70,"Fungal
Infection",3511
Dadeldhura,2069/70,Scabies,3754
Dadeldhura,2069/70,Leukoderma,210
Dadeldhura,2069/70,Psoriasis,218
Dadeldhura,2069/70,Lymphadenitis,315
Baitadi,2069/70,"Impegtigo/
Boils/
Furunculosis",4594
Baitadi,2069/70,Abscess,3337
Baitadi,2069/70,"Eczema/
Dermatatis",4054
Baitadi,2069/70,"Fungal
Infection",3358
Baitadi,2069/70,Scabies,2797
Baitadi,2069/70,Leukoderma,109
Baitadi,2069/70,Psoriasis,24
Baitadi,2069/70,Lymphadenitis,498
Darchula,2069/70,"Impegtigo/
Boils/
Furunculosis",1820
Darchula,2069/70,Abscess,1720
Darchula,2069/70,"Eczema/
Dermatatis",2763
Darchula,2069/70,"Fungal
Infection",3172
Darchula,2069/70,Scabies,2838
Darchula,2069/70,Leukoderma,89
Darchula,2069/70,Psoriasis,33
Darchula,2069/70,Lymphadenitis,83
