District,zone,belt,region,Year BS,Year AD,Visit,Age group,Number of women
Bhojpur,Kosi,Hill,Eastern,2066/67,2009/10,First Visit,< 20 Year,669
Bhojpur,Kosi,Hill,Eastern,2066/67,2009/10,First Visit,> or equal 20 Years,2882
Bhojpur,Kosi,Hill,Eastern,2066/67,2009/10,Fourth Visit,Four Time Visits,1584
Dhankuta,Kosi,Hill,Eastern,2066/67,2009/10,First Visit,< 20 Year,538
Dhankuta,Kosi,Hill,Eastern,2066/67,2009/10,First Visit,> or equal 20 Years,2919
Dhankuta,Kosi,Hill,Eastern,2066/67,2009/10,Fourth Visit,Four Time Visits,1962
Ilam,Mechi,Hill,Eastern,2066/67,2009/10,First Visit,< 20 Year,1189
Ilam,Mechi,Hill,Eastern,2066/67,2009/10,First Visit,> or equal 20 Years,4193
Ilam,Mechi,Hill,Eastern,2066/67,2009/10,Fourth Visit,Four Time Visits,3340
Jhapa,Mechi,Terai,Eastern,2066/67,2009/10,First Visit,< 20 Year,6286
Jhapa,Mechi,Terai,Eastern,2066/67,2009/10,First Visit,> or equal 20 Years,22905
Jhapa,Mechi,Terai,Eastern,2066/67,2009/10,Fourth Visit,Four Time Visits,12070
Khotang,Sagarmatha,Hill,Eastern,2066/67,2009/10,First Visit,< 20 Year,1474
Khotang,Sagarmatha,Hill,Eastern,2066/67,2009/10,First Visit,> or equal 20 Years,5187
Khotang,Sagarmatha,Hill,Eastern,2066/67,2009/10,Fourth Visit,Four Time Visits,3401
Morang,Kosi,Terai,Eastern,2066/67,2009/10,First Visit,< 20 Year,4630
Morang,Kosi,Terai,Eastern,2066/67,2009/10,First Visit,> or equal 20 Years,17266
Morang,Kosi,Terai,Eastern,2066/67,2009/10,Fourth Visit,Four Time Visits,12026
Okhaldhunga,Sagarmatha,Hill,Eastern,2066/67,2009/10,First Visit,< 20 Year,800
Okhaldhunga,Sagarmatha,Hill,Eastern,2066/67,2009/10,First Visit,> or equal 20 Years,3172
Okhaldhunga,Sagarmatha,Hill,Eastern,2066/67,2009/10,Fourth Visit,Four Time Visits,1953
Panchthar,Mechi,Hill,Eastern,2066/67,2009/10,First Visit,< 20 Year,549
Panchthar,Mechi,Hill,Eastern,2066/67,2009/10,First Visit,> or equal 20 Years,3422
Panchthar,Mechi,Hill,Eastern,2066/67,2009/10,Fourth Visit,Four Time Visits,2437
Sankhuwasabha,Kosi,Mountain,Eastern,2066/67,2009/10,First Visit,< 20 Year,772
Sankhuwasabha,Kosi,Mountain,Eastern,2066/67,2009/10,First Visit,> or equal 20 Years,2963
Sankhuwasabha,Kosi,Mountain,Eastern,2066/67,2009/10,Fourth Visit,Four Time Visits,1550
Saptari,Sagarmatha,Terai,Eastern,2066/67,2009/10,First Visit,< 20 Year,2086
Saptari,Sagarmatha,Terai,Eastern,2066/67,2009/10,First Visit,> or equal 20 Years,16711
Saptari,Sagarmatha,Terai,Eastern,2066/67,2009/10,Fourth Visit,Four Time Visits,13414
Siraha,Sagarmatha,Terai,Eastern,2066/67,2009/10,First Visit,< 20 Year,3508
Siraha,Sagarmatha,Terai,Eastern,2066/67,2009/10,First Visit,> or equal 20 Years,15244
Siraha,Sagarmatha,Terai,Eastern,2066/67,2009/10,Fourth Visit,Four Time Visits,13288
Solukhumbu,Sagarmatha,Mountain,Eastern,2066/67,2009/10,First Visit,< 20 Year,510
Solukhumbu,Sagarmatha,Mountain,Eastern,2066/67,2009/10,First Visit,> or equal 20 Years,2627
Solukhumbu,Sagarmatha,Mountain,Eastern,2066/67,2009/10,Fourth Visit,Four Time Visits,2053
Sunsari,Kosi,Terai,Eastern,2066/67,2009/10,First Visit,< 20 Year,3559
Sunsari,Kosi,Terai,Eastern,2066/67,2009/10,First Visit,> or equal 20 Years,14035
Sunsari,Kosi,Terai,Eastern,2066/67,2009/10,Fourth Visit,Four Time Visits,10028
Taplejung,Mechi,Mountain,Eastern,2066/67,2009/10,First Visit,< 20 Year,644
Taplejung,Mechi,Mountain,Eastern,2066/67,2009/10,First Visit,> or equal 20 Years,2542
Taplejung,Mechi,Mountain,Eastern,2066/67,2009/10,Fourth Visit,Four Time Visits,1814
Terhathum,Kosi,Hill,Eastern,2066/67,2009/10,First Visit,< 20 Year,331
Terhathum,Kosi,Hill,Eastern,2066/67,2009/10,First Visit,> or equal 20 Years,1816
Terhathum,Kosi,Hill,Eastern,2066/67,2009/10,Fourth Visit,Four Time Visits,1203
Udayapur,Sagarmatha,Hill,Eastern,2066/67,2009/10,First Visit,< 20 Year,1360
Udayapur,Sagarmatha,Hill,Eastern,2066/67,2009/10,First Visit,> or equal 20 Years,5453
Udayapur,Sagarmatha,Hill,Eastern,2066/67,2009/10,Fourth Visit,Four Time Visits,3833
Bara,Narayani,Terai,Central,2066/67,2009/10,First Visit,< 20 Year,3951
Bara,Narayani,Terai,Central,2066/67,2009/10,First Visit,> or equal 20 Years,13911
Bara,Narayani,Terai,Central,2066/67,2009/10,Fourth Visit,Four Time Visits,9774
Bhaktapur,Bagmati,Hill,Central,2066/67,2009/10,First Visit,< 20 Year,493
Bhaktapur,Bagmati,Hill,Central,2066/67,2009/10,First Visit,> or equal 20 Years,2597
Bhaktapur,Bagmati,Hill,Central,2066/67,2009/10,Fourth Visit,Four Time Visits,1563
Chitawan,Narayani,Terai,Central,2066/67,2009/10,First Visit,< 20 Year,3603
Chitawan,Narayani,Terai,Central,2066/67,2009/10,First Visit,> or equal 20 Years,10524
Chitawan,Narayani,Terai,Central,2066/67,2009/10,Fourth Visit,Four Time Visits,6352
Dhading,Bagmati,Hill,Central,2066/67,2009/10,First Visit,< 20 Year,2025
Dhading,Bagmati,Hill,Central,2066/67,2009/10,First Visit,> or equal 20 Years,6631
Dhading,Bagmati,Hill,Central,2066/67,2009/10,Fourth Visit,Four Time Visits,4846
Dhanusa,Janakpur,Terai,Central,2066/67,2009/10,First Visit,< 20 Year,4501
Dhanusa,Janakpur,Terai,Central,2066/67,2009/10,First Visit,> or equal 20 Years,14215
Dhanusa,Janakpur,Terai,Central,2066/67,2009/10,Fourth Visit,Four Time Visits,10686
Dolakha,Janakpur,Mountain,Central,2066/67,2009/10,First Visit,< 20 Year,829
Dolakha,Janakpur,Mountain,Central,2066/67,2009/10,First Visit,> or equal 20 Years,3540
Dolakha,Janakpur,Mountain,Central,2066/67,2009/10,Fourth Visit,Four Time Visits,2229
Kathmandu,Bagmati,Hill,Central,2066/67,2009/10,First Visit,< 20 Year,6917
Kathmandu,Bagmati,Hill,Central,2066/67,2009/10,First Visit,> or equal 20 Years,29145
Kathmandu,Bagmati,Hill,Central,2066/67,2009/10,Fourth Visit,Four Time Visits,41390
Kavre,Bagmati,Hill,Central,2066/67,2009/10,First Visit,< 20 Year,2200
Kavre,Bagmati,Hill,Central,2066/67,2009/10,First Visit,> or equal 20 Years,7681
Kavre,Bagmati,Hill,Central,2066/67,2009/10,Fourth Visit,Four Time Visits,5060
Lalitpur,Bagmati,Hill,Central,2066/67,2009/10,First Visit,< 20 Year,11624
Lalitpur,Bagmati,Hill,Central,2066/67,2009/10,First Visit,> or equal 20 Years,9880
Lalitpur,Bagmati,Hill,Central,2066/67,2009/10,Fourth Visit,Four Time Visits,0
Mahottari,Janakpur,Terai,Central,2066/67,2009/10,First Visit,< 20 Year,3131
Mahottari,Janakpur,Terai,Central,2066/67,2009/10,First Visit,> or equal 20 Years,16360
Mahottari,Janakpur,Terai,Central,2066/67,2009/10,Fourth Visit,Four Time Visits,14638
Makwanpur,Narayani,Hill,Central,2066/67,2009/10,First Visit,< 20 Year,1887
Makwanpur,Narayani,Hill,Central,2066/67,2009/10,First Visit,> or equal 20 Years,5968
Makwanpur,Narayani,Hill,Central,2066/67,2009/10,Fourth Visit,Four Time Visits,3598
Nuwakot,Bagmati,Hill,Central,2066/67,2009/10,First Visit,< 20 Year,1291
Nuwakot,Bagmati,Hill,Central,2066/67,2009/10,First Visit,> or equal 20 Years,3808
Nuwakot,Bagmati,Hill,Central,2066/67,2009/10,Fourth Visit,Four Time Visits,2578
Parsa,Narayani,Terai,Central,2066/67,2009/10,First Visit,< 20 Year,0
Parsa,Narayani,Terai,Central,2066/67,2009/10,First Visit,> or equal 20 Years,1572
Parsa,Narayani,Terai,Central,2066/67,2009/10,Fourth Visit,Four Time Visits,7266
Ramechhap,Janakpur,Hill,Central,2066/67,2009/10,First Visit,< 20 Year,715
Ramechhap,Janakpur,Hill,Central,2066/67,2009/10,First Visit,> or equal 20 Years,3154
Ramechhap,Janakpur,Hill,Central,2066/67,2009/10,Fourth Visit,Four Time Visits,2149
Rasuwa,Bagmati,Mountain,Central,2066/67,2009/10,First Visit,< 20 Year,215
Rasuwa,Bagmati,Mountain,Central,2066/67,2009/10,First Visit,> or equal 20 Years,936
Rasuwa,Bagmati,Mountain,Central,2066/67,2009/10,Fourth Visit,Four Time Visits,608
Rautahat,Narayani,Terai,Central,2066/67,2009/10,First Visit,< 20 Year,3251
Rautahat,Narayani,Terai,Central,2066/67,2009/10,First Visit,> or equal 20 Years,15127
Rautahat,Narayani,Terai,Central,2066/67,2009/10,Fourth Visit,Four Time Visits,10363
Sarlahi,Janakpur,Terai,Central,2066/67,2009/10,First Visit,< 20 Year,4681
Sarlahi,Janakpur,Terai,Central,2066/67,2009/10,First Visit,> or equal 20 Years,15564
Sarlahi,Janakpur,Terai,Central,2066/67,2009/10,Fourth Visit,Four Time Visits,8623
Sindhuli,Janakpur,Hill,Central,2066/67,2009/10,First Visit,< 20 Year,1273
Sindhuli,Janakpur,Hill,Central,2066/67,2009/10,First Visit,> or equal 20 Years,4714
Sindhuli,Janakpur,Hill,Central,2066/67,2009/10,Fourth Visit,Four Time Visits,2349
Sindhupalchok,Bagmati,Mountain,Central,2066/67,2009/10,First Visit,< 20 Year,1039
Sindhupalchok,Bagmati,Mountain,Central,2066/67,2009/10,First Visit,> or equal 20 Years,4004
Sindhupalchok,Bagmati,Mountain,Central,2066/67,2009/10,Fourth Visit,Four Time Visits,2425
Arghakhanchi,Lumbini,Hill,Western,2066/67,2009/10,First Visit,< 20 Year,806
Arghakhanchi,Lumbini,Hill,Western,2066/67,2009/10,First Visit,> or equal 20 Years,2917
Arghakhanchi,Lumbini,Hill,Western,2066/67,2009/10,Fourth Visit,Four Time Visits,2238
Baglung,Dhawalagiri,Hill,Western,2066/67,2009/10,First Visit,< 20 Year,1576
Baglung,Dhawalagiri,Hill,Western,2066/67,2009/10,First Visit,> or equal 20 Years,5531
Baglung,Dhawalagiri,Hill,Western,2066/67,2009/10,Fourth Visit,Four Time Visits,3626
Gorkha,Gandaki,Hill,Western,2066/67,2009/10,First Visit,< 20 Year,1155
Gorkha,Gandaki,Hill,Western,2066/67,2009/10,First Visit,> or equal 20 Years,3936
Gorkha,Gandaki,Hill,Western,2066/67,2009/10,Fourth Visit,Four Time Visits,2328
Gulmi,Lumbini,Hill,Western,2066/67,2009/10,First Visit,< 20 Year,1147
Gulmi,Lumbini,Hill,Western,2066/67,2009/10,First Visit,> or equal 20 Years,5340
Gulmi,Lumbini,Hill,Western,2066/67,2009/10,Fourth Visit,Four Time Visits,4884
Kapilbastu,Lumbini,Terai,Western,2066/67,2009/10,First Visit,< 20 Year,967
Kapilbastu,Lumbini,Terai,Western,2066/67,2009/10,First Visit,> or equal 20 Years,13877
Kapilbastu,Lumbini,Terai,Western,2066/67,2009/10,Fourth Visit,Four Time Visits,10634
Kaski,Gandaki,Hill,Western,2066/67,2009/10,First Visit,< 20 Year,2584
Kaski,Gandaki,Hill,Western,2066/67,2009/10,First Visit,> or equal 20 Years,8792
Kaski,Gandaki,Hill,Western,2066/67,2009/10,Fourth Visit,Four Time Visits,8407
Lamjung,Gandaki,Hill,Western,2066/67,2009/10,First Visit,< 20 Year,1194
Lamjung,Gandaki,Hill,Western,2066/67,2009/10,First Visit,> or equal 20 Years,3488
Lamjung,Gandaki,Hill,Western,2066/67,2009/10,Fourth Visit,Four Time Visits,2804
Manang,Gandaki,Mountain,Western,2066/67,2009/10,First Visit,< 20 Year,18
Manang,Gandaki,Mountain,Western,2066/67,2009/10,First Visit,> or equal 20 Years,67
Manang,Gandaki,Mountain,Western,2066/67,2009/10,Fourth Visit,Four Time Visits,23
Mustang,Dhawalagiri,Mountain,Western,2066/67,2009/10,First Visit,< 20 Year,34
Mustang,Dhawalagiri,Mountain,Western,2066/67,2009/10,First Visit,> or equal 20 Years,181
Mustang,Dhawalagiri,Mountain,Western,2066/67,2009/10,Fourth Visit,Four Time Visits,97
Myagdi,Dhawalagiri,Hill,Western,2066/67,2009/10,First Visit,< 20 Year,914
Myagdi,Dhawalagiri,Hill,Western,2066/67,2009/10,First Visit,> or equal 20 Years,2503
Myagdi,Dhawalagiri,Hill,Western,2066/67,2009/10,Fourth Visit,Four Time Visits,2186
Nawalparasi,Lumbini,Terai,Western,2066/67,2009/10,First Visit,< 20 Year,2786
Nawalparasi,Lumbini,Terai,Western,2066/67,2009/10,First Visit,> or equal 20 Years,11749
Nawalparasi,Lumbini,Terai,Western,2066/67,2009/10,Fourth Visit,Four Time Visits,8401
Palpa,Lumbini,Hill,Western,2066/67,2009/10,First Visit,< 20 Year,2185
Palpa,Lumbini,Hill,Western,2066/67,2009/10,First Visit,> or equal 20 Years,7430
Palpa,Lumbini,Hill,Western,2066/67,2009/10,Fourth Visit,Four Time Visits,3895
Parbat,Dhawalagiri,Hill,Western,2066/67,2009/10,First Visit,< 20 Year,703
Parbat,Dhawalagiri,Hill,Western,2066/67,2009/10,First Visit,> or equal 20 Years,2409
Parbat,Dhawalagiri,Hill,Western,2066/67,2009/10,Fourth Visit,Four Time Visits,2263
Rupandehi,Lumbini,Terai,Western,2066/67,2009/10,First Visit,< 20 Year,0
Rupandehi,Lumbini,Terai,Western,2066/67,2009/10,First Visit,> or equal 20 Years,24578
Rupandehi,Lumbini,Terai,Western,2066/67,2009/10,Fourth Visit,Four Time Visits,14822
Syangja,Gandaki,Hill,Western,2066/67,2009/10,First Visit,< 20 Year,1169
Syangja,Gandaki,Hill,Western,2066/67,2009/10,First Visit,> or equal 20 Years,5109
Syangja,Gandaki,Hill,Western,2066/67,2009/10,Fourth Visit,Four Time Visits,4222
Tanahu,Gandaki,Hill,Western,2066/67,2009/10,First Visit,< 20 Year,1917
Tanahu,Gandaki,Hill,Western,2066/67,2009/10,First Visit,> or equal 20 Years,4526
Tanahu,Gandaki,Hill,Western,2066/67,2009/10,Fourth Visit,Four Time Visits,3329
Banke,Bheri,Terai,Mid-Western,2066/67,2009/10,First Visit,< 20 Year,2399
Banke,Bheri,Terai,Mid-Western,2066/67,2009/10,First Visit,> or equal 20 Years,10698
Banke,Bheri,Terai,Mid-Western,2066/67,2009/10,Fourth Visit,Four Time Visits,5724
Bardiya,Bheri,Terai,Mid-Western,2066/67,2009/10,First Visit,< 20 Year,3090
Bardiya,Bheri,Terai,Mid-Western,2066/67,2009/10,First Visit,> or equal 20 Years,7769
Bardiya,Bheri,Terai,Mid-Western,2066/67,2009/10,Fourth Visit,Four Time Visits,6795
Dailekh,Bheri,Hill,Mid-Western,2066/67,2009/10,First Visit,< 20 Year,1551
Dailekh,Bheri,Hill,Mid-Western,2066/67,2009/10,First Visit,> or equal 20 Years,5781
Dailekh,Bheri,Hill,Mid-Western,2066/67,2009/10,Fourth Visit,Four Time Visits,4315
Dang,Rapti,Terai,Mid-Western,2066/67,2009/10,First Visit,< 20 Year,4098
Dang,Rapti,Terai,Mid-Western,2066/67,2009/10,First Visit,> or equal 20 Years,8639
Dang,Rapti,Terai,Mid-Western,2066/67,2009/10,Fourth Visit,Four Time Visits,6108
Dolpa,Karnali,Mountain,Mid-Western,2066/67,2009/10,First Visit,< 20 Year,178
Dolpa,Karnali,Mountain,Mid-Western,2066/67,2009/10,First Visit,> or equal 20 Years,655
Dolpa,Karnali,Mountain,Mid-Western,2066/67,2009/10,Fourth Visit,Four Time Visits,334
Humla,Karnali,Mountain,Mid-Western,2066/67,2009/10,First Visit,< 20 Year,661
Humla,Karnali,Mountain,Mid-Western,2066/67,2009/10,First Visit,> or equal 20 Years,2321
Humla,Karnali,Mountain,Mid-Western,2066/67,2009/10,Fourth Visit,Four Time Visits,1425
Jajarkot,Bheri,Hill,Mid-Western,2066/67,2009/10,First Visit,< 20 Year,1480
Jajarkot,Bheri,Hill,Mid-Western,2066/67,2009/10,First Visit,> or equal 20 Years,3523
Jajarkot,Bheri,Hill,Mid-Western,2066/67,2009/10,Fourth Visit,Four Time Visits,2253
Jumla,Karnali,Mountain,Mid-Western,2066/67,2009/10,First Visit,< 20 Year,1523
Jumla,Karnali,Mountain,Mid-Western,2066/67,2009/10,First Visit,> or equal 20 Years,3455
Jumla,Karnali,Mountain,Mid-Western,2066/67,2009/10,Fourth Visit,Four Time Visits,1509
Kalikot,Karnali,Mountain,Mid-Western,2066/67,2009/10,First Visit,< 20 Year,1093
Kalikot,Karnali,Mountain,Mid-Western,2066/67,2009/10,First Visit,> or equal 20 Years,3332
Kalikot,Karnali,Mountain,Mid-Western,2066/67,2009/10,Fourth Visit,Four Time Visits,923
Mugu,Karnali,Mountain,Mid-Western,2066/67,2009/10,First Visit,< 20 Year,608
Mugu,Karnali,Mountain,Mid-Western,2066/67,2009/10,First Visit,> or equal 20 Years,1350
Mugu,Karnali,Mountain,Mid-Western,2066/67,2009/10,Fourth Visit,Four Time Visits,554
Pyuthan,Rapti,Hill,Mid-Western,2066/67,2009/10,First Visit,< 20 Year,1513
Pyuthan,Rapti,Hill,Mid-Western,2066/67,2009/10,First Visit,> or equal 20 Years,5177
Pyuthan,Rapti,Hill,Mid-Western,2066/67,2009/10,Fourth Visit,Four Time Visits,3595
Rolpa,Rapti,Hill,Mid-Western,2066/67,2009/10,First Visit,< 20 Year,1356
Rolpa,Rapti,Hill,Mid-Western,2066/67,2009/10,First Visit,> or equal 20 Years,4318
Rolpa,Rapti,Hill,Mid-Western,2066/67,2009/10,Fourth Visit,Four Time Visits,2535
Rukum,Rapti,Hill,Mid-Western,2066/67,2009/10,First Visit,< 20 Year,2226
Rukum,Rapti,Hill,Mid-Western,2066/67,2009/10,First Visit,> or equal 20 Years,3994
Rukum,Rapti,Hill,Mid-Western,2066/67,2009/10,Fourth Visit,Four Time Visits,2375
Salyan,Rapti,Hill,Mid-Western,2066/67,2009/10,First Visit,< 20 Year,1696
Salyan,Rapti,Hill,Mid-Western,2066/67,2009/10,First Visit,> or equal 20 Years,4176
Salyan,Rapti,Hill,Mid-Western,2066/67,2009/10,Fourth Visit,Four Time Visits,2224
Surkhet,Bheri,Hill,Mid-Western,2066/67,2009/10,First Visit,< 20 Year,3658
Surkhet,Bheri,Hill,Mid-Western,2066/67,2009/10,First Visit,> or equal 20 Years,7484
Surkhet,Bheri,Hill,Mid-Western,2066/67,2009/10,Fourth Visit,Four Time Visits,6732
Achham,Seti,Hill,Far-Western,2066/67,2009/10,First Visit,< 20 Year,1671
Achham,Seti,Hill,Far-Western,2066/67,2009/10,First Visit,> or equal 20 Years,7248
Achham,Seti,Hill,Far-Western,2066/67,2009/10,Fourth Visit,Four Time Visits,5399
Baitadi,Mahakali,Hill,Far-Western,2066/67,2009/10,First Visit,< 20 Year,1389
Baitadi,Mahakali,Hill,Far-Western,2066/67,2009/10,First Visit,> or equal 20 Years,5530
Baitadi,Mahakali,Hill,Far-Western,2066/67,2009/10,Fourth Visit,Four Time Visits,2626
Bajhang,Seti,Mountain,Far-Western,2066/67,2009/10,First Visit,< 20 Year,1196
Bajhang,Seti,Mountain,Far-Western,2066/67,2009/10,First Visit,> or equal 20 Years,4555
Bajhang,Seti,Mountain,Far-Western,2066/67,2009/10,Fourth Visit,Four Time Visits,2010
Bajura,Seti,Mountain,Far-Western,2066/67,2009/10,First Visit,< 20 Year,629
Bajura,Seti,Mountain,Far-Western,2066/67,2009/10,First Visit,> or equal 20 Years,3202
Bajura,Seti,Mountain,Far-Western,2066/67,2009/10,Fourth Visit,Four Time Visits,1030
Dadeldhura,Mahakali,Hill,Far-Western,2066/67,2009/10,First Visit,< 20 Year,1107
Dadeldhura,Mahakali,Hill,Far-Western,2066/67,2009/10,First Visit,> or equal 20 Years,4626
Dadeldhura,Mahakali,Hill,Far-Western,2066/67,2009/10,Fourth Visit,Four Time Visits,4053
Darchaula,Mahakali,Mountain,Far-Western,2066/67,2009/10,First Visit,< 20 Year,725
Darchaula,Mahakali,Mountain,Far-Western,2066/67,2009/10,First Visit,> or equal 20 Years,2651
Darchaula,Mahakali,Mountain,Far-Western,2066/67,2009/10,Fourth Visit,Four Time Visits,2287
Doti,Seti,Hill,Far-Western,2066/67,2009/10,First Visit,< 20 Year,1438
Doti,Seti,Hill,Far-Western,2066/67,2009/10,First Visit,> or equal 20 Years,5608
Doti,Seti,Hill,Far-Western,2066/67,2009/10,Fourth Visit,Four Time Visits,2879
Kailali,Seti,Terai,Far-Western,2066/67,2009/10,First Visit,< 20 Year,2609
Kailali,Seti,Terai,Far-Western,2066/67,2009/10,First Visit,> or equal 20 Years,11360
Kailali,Seti,Terai,Far-Western,2066/67,2009/10,Fourth Visit,Four Time Visits,7128
Kanchanpur,Mahakali,Terai,Far-Western,2066/67,2009/10,First Visit,< 20 Year,1943
Kanchanpur,Mahakali,Terai,Far-Western,2066/67,2009/10,First Visit,> or equal 20 Years,7929
Kanchanpur,Mahakali,Terai,Far-Western,2066/67,2009/10,Fourth Visit,Four Time Visits,4694
Taplejung,Mechi,Mountain,Eastern,2067/68,2010/11,First Visit,< 20 Year,593
Taplejung,Mechi,Mountain,Eastern,2067/68,2010/11,First Visit,> or equal 20 Years,2377
Taplejung,Mechi,Mountain,Eastern,2067/68,2010/11,Fourth Visit,Four Time Visits,1571
Panchthar,Mechi,Hill,Eastern,2067/68,2010/11,First Visit,< 20 Year,618
Panchthar,Mechi,Hill,Eastern,2067/68,2010/11,First Visit,> or equal 20 Years,3241
Panchthar,Mechi,Hill,Eastern,2067/68,2010/11,Fourth Visit,Four Time Visits,2114
Ilam,Mechi,Hill,Eastern,2067/68,2010/11,First Visit,< 20 Year,1229
Ilam,Mechi,Hill,Eastern,2067/68,2010/11,First Visit,> or equal 20 Years,4137
Ilam,Mechi,Hill,Eastern,2067/68,2010/11,Fourth Visit,Four Time Visits,3405
Jhapa,Mechi,Terai,Eastern,2067/68,2010/11,First Visit,< 20 Year,4709
Jhapa,Mechi,Terai,Eastern,2067/68,2010/11,First Visit,> or equal 20 Years,19418
Jhapa,Mechi,Terai,Eastern,2067/68,2010/11,Fourth Visit,Four Time Visits,15896
Morang,Kosi,Terai,Eastern,2067/68,2010/11,First Visit,< 20 Year,4986
Morang,Kosi,Terai,Eastern,2067/68,2010/11,First Visit,> or equal 20 Years,19059
Morang,Kosi,Terai,Eastern,2067/68,2010/11,Fourth Visit,Four Time Visits,12210
Sunsari,Kosi,Terai,Eastern,2067/68,2010/11,First Visit,< 20 Year,3640
Sunsari,Kosi,Terai,Eastern,2067/68,2010/11,First Visit,> or equal 20 Years,13816
Sunsari,Kosi,Terai,Eastern,2067/68,2010/11,Fourth Visit,Four Time Visits,9693
Dhankuta,Kosi,Hill,Eastern,2067/68,2010/11,First Visit,< 20 Year,560
Dhankuta,Kosi,Hill,Eastern,2067/68,2010/11,First Visit,> or equal 20 Years,2769
Dhankuta,Kosi,Hill,Eastern,2067/68,2010/11,Fourth Visit,Four Time Visits,1895
Terhathum,Kosi,Hill,Eastern,2067/68,2010/11,First Visit,< 20 Year,448
Terhathum,Kosi,Hill,Eastern,2067/68,2010/11,First Visit,> or equal 20 Years,1574
Terhathum,Kosi,Hill,Eastern,2067/68,2010/11,Fourth Visit,Four Time Visits,1008
Sankhuwasabha,Kosi,Mountain,Eastern,2067/68,2010/11,First Visit,< 20 Year,747
Sankhuwasabha,Kosi,Mountain,Eastern,2067/68,2010/11,First Visit,> or equal 20 Years,2514
Sankhuwasabha,Kosi,Mountain,Eastern,2067/68,2010/11,Fourth Visit,Four Time Visits,1498
Bhojpur,Kosi,Hill,Eastern,2067/68,2010/11,First Visit,< 20 Year,610
Bhojpur,Kosi,Hill,Eastern,2067/68,2010/11,First Visit,> or equal 20 Years,2614
Bhojpur,Kosi,Hill,Eastern,2067/68,2010/11,Fourth Visit,Four Time Visits,1430
Solukhumbu,Sagarmatha,Mountain,Eastern,2067/68,2010/11,First Visit,< 20 Year,450
Solukhumbu,Sagarmatha,Mountain,Eastern,2067/68,2010/11,First Visit,> or equal 20 Years,2398
Solukhumbu,Sagarmatha,Mountain,Eastern,2067/68,2010/11,Fourth Visit,Four Time Visits,2332
Okhaldhunga,Sagarmatha,Hill,Eastern,2067/68,2010/11,First Visit,< 20 Year,625
Okhaldhunga,Sagarmatha,Hill,Eastern,2067/68,2010/11,First Visit,> or equal 20 Years,2449
Okhaldhunga,Sagarmatha,Hill,Eastern,2067/68,2010/11,Fourth Visit,Four Time Visits,1477
Khotang,Sagarmatha,Hill,Eastern,2067/68,2010/11,First Visit,< 20 Year,981
Khotang,Sagarmatha,Hill,Eastern,2067/68,2010/11,First Visit,> or equal 20 Years,3699
Khotang,Sagarmatha,Hill,Eastern,2067/68,2010/11,Fourth Visit,Four Time Visits,3269
Udayapur,Sagarmatha,Hill,Eastern,2067/68,2010/11,First Visit,< 20 Year,1249
Udayapur,Sagarmatha,Hill,Eastern,2067/68,2010/11,First Visit,> or equal 20 Years,5123
Udayapur,Sagarmatha,Hill,Eastern,2067/68,2010/11,Fourth Visit,Four Time Visits,3894
Saptari,Sagarmatha,Terai,Eastern,2067/68,2010/11,First Visit,< 20 Year,1991
Saptari,Sagarmatha,Terai,Eastern,2067/68,2010/11,First Visit,> or equal 20 Years,16009
Saptari,Sagarmatha,Terai,Eastern,2067/68,2010/11,Fourth Visit,Four Time Visits,12463
Siraha,Sagarmatha,Terai,Eastern,2067/68,2010/11,First Visit,< 20 Year,3212
Siraha,Sagarmatha,Terai,Eastern,2067/68,2010/11,First Visit,> or equal 20 Years,15523
Siraha,Sagarmatha,Terai,Eastern,2067/68,2010/11,Fourth Visit,Four Time Visits,11753
Dhanusa,Janakpur,Terai,Central,2067/68,2010/11,First Visit,< 20 Year,4969
Dhanusa,Janakpur,Terai,Central,2067/68,2010/11,First Visit,> or equal 20 Years,15194
Dhanusa,Janakpur,Terai,Central,2067/68,2010/11,Fourth Visit,Four Time Visits,9491
Mahottari,Janakpur,Terai,Central,2067/68,2010/11,First Visit,< 20 Year,3140
Mahottari,Janakpur,Terai,Central,2067/68,2010/11,First Visit,> or equal 20 Years,15759
Mahottari,Janakpur,Terai,Central,2067/68,2010/11,Fourth Visit,Four Time Visits,14849
Sarlahi,Janakpur,Terai,Central,2067/68,2010/11,First Visit,< 20 Year,5050
Sarlahi,Janakpur,Terai,Central,2067/68,2010/11,First Visit,> or equal 20 Years,15564
Sarlahi,Janakpur,Terai,Central,2067/68,2010/11,Fourth Visit,Four Time Visits,7816
Sindhuli,Janakpur,Hill,Central,2067/68,2010/11,First Visit,< 20 Year,894
Sindhuli,Janakpur,Hill,Central,2067/68,2010/11,First Visit,> or equal 20 Years,3942
Sindhuli,Janakpur,Hill,Central,2067/68,2010/11,Fourth Visit,Four Time Visits,2147
Ramechhap,Janakpur,Hill,Central,2067/68,2010/11,First Visit,< 20 Year,707
Ramechhap,Janakpur,Hill,Central,2067/68,2010/11,First Visit,> or equal 20 Years,2991
Ramechhap,Janakpur,Hill,Central,2067/68,2010/11,Fourth Visit,Four Time Visits,2524
Dolakha,Janakpur,Mountain,Central,2067/68,2010/11,First Visit,< 20 Year,884
Dolakha,Janakpur,Mountain,Central,2067/68,2010/11,First Visit,> or equal 20 Years,3937
Dolakha,Janakpur,Mountain,Central,2067/68,2010/11,Fourth Visit,Four Time Visits,2557
Sindhupalchok,Bagmati,Mountain,Central,2067/68,2010/11,First Visit,< 20 Year,964
Sindhupalchok,Bagmati,Mountain,Central,2067/68,2010/11,First Visit,> or equal 20 Years,4128
Sindhupalchok,Bagmati,Mountain,Central,2067/68,2010/11,Fourth Visit,Four Time Visits,2326
Kavre,Bagmati,Hill,Central,2067/68,2010/11,First Visit,< 20 Year,1710
Kavre,Bagmati,Hill,Central,2067/68,2010/11,First Visit,> or equal 20 Years,8349
Kavre,Bagmati,Hill,Central,2067/68,2010/11,Fourth Visit,Four Time Visits,5241
Lalitpur,Bagmati,Hill,Central,2067/68,2010/11,First Visit,< 20 Year,1099
Lalitpur,Bagmati,Hill,Central,2067/68,2010/11,First Visit,> or equal 20 Years,12753
Lalitpur,Bagmati,Hill,Central,2067/68,2010/11,Fourth Visit,Four Time Visits,9747
Bhaktapur,Bagmati,Hill,Central,2067/68,2010/11,First Visit,< 20 Year,810
Bhaktapur,Bagmati,Hill,Central,2067/68,2010/11,First Visit,> or equal 20 Years,2955
Bhaktapur,Bagmati,Hill,Central,2067/68,2010/11,Fourth Visit,Four Time Visits,1781
Kathmandu,Bagmati,Hill,Central,2067/68,2010/11,First Visit,< 20 Year,5684
Kathmandu,Bagmati,Hill,Central,2067/68,2010/11,First Visit,> or equal 20 Years,26434
Kathmandu,Bagmati,Hill,Central,2067/68,2010/11,Fourth Visit,Four Time Visits,23550
Nuwakot,Bagmati,Hill,Central,2067/68,2010/11,First Visit,< 20 Year,1271
Nuwakot,Bagmati,Hill,Central,2067/68,2010/11,First Visit,> or equal 20 Years,3788
Nuwakot,Bagmati,Hill,Central,2067/68,2010/11,Fourth Visit,Four Time Visits,2166
Rasuwa,Bagmati,Mountain,Central,2067/68,2010/11,First Visit,< 20 Year,175
Rasuwa,Bagmati,Mountain,Central,2067/68,2010/11,First Visit,> or equal 20 Years,671
Rasuwa,Bagmati,Mountain,Central,2067/68,2010/11,Fourth Visit,Four Time Visits,557
Dhading,Bagmati,Hill,Central,2067/68,2010/11,First Visit,< 20 Year,2123
Dhading,Bagmati,Hill,Central,2067/68,2010/11,First Visit,> or equal 20 Years,6169
Dhading,Bagmati,Hill,Central,2067/68,2010/11,Fourth Visit,Four Time Visits,4885
Makwanpur,Narayani,Hill,Central,2067/68,2010/11,First Visit,< 20 Year,1842
Makwanpur,Narayani,Hill,Central,2067/68,2010/11,First Visit,> or equal 20 Years,5907
Makwanpur,Narayani,Hill,Central,2067/68,2010/11,Fourth Visit,Four Time Visits,3991
Rautahat,Narayani,Terai,Central,2067/68,2010/11,First Visit,< 20 Year,3329
Rautahat,Narayani,Terai,Central,2067/68,2010/11,First Visit,> or equal 20 Years,15625
Rautahat,Narayani,Terai,Central,2067/68,2010/11,Fourth Visit,Four Time Visits,11060
Bara,Narayani,Terai,Central,2067/68,2010/11,First Visit,< 20 Year,3598
Bara,Narayani,Terai,Central,2067/68,2010/11,First Visit,> or equal 20 Years,13199
Bara,Narayani,Terai,Central,2067/68,2010/11,Fourth Visit,Four Time Visits,9155
Parsa,Narayani,Terai,Central,2067/68,2010/11,First Visit,< 20 Year,0
Parsa,Narayani,Terai,Central,2067/68,2010/11,First Visit,> or equal 20 Years,12899
Parsa,Narayani,Terai,Central,2067/68,2010/11,Fourth Visit,Four Time Visits,7626
Chitawan,Narayani,Terai,Central,2067/68,2010/11,First Visit,< 20 Year,4235
Chitawan,Narayani,Terai,Central,2067/68,2010/11,First Visit,> or equal 20 Years,12355
Chitawan,Narayani,Terai,Central,2067/68,2010/11,Fourth Visit,Four Time Visits,8581
Gorkha,Gandaki,Hill,Western,2067/68,2010/11,First Visit,< 20 Year,1124
Gorkha,Gandaki,Hill,Western,2067/68,2010/11,First Visit,> or equal 20 Years,4470
Gorkha,Gandaki,Hill,Western,2067/68,2010/11,Fourth Visit,Four Time Visits,2566
Lamjung,Gandaki,Hill,Western,2067/68,2010/11,First Visit,< 20 Year,1082
Lamjung,Gandaki,Hill,Western,2067/68,2010/11,First Visit,> or equal 20 Years,3698
Lamjung,Gandaki,Hill,Western,2067/68,2010/11,Fourth Visit,Four Time Visits,3002
Tanahu,Gandaki,Hill,Western,2067/68,2010/11,First Visit,< 20 Year,1820
Tanahu,Gandaki,Hill,Western,2067/68,2010/11,First Visit,> or equal 20 Years,4395
Tanahu,Gandaki,Hill,Western,2067/68,2010/11,Fourth Visit,Four Time Visits,3243
Syangja,Gandaki,Hill,Western,2067/68,2010/11,First Visit,< 20 Year,1186
Syangja,Gandaki,Hill,Western,2067/68,2010/11,First Visit,> or equal 20 Years,6022
Syangja,Gandaki,Hill,Western,2067/68,2010/11,Fourth Visit,Four Time Visits,4343
Kaski,Gandaki,Hill,Western,2067/68,2010/11,First Visit,< 20 Year,3229
Kaski,Gandaki,Hill,Western,2067/68,2010/11,First Visit,> or equal 20 Years,11707
Kaski,Gandaki,Hill,Western,2067/68,2010/11,Fourth Visit,Four Time Visits,11235
Manang,Gandaki,Mountain,Western,2067/68,2010/11,First Visit,< 20 Year,20
Manang,Gandaki,Mountain,Western,2067/68,2010/11,First Visit,> or equal 20 Years,59
Manang,Gandaki,Mountain,Western,2067/68,2010/11,Fourth Visit,Four Time Visits,33
Mustang,Dhawalagiri,Mountain,Western,2067/68,2010/11,First Visit,< 20 Year,29
Mustang,Dhawalagiri,Mountain,Western,2067/68,2010/11,First Visit,> or equal 20 Years,158
Mustang,Dhawalagiri,Mountain,Western,2067/68,2010/11,Fourth Visit,Four Time Visits,105
Myagdi,Dhawalagiri,Hill,Western,2067/68,2010/11,First Visit,< 20 Year,807
Myagdi,Dhawalagiri,Hill,Western,2067/68,2010/11,First Visit,> or equal 20 Years,2250
Myagdi,Dhawalagiri,Hill,Western,2067/68,2010/11,Fourth Visit,Four Time Visits,1726
Parbat,Dhawalagiri,Hill,Western,2067/68,2010/11,First Visit,< 20 Year,668
Parbat,Dhawalagiri,Hill,Western,2067/68,2010/11,First Visit,> or equal 20 Years,2293
Parbat,Dhawalagiri,Hill,Western,2067/68,2010/11,Fourth Visit,Four Time Visits,2270
Baglung,Dhawalagiri,Hill,Western,2067/68,2010/11,First Visit,< 20 Year,1607
Baglung,Dhawalagiri,Hill,Western,2067/68,2010/11,First Visit,> or equal 20 Years,5329
Baglung,Dhawalagiri,Hill,Western,2067/68,2010/11,Fourth Visit,Four Time Visits,3960
Gulmi,Lumbini,Hill,Western,2067/68,2010/11,First Visit,< 20 Year,1329
Gulmi,Lumbini,Hill,Western,2067/68,2010/11,First Visit,> or equal 20 Years,5587
Gulmi,Lumbini,Hill,Western,2067/68,2010/11,Fourth Visit,Four Time Visits,4597
Palpa,Lumbini,Hill,Western,2067/68,2010/11,First Visit,< 20 Year,2046
Palpa,Lumbini,Hill,Western,2067/68,2010/11,First Visit,> or equal 20 Years,7750
Palpa,Lumbini,Hill,Western,2067/68,2010/11,Fourth Visit,Four Time Visits,3883
Nawalparasi,Lumbini,Terai,Western,2067/68,2010/11,First Visit,< 20 Year,2747
Nawalparasi,Lumbini,Terai,Western,2067/68,2010/11,First Visit,> or equal 20 Years,10952
Nawalparasi,Lumbini,Terai,Western,2067/68,2010/11,Fourth Visit,Four Time Visits,8283
Rupandehi,Lumbini,Terai,Western,2067/68,2010/11,First Visit,< 20 Year,0
Rupandehi,Lumbini,Terai,Western,2067/68,2010/11,First Visit,> or equal 20 Years,27374
Rupandehi,Lumbini,Terai,Western,2067/68,2010/11,Fourth Visit,Four Time Visits,15483
Kapilbastu,Lumbini,Terai,Western,2067/68,2010/11,First Visit,< 20 Year,1322
Kapilbastu,Lumbini,Terai,Western,2067/68,2010/11,First Visit,> or equal 20 Years,14461
Kapilbastu,Lumbini,Terai,Western,2067/68,2010/11,Fourth Visit,Four Time Visits,9770
Arghakhanchi,Lumbini,Hill,Western,2067/68,2010/11,First Visit,< 20 Year,764
Arghakhanchi,Lumbini,Hill,Western,2067/68,2010/11,First Visit,> or equal 20 Years,2799
Arghakhanchi,Lumbini,Hill,Western,2067/68,2010/11,Fourth Visit,Four Time Visits,1878
Pyuthan,Rapti,Hill,Mid-Western,2067/68,2010/11,First Visit,< 20 Year,1447
Pyuthan,Rapti,Hill,Mid-Western,2067/68,2010/11,First Visit,> or equal 20 Years,4767
Pyuthan,Rapti,Hill,Mid-Western,2067/68,2010/11,Fourth Visit,Four Time Visits,3237
Rolpa,Rapti,Hill,Mid-Western,2067/68,2010/11,First Visit,< 20 Year,1361
Rolpa,Rapti,Hill,Mid-Western,2067/68,2010/11,First Visit,> or equal 20 Years,3971
Rolpa,Rapti,Hill,Mid-Western,2067/68,2010/11,Fourth Visit,Four Time Visits,2831
Rukum,Rapti,Hill,Mid-Western,2067/68,2010/11,First Visit,< 20 Year,2026
Rukum,Rapti,Hill,Mid-Western,2067/68,2010/11,First Visit,> or equal 20 Years,4204
Rukum,Rapti,Hill,Mid-Western,2067/68,2010/11,Fourth Visit,Four Time Visits,2109
Salyan,Rapti,Hill,Mid-Western,2067/68,2010/11,First Visit,< 20 Year,1630
Salyan,Rapti,Hill,Mid-Western,2067/68,2010/11,First Visit,> or equal 20 Years,3768
Salyan,Rapti,Hill,Mid-Western,2067/68,2010/11,Fourth Visit,Four Time Visits,2197
Dang,Rapti,Terai,Mid-Western,2067/68,2010/11,First Visit,< 20 Year,4120
Dang,Rapti,Terai,Mid-Western,2067/68,2010/11,First Visit,> or equal 20 Years,7938
Dang,Rapti,Terai,Mid-Western,2067/68,2010/11,Fourth Visit,Four Time Visits,6554
Banke,Bheri,Terai,Mid-Western,2067/68,2010/11,First Visit,< 20 Year,2461
Banke,Bheri,Terai,Mid-Western,2067/68,2010/11,First Visit,> or equal 20 Years,9891
Banke,Bheri,Terai,Mid-Western,2067/68,2010/11,Fourth Visit,Four Time Visits,5709
Bardiya,Bheri,Terai,Mid-Western,2067/68,2010/11,First Visit,< 20 Year,2404
Bardiya,Bheri,Terai,Mid-Western,2067/68,2010/11,First Visit,> or equal 20 Years,6960
Bardiya,Bheri,Terai,Mid-Western,2067/68,2010/11,Fourth Visit,Four Time Visits,6082
Surkhet,Bheri,Hill,Mid-Western,2067/68,2010/11,First Visit,< 20 Year,3480
Surkhet,Bheri,Hill,Mid-Western,2067/68,2010/11,First Visit,> or equal 20 Years,6572
Surkhet,Bheri,Hill,Mid-Western,2067/68,2010/11,Fourth Visit,Four Time Visits,6504
Dailekh,Bheri,Hill,Mid-Western,2067/68,2010/11,First Visit,< 20 Year,1658
Dailekh,Bheri,Hill,Mid-Western,2067/68,2010/11,First Visit,> or equal 20 Years,5438
Dailekh,Bheri,Hill,Mid-Western,2067/68,2010/11,Fourth Visit,Four Time Visits,4226
Jajarkot,Bheri,Hill,Mid-Western,2067/68,2010/11,First Visit,< 20 Year,1426
Jajarkot,Bheri,Hill,Mid-Western,2067/68,2010/11,First Visit,> or equal 20 Years,3385
Jajarkot,Bheri,Hill,Mid-Western,2067/68,2010/11,Fourth Visit,Four Time Visits,1993
Dolpa,Karnali,Mountain,Mid-Western,2067/68,2010/11,First Visit,< 20 Year,109
Dolpa,Karnali,Mountain,Mid-Western,2067/68,2010/11,First Visit,> or equal 20 Years,554
Dolpa,Karnali,Mountain,Mid-Western,2067/68,2010/11,Fourth Visit,Four Time Visits,325
Jumla,Karnali,Mountain,Mid-Western,2067/68,2010/11,First Visit,< 20 Year,1126
Jumla,Karnali,Mountain,Mid-Western,2067/68,2010/11,First Visit,> or equal 20 Years,2645
Jumla,Karnali,Mountain,Mid-Western,2067/68,2010/11,Fourth Visit,Four Time Visits,1476
Kalikot,Karnali,Mountain,Mid-Western,2067/68,2010/11,First Visit,< 20 Year,921
Kalikot,Karnali,Mountain,Mid-Western,2067/68,2010/11,First Visit,> or equal 20 Years,3467
Kalikot,Karnali,Mountain,Mid-Western,2067/68,2010/11,Fourth Visit,Four Time Visits,994
Mugu,Karnali,Mountain,Mid-Western,2067/68,2010/11,First Visit,< 20 Year,482
Mugu,Karnali,Mountain,Mid-Western,2067/68,2010/11,First Visit,> or equal 20 Years,1318
Mugu,Karnali,Mountain,Mid-Western,2067/68,2010/11,Fourth Visit,Four Time Visits,745
Humla,Karnali,Mountain,Mid-Western,2067/68,2010/11,First Visit,< 20 Year,371
Humla,Karnali,Mountain,Mid-Western,2067/68,2010/11,First Visit,> or equal 20 Years,1417
Humla,Karnali,Mountain,Mid-Western,2067/68,2010/11,Fourth Visit,Four Time Visits,1035
Bajura,Seti,Mountain,Far-Western,2067/68,2010/11,First Visit,< 20 Year,531
Bajura,Seti,Mountain,Far-Western,2067/68,2010/11,First Visit,> or equal 20 Years,3207
Bajura,Seti,Mountain,Far-Western,2067/68,2010/11,Fourth Visit,Four Time Visits,1317
Bajhang,Seti,Mountain,Far-Western,2067/68,2010/11,First Visit,< 20 Year,1172
Bajhang,Seti,Mountain,Far-Western,2067/68,2010/11,First Visit,> or equal 20 Years,4564
Bajhang,Seti,Mountain,Far-Western,2067/68,2010/11,Fourth Visit,Four Time Visits,2280
Achham,Seti,Hill,Far-Western,2067/68,2010/11,First Visit,< 20 Year,1511
Achham,Seti,Hill,Far-Western,2067/68,2010/11,First Visit,> or equal 20 Years,6761
Achham,Seti,Hill,Far-Western,2067/68,2010/11,Fourth Visit,Four Time Visits,4646
Doti,Seti,Hill,Far-Western,2067/68,2010/11,First Visit,< 20 Year,1101
Doti,Seti,Hill,Far-Western,2067/68,2010/11,First Visit,> or equal 20 Years,6081
Doti,Seti,Hill,Far-Western,2067/68,2010/11,Fourth Visit,Four Time Visits,3243
Kailali,Seti,Terai,Far-Western,2067/68,2010/11,First Visit,< 20 Year,3028
Kailali,Seti,Terai,Far-Western,2067/68,2010/11,First Visit,> or equal 20 Years,10258
Kailali,Seti,Terai,Far-Western,2067/68,2010/11,Fourth Visit,Four Time Visits,8146
Kanchanpur,Mahakali,Terai,Far-Western,2067/68,2010/11,First Visit,< 20 Year,1871
Kanchanpur,Mahakali,Terai,Far-Western,2067/68,2010/11,First Visit,> or equal 20 Years,7424
Kanchanpur,Mahakali,Terai,Far-Western,2067/68,2010/11,Fourth Visit,Four Time Visits,4996
Dadeldhura,Mahakali,Hill,Far-Western,2067/68,2010/11,First Visit,< 20 Year,1767
Dadeldhura,Mahakali,Hill,Far-Western,2067/68,2010/11,First Visit,> or equal 20 Years,6032
Dadeldhura,Mahakali,Hill,Far-Western,2067/68,2010/11,Fourth Visit,Four Time Visits,2822
Baitadi,Mahakali,Hill,Far-Western,2067/68,2010/11,First Visit,< 20 Year,1055
Baitadi,Mahakali,Hill,Far-Western,2067/68,2010/11,First Visit,> or equal 20 Years,4920
Baitadi,Mahakali,Hill,Far-Western,2067/68,2010/11,Fourth Visit,Four Time Visits,2698
Darchaula,Mahakali,Mountain,Far-Western,2067/68,2010/11,First Visit,< 20 Year,697
Darchaula,Mahakali,Mountain,Far-Western,2067/68,2010/11,First Visit,> or equal 20 Years,2633
Darchaula,Mahakali,Mountain,Far-Western,2067/68,2010/11,Fourth Visit,Four Time Visits,2063
Taplejung,Mechi,Mountain,Eastern,2068/69,2011/12,First Visit,< 20 Year,598
Taplejung,Mechi,Mountain,Eastern,2068/69,2011/12,First Visit,> or equal 20 Years,2338
Taplejung,Mechi,Mountain,Eastern,2068/69,2011/12,Fourth Visit,Four Time Visits,1705
Panchthar,Mechi,Hill,Eastern,2068/69,2011/12,First Visit,< 20 Year,744
Panchthar,Mechi,Hill,Eastern,2068/69,2011/12,First Visit,> or equal 20 Years,3476
Panchthar,Mechi,Hill,Eastern,2068/69,2011/12,Fourth Visit,Four Time Visits,2441
Ilam,Mechi,Hill,Eastern,2068/69,2011/12,First Visit,< 20 Year,1426
Ilam,Mechi,Hill,Eastern,2068/69,2011/12,First Visit,> or equal 20 Years,3805
Ilam,Mechi,Hill,Eastern,2068/69,2011/12,Fourth Visit,Four Time Visits,3273
Jhapa,Mechi,Terai,Eastern,2068/69,2011/12,First Visit,< 20 Year,5406
Jhapa,Mechi,Terai,Eastern,2068/69,2011/12,First Visit,> or equal 20 Years,14869
Jhapa,Mechi,Terai,Eastern,2068/69,2011/12,Fourth Visit,Four Time Visits,10034
Morang,Kosi,Terai,Eastern,2068/69,2011/12,First Visit,< 20 Year,6070
Morang,Kosi,Terai,Eastern,2068/69,2011/12,First Visit,> or equal 20 Years,20099
Morang,Kosi,Terai,Eastern,2068/69,2011/12,Fourth Visit,Four Time Visits,11473
Sunsari,Kosi,Terai,Eastern,2068/69,2011/12,First Visit,< 20 Year,3622
Sunsari,Kosi,Terai,Eastern,2068/69,2011/12,First Visit,> or equal 20 Years,12981
Sunsari,Kosi,Terai,Eastern,2068/69,2011/12,Fourth Visit,Four Time Visits,8976
Dhankuta,Kosi,Hill,Eastern,2068/69,2011/12,First Visit,< 20 Year,604
Dhankuta,Kosi,Hill,Eastern,2068/69,2011/12,First Visit,> or equal 20 Years,2739
Dhankuta,Kosi,Hill,Eastern,2068/69,2011/12,Fourth Visit,Four Time Visits,2001
Terhathum,Kosi,Hill,Eastern,2068/69,2011/12,First Visit,< 20 Year,476
Terhathum,Kosi,Hill,Eastern,2068/69,2011/12,First Visit,> or equal 20 Years,1508
Terhathum,Kosi,Hill,Eastern,2068/69,2011/12,Fourth Visit,Four Time Visits,1025
Sankhuwasabha,Kosi,Mountain,Eastern,2068/69,2011/12,First Visit,< 20 Year,822
Sankhuwasabha,Kosi,Mountain,Eastern,2068/69,2011/12,First Visit,> or equal 20 Years,2340
Sankhuwasabha,Kosi,Mountain,Eastern,2068/69,2011/12,Fourth Visit,Four Time Visits,1534
Bhojpur,Kosi,Hill,Eastern,2068/69,2011/12,First Visit,< 20 Year,756
Bhojpur,Kosi,Hill,Eastern,2068/69,2011/12,First Visit,> or equal 20 Years,2543
Bhojpur,Kosi,Hill,Eastern,2068/69,2011/12,Fourth Visit,Four Time Visits,1568
Solukhumbu,Sagarmatha,Mountain,Eastern,2068/69,2011/12,First Visit,< 20 Year,563
Solukhumbu,Sagarmatha,Mountain,Eastern,2068/69,2011/12,First Visit,> or equal 20 Years,2193
Solukhumbu,Sagarmatha,Mountain,Eastern,2068/69,2011/12,Fourth Visit,Four Time Visits,1734
Okhaldhunga,Sagarmatha,Hill,Eastern,2068/69,2011/12,First Visit,< 20 Year,617
Okhaldhunga,Sagarmatha,Hill,Eastern,2068/69,2011/12,First Visit,> or equal 20 Years,2317
Okhaldhunga,Sagarmatha,Hill,Eastern,2068/69,2011/12,Fourth Visit,Four Time Visits,1619
Khotang,Sagarmatha,Hill,Eastern,2068/69,2011/12,First Visit,< 20 Year,1051
Khotang,Sagarmatha,Hill,Eastern,2068/69,2011/12,First Visit,> or equal 20 Years,3859
Khotang,Sagarmatha,Hill,Eastern,2068/69,2011/12,Fourth Visit,Four Time Visits,2929
Udayapur,Sagarmatha,Hill,Eastern,2068/69,2011/12,First Visit,< 20 Year,1436
Udayapur,Sagarmatha,Hill,Eastern,2068/69,2011/12,First Visit,> or equal 20 Years,5509
Udayapur,Sagarmatha,Hill,Eastern,2068/69,2011/12,Fourth Visit,Four Time Visits,3891
Saptari,Sagarmatha,Terai,Eastern,2068/69,2011/12,First Visit,< 20 Year,1810
Saptari,Sagarmatha,Terai,Eastern,2068/69,2011/12,First Visit,> or equal 20 Years,14185
Saptari,Sagarmatha,Terai,Eastern,2068/69,2011/12,Fourth Visit,Four Time Visits,11826
Siraha,Sagarmatha,Terai,Eastern,2068/69,2011/12,First Visit,< 20 Year,2580
Siraha,Sagarmatha,Terai,Eastern,2068/69,2011/12,First Visit,> or equal 20 Years,13738
Siraha,Sagarmatha,Terai,Eastern,2068/69,2011/12,Fourth Visit,Four Time Visits,10500
Dhanusa,Janakpur,Terai,Central,2068/69,2011/12,First Visit,< 20 Year,3865
Dhanusa,Janakpur,Terai,Central,2068/69,2011/12,First Visit,> or equal 20 Years,12590
Dhanusa,Janakpur,Terai,Central,2068/69,2011/12,Fourth Visit,Four Time Visits,8242
Mahottari,Janakpur,Terai,Central,2068/69,2011/12,First Visit,< 20 Year,3027
Mahottari,Janakpur,Terai,Central,2068/69,2011/12,First Visit,> or equal 20 Years,13065
Mahottari,Janakpur,Terai,Central,2068/69,2011/12,Fourth Visit,Four Time Visits,13642
Sarlahi,Janakpur,Terai,Central,2068/69,2011/12,First Visit,< 20 Year,5618
Sarlahi,Janakpur,Terai,Central,2068/69,2011/12,First Visit,> or equal 20 Years,18065
Sarlahi,Janakpur,Terai,Central,2068/69,2011/12,Fourth Visit,Four Time Visits,8508
Sindhuli,Janakpur,Hill,Central,2068/69,2011/12,First Visit,< 20 Year,1077
Sindhuli,Janakpur,Hill,Central,2068/69,2011/12,First Visit,> or equal 20 Years,3378
Sindhuli,Janakpur,Hill,Central,2068/69,2011/12,Fourth Visit,Four Time Visits,1940
Ramechhap,Janakpur,Hill,Central,2068/69,2011/12,First Visit,< 20 Year,801
Ramechhap,Janakpur,Hill,Central,2068/69,2011/12,First Visit,> or equal 20 Years,2859
Ramechhap,Janakpur,Hill,Central,2068/69,2011/12,Fourth Visit,Four Time Visits,2451
Dolakha,Janakpur,Mountain,Central,2068/69,2011/12,First Visit,< 20 Year,810
Dolakha,Janakpur,Mountain,Central,2068/69,2011/12,First Visit,> or equal 20 Years,3771
Dolakha,Janakpur,Mountain,Central,2068/69,2011/12,Fourth Visit,Four Time Visits,2555
Sindhupalchok,Bagmati,Mountain,Central,2068/69,2011/12,First Visit,< 20 Year,945
Sindhupalchok,Bagmati,Mountain,Central,2068/69,2011/12,First Visit,> or equal 20 Years,3654
Sindhupalchok,Bagmati,Mountain,Central,2068/69,2011/12,Fourth Visit,Four Time Visits,2157
Kavre,Bagmati,Hill,Central,2068/69,2011/12,First Visit,< 20 Year,2079
Kavre,Bagmati,Hill,Central,2068/69,2011/12,First Visit,> or equal 20 Years,7454
Kavre,Bagmati,Hill,Central,2068/69,2011/12,Fourth Visit,Four Time Visits,5586
Lalitpur,Bagmati,Hill,Central,2068/69,2011/12,First Visit,< 20 Year,0
Lalitpur,Bagmati,Hill,Central,2068/69,2011/12,First Visit,> or equal 20 Years,13683
Lalitpur,Bagmati,Hill,Central,2068/69,2011/12,Fourth Visit,Four Time Visits,10614
Bhaktapur,Bagmati,Hill,Central,2068/69,2011/12,First Visit,< 20 Year,518
Bhaktapur,Bagmati,Hill,Central,2068/69,2011/12,First Visit,> or equal 20 Years,2578
Bhaktapur,Bagmati,Hill,Central,2068/69,2011/12,Fourth Visit,Four Time Visits,1375
Kathmandu,Bagmati,Hill,Central,2068/69,2011/12,First Visit,< 20 Year,4460
Kathmandu,Bagmati,Hill,Central,2068/69,2011/12,First Visit,> or equal 20 Years,33897
Kathmandu,Bagmati,Hill,Central,2068/69,2011/12,Fourth Visit,Four Time Visits,24141
Nuwakot,Bagmati,Hill,Central,2068/69,2011/12,First Visit,< 20 Year,1147
Nuwakot,Bagmati,Hill,Central,2068/69,2011/12,First Visit,> or equal 20 Years,3570
Nuwakot,Bagmati,Hill,Central,2068/69,2011/12,Fourth Visit,Four Time Visits,2055
Rasuwa,Bagmati,Mountain,Central,2068/69,2011/12,First Visit,< 20 Year,195
Rasuwa,Bagmati,Mountain,Central,2068/69,2011/12,First Visit,> or equal 20 Years,778
Rasuwa,Bagmati,Mountain,Central,2068/69,2011/12,Fourth Visit,Four Time Visits,526
Dhading,Bagmati,Hill,Central,2068/69,2011/12,First Visit,< 20 Year,2108
Dhading,Bagmati,Hill,Central,2068/69,2011/12,First Visit,> or equal 20 Years,5740
Dhading,Bagmati,Hill,Central,2068/69,2011/12,Fourth Visit,Four Time Visits,5083
Makwanpur,Narayani,Hill,Central,2068/69,2011/12,First Visit,< 20 Year,1945
Makwanpur,Narayani,Hill,Central,2068/69,2011/12,First Visit,> or equal 20 Years,5850
Makwanpur,Narayani,Hill,Central,2068/69,2011/12,Fourth Visit,Four Time Visits,3827
Rautahat,Narayani,Terai,Central,2068/69,2011/12,First Visit,< 20 Year,3894
Rautahat,Narayani,Terai,Central,2068/69,2011/12,First Visit,> or equal 20 Years,14988
Rautahat,Narayani,Terai,Central,2068/69,2011/12,Fourth Visit,Four Time Visits,11035
Bara,Narayani,Terai,Central,2068/69,2011/12,First Visit,< 20 Year,3255
Bara,Narayani,Terai,Central,2068/69,2011/12,First Visit,> or equal 20 Years,12940
Bara,Narayani,Terai,Central,2068/69,2011/12,Fourth Visit,Four Time Visits,8950
Parsa,Narayani,Terai,Central,2068/69,2011/12,First Visit,< 20 Year,0
Parsa,Narayani,Terai,Central,2068/69,2011/12,First Visit,> or equal 20 Years,11896
Parsa,Narayani,Terai,Central,2068/69,2011/12,Fourth Visit,Four Time Visits,7195
Chitawan,Narayani,Terai,Central,2068/69,2011/12,First Visit,< 20 Year,4134
Chitawan,Narayani,Terai,Central,2068/69,2011/12,First Visit,> or equal 20 Years,12361
Chitawan,Narayani,Terai,Central,2068/69,2011/12,Fourth Visit,Four Time Visits,7610
Gorkha,Gandaki,Hill,Western,2068/69,2011/12,First Visit,< 20 Year,1320
Gorkha,Gandaki,Hill,Western,2068/69,2011/12,First Visit,> or equal 20 Years,4363
Gorkha,Gandaki,Hill,Western,2068/69,2011/12,Fourth Visit,Four Time Visits,2697
Lamjung,Gandaki,Hill,Western,2068/69,2011/12,First Visit,< 20 Year,1189
Lamjung,Gandaki,Hill,Western,2068/69,2011/12,First Visit,> or equal 20 Years,3939
Lamjung,Gandaki,Hill,Western,2068/69,2011/12,Fourth Visit,Four Time Visits,3421
Tanahu,Gandaki,Hill,Western,2068/69,2011/12,First Visit,< 20 Year,1942
Tanahu,Gandaki,Hill,Western,2068/69,2011/12,First Visit,> or equal 20 Years,4444
Tanahu,Gandaki,Hill,Western,2068/69,2011/12,Fourth Visit,Four Time Visits,3473
Syangja,Gandaki,Hill,Western,2068/69,2011/12,First Visit,< 20 Year,1177
Syangja,Gandaki,Hill,Western,2068/69,2011/12,First Visit,> or equal 20 Years,4410
Syangja,Gandaki,Hill,Western,2068/69,2011/12,Fourth Visit,Four Time Visits,4159
Kaski,Gandaki,Hill,Western,2068/69,2011/12,First Visit,< 20 Year,3262
Kaski,Gandaki,Hill,Western,2068/69,2011/12,First Visit,> or equal 20 Years,11242
Kaski,Gandaki,Hill,Western,2068/69,2011/12,Fourth Visit,Four Time Visits,10091
Manang,Gandaki,Mountain,Western,2068/69,2011/12,First Visit,< 20 Year,17
Manang,Gandaki,Mountain,Western,2068/69,2011/12,First Visit,> or equal 20 Years,74
Manang,Gandaki,Mountain,Western,2068/69,2011/12,Fourth Visit,Four Time Visits,40
Mustang,Dhawalagiri,Mountain,Western,2068/69,2011/12,First Visit,< 20 Year,27
Mustang,Dhawalagiri,Mountain,Western,2068/69,2011/12,First Visit,> or equal 20 Years,190
Mustang,Dhawalagiri,Mountain,Western,2068/69,2011/12,Fourth Visit,Four Time Visits,82
Myagdi,Dhawalagiri,Hill,Western,2068/69,2011/12,First Visit,< 20 Year,658
Myagdi,Dhawalagiri,Hill,Western,2068/69,2011/12,First Visit,> or equal 20 Years,1800
Myagdi,Dhawalagiri,Hill,Western,2068/69,2011/12,Fourth Visit,Four Time Visits,1874
Parbat,Dhawalagiri,Hill,Western,2068/69,2011/12,First Visit,< 20 Year,655
Parbat,Dhawalagiri,Hill,Western,2068/69,2011/12,First Visit,> or equal 20 Years,2086
Parbat,Dhawalagiri,Hill,Western,2068/69,2011/12,Fourth Visit,Four Time Visits,2334
Baglung,Dhawalagiri,Hill,Western,2068/69,2011/12,First Visit,< 20 Year,1343
Baglung,Dhawalagiri,Hill,Western,2068/69,2011/12,First Visit,> or equal 20 Years,5108
Baglung,Dhawalagiri,Hill,Western,2068/69,2011/12,Fourth Visit,Four Time Visits,4389
Gulmi,Lumbini,Hill,Western,2068/69,2011/12,First Visit,< 20 Year,1339
Gulmi,Lumbini,Hill,Western,2068/69,2011/12,First Visit,> or equal 20 Years,5689
Gulmi,Lumbini,Hill,Western,2068/69,2011/12,Fourth Visit,Four Time Visits,5291
Palpa,Lumbini,Hill,Western,2068/69,2011/12,First Visit,< 20 Year,2084
Palpa,Lumbini,Hill,Western,2068/69,2011/12,First Visit,> or equal 20 Years,7573
Palpa,Lumbini,Hill,Western,2068/69,2011/12,Fourth Visit,Four Time Visits,3575
Nawalparasi,Lumbini,Terai,Western,2068/69,2011/12,First Visit,< 20 Year,2826
Nawalparasi,Lumbini,Terai,Western,2068/69,2011/12,First Visit,> or equal 20 Years,11508
Nawalparasi,Lumbini,Terai,Western,2068/69,2011/12,Fourth Visit,Four Time Visits,8927
Rupandehi,Lumbini,Terai,Western,2068/69,2011/12,First Visit,< 20 Year,0
Rupandehi,Lumbini,Terai,Western,2068/69,2011/12,First Visit,> or equal 20 Years,29249
Rupandehi,Lumbini,Terai,Western,2068/69,2011/12,Fourth Visit,Four Time Visits,18913
Kapilbastu,Lumbini,Terai,Western,2068/69,2011/12,First Visit,< 20 Year,1480
Kapilbastu,Lumbini,Terai,Western,2068/69,2011/12,First Visit,> or equal 20 Years,13556
Kapilbastu,Lumbini,Terai,Western,2068/69,2011/12,Fourth Visit,Four Time Visits,9123
Arghakhanchi,Lumbini,Hill,Western,2068/69,2011/12,First Visit,< 20 Year,859
Arghakhanchi,Lumbini,Hill,Western,2068/69,2011/12,First Visit,> or equal 20 Years,2659
Arghakhanchi,Lumbini,Hill,Western,2068/69,2011/12,Fourth Visit,Four Time Visits,1964
Pyuthan,Rapti,Hill,Mid-Western,2068/69,2011/12,First Visit,< 20 Year,1443
Pyuthan,Rapti,Hill,Mid-Western,2068/69,2011/12,First Visit,> or equal 20 Years,4114
Pyuthan,Rapti,Hill,Mid-Western,2068/69,2011/12,Fourth Visit,Four Time Visits,2821
Rolpa,Rapti,Hill,Mid-Western,2068/69,2011/12,First Visit,< 20 Year,1096
Rolpa,Rapti,Hill,Mid-Western,2068/69,2011/12,First Visit,> or equal 20 Years,2879
Rolpa,Rapti,Hill,Mid-Western,2068/69,2011/12,Fourth Visit,Four Time Visits,2556
Rukum,Rapti,Hill,Mid-Western,2068/69,2011/12,First Visit,< 20 Year,2158
Rukum,Rapti,Hill,Mid-Western,2068/69,2011/12,First Visit,> or equal 20 Years,3682
Rukum,Rapti,Hill,Mid-Western,2068/69,2011/12,Fourth Visit,Four Time Visits,2358
Salyan,Rapti,Hill,Mid-Western,2068/69,2011/12,First Visit,< 20 Year,1786
Salyan,Rapti,Hill,Mid-Western,2068/69,2011/12,First Visit,> or equal 20 Years,3672
Salyan,Rapti,Hill,Mid-Western,2068/69,2011/12,Fourth Visit,Four Time Visits,2513
Dang,Rapti,Terai,Mid-Western,2068/69,2011/12,First Visit,< 20 Year,4300
Dang,Rapti,Terai,Mid-Western,2068/69,2011/12,First Visit,> or equal 20 Years,8549
Dang,Rapti,Terai,Mid-Western,2068/69,2011/12,Fourth Visit,Four Time Visits,7126
Banke,Bheri,Terai,Mid-Western,2068/69,2011/12,First Visit,< 20 Year,2752
Banke,Bheri,Terai,Mid-Western,2068/69,2011/12,First Visit,> or equal 20 Years,9652
Banke,Bheri,Terai,Mid-Western,2068/69,2011/12,Fourth Visit,Four Time Visits,5926
Bardiya,Bheri,Terai,Mid-Western,2068/69,2011/12,First Visit,< 20 Year,2582
Bardiya,Bheri,Terai,Mid-Western,2068/69,2011/12,First Visit,> or equal 20 Years,6562
Bardiya,Bheri,Terai,Mid-Western,2068/69,2011/12,Fourth Visit,Four Time Visits,6084
Surkhet,Bheri,Hill,Mid-Western,2068/69,2011/12,First Visit,< 20 Year,3297
Surkhet,Bheri,Hill,Mid-Western,2068/69,2011/12,First Visit,> or equal 20 Years,6663
Surkhet,Bheri,Hill,Mid-Western,2068/69,2011/12,Fourth Visit,Four Time Visits,6782
Dailekh,Bheri,Hill,Mid-Western,2068/69,2011/12,First Visit,< 20 Year,1903
Dailekh,Bheri,Hill,Mid-Western,2068/69,2011/12,First Visit,> or equal 20 Years,5235
Dailekh,Bheri,Hill,Mid-Western,2068/69,2011/12,Fourth Visit,Four Time Visits,4167
Jajarkot,Bheri,Hill,Mid-Western,2068/69,2011/12,First Visit,< 20 Year,1401
Jajarkot,Bheri,Hill,Mid-Western,2068/69,2011/12,First Visit,> or equal 20 Years,3076
Jajarkot,Bheri,Hill,Mid-Western,2068/69,2011/12,Fourth Visit,Four Time Visits,1889
Dolpa,Karnali,Mountain,Mid-Western,2068/69,2011/12,First Visit,< 20 Year,149
Dolpa,Karnali,Mountain,Mid-Western,2068/69,2011/12,First Visit,> or equal 20 Years,559
Dolpa,Karnali,Mountain,Mid-Western,2068/69,2011/12,Fourth Visit,Four Time Visits,277
Jumla,Karnali,Mountain,Mid-Western,2068/69,2011/12,First Visit,< 20 Year,1104
Jumla,Karnali,Mountain,Mid-Western,2068/69,2011/12,First Visit,> or equal 20 Years,2503
Jumla,Karnali,Mountain,Mid-Western,2068/69,2011/12,Fourth Visit,Four Time Visits,1559
Kalikot,Karnali,Mountain,Mid-Western,2068/69,2011/12,First Visit,< 20 Year,939
Kalikot,Karnali,Mountain,Mid-Western,2068/69,2011/12,First Visit,> or equal 20 Years,3088
Kalikot,Karnali,Mountain,Mid-Western,2068/69,2011/12,Fourth Visit,Four Time Visits,1122
Mugu,Karnali,Mountain,Mid-Western,2068/69,2011/12,First Visit,< 20 Year,515
Mugu,Karnali,Mountain,Mid-Western,2068/69,2011/12,First Visit,> or equal 20 Years,1362
Mugu,Karnali,Mountain,Mid-Western,2068/69,2011/12,Fourth Visit,Four Time Visits,733
Humla,Karnali,Mountain,Mid-Western,2068/69,2011/12,First Visit,< 20 Year,289
Humla,Karnali,Mountain,Mid-Western,2068/69,2011/12,First Visit,> or equal 20 Years,1188
Humla,Karnali,Mountain,Mid-Western,2068/69,2011/12,Fourth Visit,Four Time Visits,862
Bajura,Seti,Mountain,Far-Western,2068/69,2011/12,First Visit,< 20 Year,507
Bajura,Seti,Mountain,Far-Western,2068/69,2011/12,First Visit,> or equal 20 Years,2462
Bajura,Seti,Mountain,Far-Western,2068/69,2011/12,Fourth Visit,Four Time Visits,906
Bajhang,Seti,Mountain,Far-Western,2068/69,2011/12,First Visit,< 20 Year,1158
Bajhang,Seti,Mountain,Far-Western,2068/69,2011/12,First Visit,> or equal 20 Years,4629
Bajhang,Seti,Mountain,Far-Western,2068/69,2011/12,Fourth Visit,Four Time Visits,2938
Achham,Seti,Hill,Far-Western,2068/69,2011/12,First Visit,< 20 Year,1444
Achham,Seti,Hill,Far-Western,2068/69,2011/12,First Visit,> or equal 20 Years,6180
Achham,Seti,Hill,Far-Western,2068/69,2011/12,Fourth Visit,Four Time Visits,4060
Doti,Seti,Hill,Far-Western,2068/69,2011/12,First Visit,< 20 Year,1143
Doti,Seti,Hill,Far-Western,2068/69,2011/12,First Visit,> or equal 20 Years,5549
Doti,Seti,Hill,Far-Western,2068/69,2011/12,Fourth Visit,Four Time Visits,3160
Kailali,Seti,Terai,Far-Western,2068/69,2011/12,First Visit,< 20 Year,3292
Kailali,Seti,Terai,Far-Western,2068/69,2011/12,First Visit,> or equal 20 Years,10545
Kailali,Seti,Terai,Far-Western,2068/69,2011/12,Fourth Visit,Four Time Visits,9254
Kanchanpur,Mahakali,Terai,Far-Western,2068/69,2011/12,First Visit,< 20 Year,1884
Kanchanpur,Mahakali,Terai,Far-Western,2068/69,2011/12,First Visit,> or equal 20 Years,7248
Kanchanpur,Mahakali,Terai,Far-Western,2068/69,2011/12,Fourth Visit,Four Time Visits,6029
Dadeldhura,Mahakali,Hill,Far-Western,2068/69,2011/12,First Visit,< 20 Year,1525
Dadeldhura,Mahakali,Hill,Far-Western,2068/69,2011/12,First Visit,> or equal 20 Years,4630
Dadeldhura,Mahakali,Hill,Far-Western,2068/69,2011/12,Fourth Visit,Four Time Visits,2274
Baitadi,Mahakali,Hill,Far-Western,2068/69,2011/12,First Visit,< 20 Year,1033
Baitadi,Mahakali,Hill,Far-Western,2068/69,2011/12,First Visit,> or equal 20 Years,5614
Baitadi,Mahakali,Hill,Far-Western,2068/69,2011/12,Fourth Visit,Four Time Visits,3154
Darchaula,Mahakali,Mountain,Far-Western,2068/69,2011/12,First Visit,< 20 Year,569
Darchaula,Mahakali,Mountain,Far-Western,2068/69,2011/12,First Visit,> or equal 20 Years,2716
Darchaula,Mahakali,Mountain,Far-Western,2068/69,2011/12,Fourth Visit,Four Time Visits,2141
Taplejung,Mechi,Mountain,Eastern,2069/70,2012/13,First Visit,< 20 Year,745
Taplejung,Mechi,Mountain,Eastern,2069/70,2012/13,First Visit,> or equal 20 Years,2189
Taplejung,Mechi,Mountain,Eastern,2069/70,2012/13,Four  Visits,Four Time Visits,1763
Panchthar,Mechi,Hill,Eastern,2069/70,2012/13,First Visit,< 20 Year,955
Panchthar,Mechi,Hill,Eastern,2069/70,2012/13,First Visit,> or equal 20 Years,3315
Panchthar,Mechi,Hill,Eastern,2069/70,2012/13,Four  Visits,Four Time Visits,2042
Ilam,Mechi,Hill,Eastern,2069/70,2012/13,First Visit,< 20 Year,1155
Ilam,Mechi,Hill,Eastern,2069/70,2012/13,First Visit,> or equal 20 Years,3913
Ilam,Mechi,Hill,Eastern,2069/70,2012/13,Four  Visits,Four Time Visits,3527
Jhapa,Mechi,Terai,Eastern,2069/70,2012/13,First Visit,< 20 Year,7015
Jhapa,Mechi,Terai,Eastern,2069/70,2012/13,First Visit,> or equal 20 Years,19984
Jhapa,Mechi,Terai,Eastern,2069/70,2012/13,Four  Visits,Four Time Visits,12997
Morang,Kosi,Terai,Eastern,2069/70,2012/13,First Visit,< 20 Year,7319
Morang,Kosi,Terai,Eastern,2069/70,2012/13,First Visit,> or equal 20 Years,21573
Morang,Kosi,Terai,Eastern,2069/70,2012/13,Four  Visits,Four Time Visits,12982
Sunsari,Kosi,Terai,Eastern,2069/70,2012/13,First Visit,< 20 Year,3408
Sunsari,Kosi,Terai,Eastern,2069/70,2012/13,First Visit,> or equal 20 Years,16785
Sunsari,Kosi,Terai,Eastern,2069/70,2012/13,Four  Visits,Four Time Visits,8817
Dhankuta,Kosi,Hill,Eastern,2069/70,2012/13,First Visit,< 20 Year,694
Dhankuta,Kosi,Hill,Eastern,2069/70,2012/13,First Visit,> or equal 20 Years,2680
Dhankuta,Kosi,Hill,Eastern,2069/70,2012/13,Four  Visits,Four Time Visits,2262
Terhathum,Kosi,Hill,Eastern,2069/70,2012/13,First Visit,< 20 Year,530
Terhathum,Kosi,Hill,Eastern,2069/70,2012/13,First Visit,> or equal 20 Years,1547
Terhathum,Kosi,Hill,Eastern,2069/70,2012/13,Four  Visits,Four Time Visits,1091
Sankhuwasabha,Kosi,Mountain,Eastern,2069/70,2012/13,First Visit,< 20 Year,941
Sankhuwasabha,Kosi,Mountain,Eastern,2069/70,2012/13,First Visit,> or equal 20 Years,2294
Sankhuwasabha,Kosi,Mountain,Eastern,2069/70,2012/13,Four  Visits,Four Time Visits,1589
Bhojpur,Kosi,Hill,Eastern,2069/70,2012/13,First Visit,< 20 Year,774
Bhojpur,Kosi,Hill,Eastern,2069/70,2012/13,First Visit,> or equal 20 Years,2256
Bhojpur,Kosi,Hill,Eastern,2069/70,2012/13,Four  Visits,Four Time Visits,1379
Solukhumbu,Sagarmatha,Mountain,Eastern,2069/70,2012/13,First Visit,< 20 Year,590
Solukhumbu,Sagarmatha,Mountain,Eastern,2069/70,2012/13,First Visit,> or equal 20 Years,1809
Solukhumbu,Sagarmatha,Mountain,Eastern,2069/70,2012/13,Four  Visits,Four Time Visits,1453
Okhaldhunga,Sagarmatha,Hill,Eastern,2069/70,2012/13,First Visit,< 20 Year,686
Okhaldhunga,Sagarmatha,Hill,Eastern,2069/70,2012/13,First Visit,> or equal 20 Years,1832
Okhaldhunga,Sagarmatha,Hill,Eastern,2069/70,2012/13,Four  Visits,Four Time Visits,1660
Khotang,Sagarmatha,Hill,Eastern,2069/70,2012/13,First Visit,< 20 Year,1152
Khotang,Sagarmatha,Hill,Eastern,2069/70,2012/13,First Visit,> or equal 20 Years,3550
Khotang,Sagarmatha,Hill,Eastern,2069/70,2012/13,Four  Visits,Four Time Visits,2809
Udayapur,Sagarmatha,Hill,Eastern,2069/70,2012/13,First Visit,< 20 Year,1461
Udayapur,Sagarmatha,Hill,Eastern,2069/70,2012/13,First Visit,> or equal 20 Years,4844
Udayapur,Sagarmatha,Hill,Eastern,2069/70,2012/13,Four  Visits,Four Time Visits,3598
Saptari,Sagarmatha,Terai,Eastern,2069/70,2012/13,First Visit,< 20 Year,1891
Saptari,Sagarmatha,Terai,Eastern,2069/70,2012/13,First Visit,> or equal 20 Years,14811
Saptari,Sagarmatha,Terai,Eastern,2069/70,2012/13,Four  Visits,Four Time Visits,11463
Siraha,Sagarmatha,Terai,Eastern,2069/70,2012/13,First Visit,< 20 Year,3098
Siraha,Sagarmatha,Terai,Eastern,2069/70,2012/13,First Visit,> or equal 20 Years,13949
Siraha,Sagarmatha,Terai,Eastern,2069/70,2012/13,Four  Visits,Four Time Visits,9690
Dhanusa,Janakpur,Terai,Central,2069/70,2012/13,First Visit,< 20 Year,3766
Dhanusa,Janakpur,Terai,Central,2069/70,2012/13,First Visit,> or equal 20 Years,10713
Dhanusa,Janakpur,Terai,Central,2069/70,2012/13,Four  Visits,Four Time Visits,6897
Mahottari,Janakpur,Terai,Central,2069/70,2012/13,First Visit,< 20 Year,3259
Mahottari,Janakpur,Terai,Central,2069/70,2012/13,First Visit,> or equal 20 Years,15051
Mahottari,Janakpur,Terai,Central,2069/70,2012/13,Four  Visits,Four Time Visits,12173
Sarlahi,Janakpur,Terai,Central,2069/70,2012/13,First Visit,< 20 Year,4763
Sarlahi,Janakpur,Terai,Central,2069/70,2012/13,First Visit,> or equal 20 Years,14165
Sarlahi,Janakpur,Terai,Central,2069/70,2012/13,Four  Visits,Four Time Visits,8886
Sindhuli,Janakpur,Hill,Central,2069/70,2012/13,First Visit,< 20 Year,1090
Sindhuli,Janakpur,Hill,Central,2069/70,2012/13,First Visit,> or equal 20 Years,2969
Sindhuli,Janakpur,Hill,Central,2069/70,2012/13,Four  Visits,Four Time Visits,1922
Ramechhap,Janakpur,Hill,Central,2069/70,2012/13,First Visit,< 20 Year,754
Ramechhap,Janakpur,Hill,Central,2069/70,2012/13,First Visit,> or equal 20 Years,2410
Ramechhap,Janakpur,Hill,Central,2069/70,2012/13,Four  Visits,Four Time Visits,2280
Dolakha,Janakpur,Mountain,Central,2069/70,2012/13,First Visit,< 20 Year,920
Dolakha,Janakpur,Mountain,Central,2069/70,2012/13,First Visit,> or equal 20 Years,2821
Dolakha,Janakpur,Mountain,Central,2069/70,2012/13,Four  Visits,Four Time Visits,2313
Sindhupalchok,Bagmati,Mountain,Central,2069/70,2012/13,First Visit,< 20 Year,1076
Sindhupalchok,Bagmati,Mountain,Central,2069/70,2012/13,First Visit,> or equal 20 Years,3341
Sindhupalchok,Bagmati,Mountain,Central,2069/70,2012/13,Four  Visits,Four Time Visits,2200
Kavre,Bagmati,Hill,Central,2069/70,2012/13,First Visit,< 20 Year,1810
Kavre,Bagmati,Hill,Central,2069/70,2012/13,First Visit,> or equal 20 Years,7230
Kavre,Bagmati,Hill,Central,2069/70,2012/13,Four  Visits,Four Time Visits,5192
Lalitpur,Bagmati,Hill,Central,2069/70,2012/13,First Visit,< 20 Year,0
Lalitpur,Bagmati,Hill,Central,2069/70,2012/13,First Visit,> or equal 20 Years,13993
Lalitpur,Bagmati,Hill,Central,2069/70,2012/13,Four  Visits,Four Time Visits,10817
Bhaktapur,Bagmati,Hill,Central,2069/70,2012/13,First Visit,< 20 Year,427
Bhaktapur,Bagmati,Hill,Central,2069/70,2012/13,First Visit,> or equal 20 Years,2888
Bhaktapur,Bagmati,Hill,Central,2069/70,2012/13,Four  Visits,Four Time Visits,1687
Kathmandu,Bagmati,Hill,Central,2069/70,2012/13,First Visit,< 20 Year,8268
Kathmandu,Bagmati,Hill,Central,2069/70,2012/13,First Visit,> or equal 20 Years,38011
Kathmandu,Bagmati,Hill,Central,2069/70,2012/13,Four  Visits,Four Time Visits,26767
Nuwakot,Bagmati,Hill,Central,2069/70,2012/13,First Visit,< 20 Year,1051
Nuwakot,Bagmati,Hill,Central,2069/70,2012/13,First Visit,> or equal 20 Years,3190
Nuwakot,Bagmati,Hill,Central,2069/70,2012/13,Four  Visits,Four Time Visits,1846
Rasuwa,Bagmati,Mountain,Central,2069/70,2012/13,First Visit,< 20 Year,207
Rasuwa,Bagmati,Mountain,Central,2069/70,2012/13,First Visit,> or equal 20 Years,683
Rasuwa,Bagmati,Mountain,Central,2069/70,2012/13,Four  Visits,Four Time Visits,569
Dhading,Bagmati,Hill,Central,2069/70,2012/13,First Visit,< 20 Year,1900
Dhading,Bagmati,Hill,Central,2069/70,2012/13,First Visit,> or equal 20 Years,5054
Dhading,Bagmati,Hill,Central,2069/70,2012/13,Four  Visits,Four Time Visits,4878
Makwanpur,Narayani,Hill,Central,2069/70,2012/13,First Visit,< 20 Year,1783
Makwanpur,Narayani,Hill,Central,2069/70,2012/13,First Visit,> or equal 20 Years,5438
Makwanpur,Narayani,Hill,Central,2069/70,2012/13,Four  Visits,Four Time Visits,3427
Rautahat,Narayani,Terai,Central,2069/70,2012/13,First Visit,< 20 Year,6644
Rautahat,Narayani,Terai,Central,2069/70,2012/13,First Visit,> or equal 20 Years,22102
Rautahat,Narayani,Terai,Central,2069/70,2012/13,Four  Visits,Four Time Visits,15459
Bara,Narayani,Terai,Central,2069/70,2012/13,First Visit,< 20 Year,3613
Bara,Narayani,Terai,Central,2069/70,2012/13,First Visit,> or equal 20 Years,12044
Bara,Narayani,Terai,Central,2069/70,2012/13,Four  Visits,Four Time Visits,8130
Parsa,Narayani,Terai,Central,2069/70,2012/13,First Visit,< 20 Year,0
Parsa,Narayani,Terai,Central,2069/70,2012/13,First Visit,> or equal 20 Years,12597
Parsa,Narayani,Terai,Central,2069/70,2012/13,Four  Visits,Four Time Visits,7000
Chitawan,Narayani,Terai,Central,2069/70,2012/13,First Visit,< 20 Year,3956
Chitawan,Narayani,Terai,Central,2069/70,2012/13,First Visit,> or equal 20 Years,14938
Chitawan,Narayani,Terai,Central,2069/70,2012/13,Four  Visits,Four Time Visits,8718
Gorkha,Gandaki,Hill,Western,2069/70,2012/13,First Visit,< 20 Year,1307
Gorkha,Gandaki,Hill,Western,2069/70,2012/13,First Visit,> or equal 20 Years,4374
Gorkha,Gandaki,Hill,Western,2069/70,2012/13,Four  Visits,Four Time Visits,2705
Lamjung,Gandaki,Hill,Western,2069/70,2012/13,First Visit,< 20 Year,1128
Lamjung,Gandaki,Hill,Western,2069/70,2012/13,First Visit,> or equal 20 Years,3677
Lamjung,Gandaki,Hill,Western,2069/70,2012/13,Four  Visits,Four Time Visits,3837
Tanahu,Gandaki,Hill,Western,2069/70,2012/13,First Visit,< 20 Year,2448
Tanahu,Gandaki,Hill,Western,2069/70,2012/13,First Visit,> or equal 20 Years,4174
Tanahu,Gandaki,Hill,Western,2069/70,2012/13,Four  Visits,Four Time Visits,3634
Syangja,Gandaki,Hill,Western,2069/70,2012/13,First Visit,< 20 Year,1284
Syangja,Gandaki,Hill,Western,2069/70,2012/13,First Visit,> or equal 20 Years,4327
Syangja,Gandaki,Hill,Western,2069/70,2012/13,Four  Visits,Four Time Visits,4173
Kaski,Gandaki,Hill,Western,2069/70,2012/13,First Visit,< 20 Year,3386
Kaski,Gandaki,Hill,Western,2069/70,2012/13,First Visit,> or equal 20 Years,13645
Kaski,Gandaki,Hill,Western,2069/70,2012/13,Four  Visits,Four Time Visits,9742
Manang,Gandaki,Mountain,Western,2069/70,2012/13,First Visit,< 20 Year,13
Manang,Gandaki,Mountain,Western,2069/70,2012/13,First Visit,> or equal 20 Years,49
Manang,Gandaki,Mountain,Western,2069/70,2012/13,Four  Visits,Four Time Visits,19
Mustang,Dhawalagiri,Mountain,Western,2069/70,2012/13,First Visit,< 20 Year,23
Mustang,Dhawalagiri,Mountain,Western,2069/70,2012/13,First Visit,> or equal 20 Years,111
Mustang,Dhawalagiri,Mountain,Western,2069/70,2012/13,Four  Visits,Four Time Visits,76
Myagdi,Dhawalagiri,Hill,Western,2069/70,2012/13,First Visit,< 20 Year,563
Myagdi,Dhawalagiri,Hill,Western,2069/70,2012/13,First Visit,> or equal 20 Years,1449
Myagdi,Dhawalagiri,Hill,Western,2069/70,2012/13,Four  Visits,Four Time Visits,1500
Parbat,Dhawalagiri,Hill,Western,2069/70,2012/13,First Visit,< 20 Year,776
Parbat,Dhawalagiri,Hill,Western,2069/70,2012/13,First Visit,> or equal 20 Years,1899
Parbat,Dhawalagiri,Hill,Western,2069/70,2012/13,Four  Visits,Four Time Visits,2052
Baglung,Dhawalagiri,Hill,Western,2069/70,2012/13,First Visit,< 20 Year,1431
Baglung,Dhawalagiri,Hill,Western,2069/70,2012/13,First Visit,> or equal 20 Years,4570
Baglung,Dhawalagiri,Hill,Western,2069/70,2012/13,Four  Visits,Four Time Visits,4221
Gulmi,Lumbini,Hill,Western,2069/70,2012/13,First Visit,< 20 Year,1558
Gulmi,Lumbini,Hill,Western,2069/70,2012/13,First Visit,> or equal 20 Years,4627
Gulmi,Lumbini,Hill,Western,2069/70,2012/13,Four  Visits,Four Time Visits,4699
Palpa,Lumbini,Hill,Western,2069/70,2012/13,First Visit,< 20 Year,2092
Palpa,Lumbini,Hill,Western,2069/70,2012/13,First Visit,> or equal 20 Years,6640
Palpa,Lumbini,Hill,Western,2069/70,2012/13,Four  Visits,Four Time Visits,3522
Nawalparasi,Lumbini,Terai,Western,2069/70,2012/13,First Visit,< 20 Year,2871
Nawalparasi,Lumbini,Terai,Western,2069/70,2012/13,First Visit,> or equal 20 Years,11319
Nawalparasi,Lumbini,Terai,Western,2069/70,2012/13,Four  Visits,Four Time Visits,9544
Rupandehi,Lumbini,Terai,Western,2069/70,2012/13,First Visit,< 20 Year,0
Rupandehi,Lumbini,Terai,Western,2069/70,2012/13,First Visit,> or equal 20 Years,26434
Rupandehi,Lumbini,Terai,Western,2069/70,2012/13,Four  Visits,Four Time Visits,16626
Kapilbastu,Lumbini,Terai,Western,2069/70,2012/13,First Visit,< 20 Year,1688
Kapilbastu,Lumbini,Terai,Western,2069/70,2012/13,First Visit,> or equal 20 Years,12183
Kapilbastu,Lumbini,Terai,Western,2069/70,2012/13,Four  Visits,Four Time Visits,8480
Arghakhanchi,Lumbini,Hill,Western,2069/70,2012/13,First Visit,< 20 Year,835
Arghakhanchi,Lumbini,Hill,Western,2069/70,2012/13,First Visit,> or equal 20 Years,2639
Arghakhanchi,Lumbini,Hill,Western,2069/70,2012/13,Four  Visits,Four Time Visits,1986
Pyuthan,Rapti,Hill,Mid-Western,2069/70,2012/13,First Visit,< 20 Year,1332
Pyuthan,Rapti,Hill,Mid-Western,2069/70,2012/13,First Visit,> or equal 20 Years,2828
Pyuthan,Rapti,Hill,Mid-Western,2069/70,2012/13,Four  Visits,Four Time Visits,2434
Rolpa,Rapti,Hill,Mid-Western,2069/70,2012/13,First Visit,< 20 Year,1101
Rolpa,Rapti,Hill,Mid-Western,2069/70,2012/13,First Visit,> or equal 20 Years,2147
Rolpa,Rapti,Hill,Mid-Western,2069/70,2012/13,Four  Visits,Four Time Visits,2203
Rukum,Rapti,Hill,Mid-Western,2069/70,2012/13,First Visit,< 20 Year,2328
Rukum,Rapti,Hill,Mid-Western,2069/70,2012/13,First Visit,> or equal 20 Years,3980
Rukum,Rapti,Hill,Mid-Western,2069/70,2012/13,Four  Visits,Four Time Visits,2325
Salyan,Rapti,Hill,Mid-Western,2069/70,2012/13,First Visit,< 20 Year,1937
Salyan,Rapti,Hill,Mid-Western,2069/70,2012/13,First Visit,> or equal 20 Years,3241
Salyan,Rapti,Hill,Mid-Western,2069/70,2012/13,Four  Visits,Four Time Visits,2406
Dang,Rapti,Terai,Mid-Western,2069/70,2012/13,First Visit,< 20 Year,4171
Dang,Rapti,Terai,Mid-Western,2069/70,2012/13,First Visit,> or equal 20 Years,7702
Dang,Rapti,Terai,Mid-Western,2069/70,2012/13,Four  Visits,Four Time Visits,6991
Banke,Bheri,Terai,Mid-Western,2069/70,2012/13,First Visit,< 20 Year,2830
Banke,Bheri,Terai,Mid-Western,2069/70,2012/13,First Visit,> or equal 20 Years,9891
Banke,Bheri,Terai,Mid-Western,2069/70,2012/13,Four  Visits,Four Time Visits,6584
Bardiya,Bheri,Terai,Mid-Western,2069/70,2012/13,First Visit,< 20 Year,2320
Bardiya,Bheri,Terai,Mid-Western,2069/70,2012/13,First Visit,> or equal 20 Years,6199
Bardiya,Bheri,Terai,Mid-Western,2069/70,2012/13,Four  Visits,Four Time Visits,5809
Surkhet,Bheri,Hill,Mid-Western,2069/70,2012/13,First Visit,< 20 Year,3424
Surkhet,Bheri,Hill,Mid-Western,2069/70,2012/13,First Visit,> or equal 20 Years,6625
Surkhet,Bheri,Hill,Mid-Western,2069/70,2012/13,Four  Visits,Four Time Visits,6101
Dailekh,Bheri,Hill,Mid-Western,2069/70,2012/13,First Visit,< 20 Year,1734
Dailekh,Bheri,Hill,Mid-Western,2069/70,2012/13,First Visit,> or equal 20 Years,4272
Dailekh,Bheri,Hill,Mid-Western,2069/70,2012/13,Four  Visits,Four Time Visits,4016
Jajarkot,Bheri,Hill,Mid-Western,2069/70,2012/13,First Visit,< 20 Year,1299
Jajarkot,Bheri,Hill,Mid-Western,2069/70,2012/13,First Visit,> or equal 20 Years,2634
Jajarkot,Bheri,Hill,Mid-Western,2069/70,2012/13,Four  Visits,Four Time Visits,1641
Dolpa,Karnali,Mountain,Mid-Western,2069/70,2012/13,First Visit,< 20 Year,353
Dolpa,Karnali,Mountain,Mid-Western,2069/70,2012/13,First Visit,> or equal 20 Years,444
Dolpa,Karnali,Mountain,Mid-Western,2069/70,2012/13,Four  Visits,Four Time Visits,292
Jumla,Karnali,Mountain,Mid-Western,2069/70,2012/13,First Visit,< 20 Year,1126
Jumla,Karnali,Mountain,Mid-Western,2069/70,2012/13,First Visit,> or equal 20 Years,1844
Jumla,Karnali,Mountain,Mid-Western,2069/70,2012/13,Four  Visits,Four Time Visits,1570
Kalikot,Karnali,Mountain,Mid-Western,2069/70,2012/13,First Visit,< 20 Year,717
Kalikot,Karnali,Mountain,Mid-Western,2069/70,2012/13,First Visit,> or equal 20 Years,2333
Kalikot,Karnali,Mountain,Mid-Western,2069/70,2012/13,Four  Visits,Four Time Visits,1067
Mugu,Karnali,Mountain,Mid-Western,2069/70,2012/13,First Visit,< 20 Year,504
Mugu,Karnali,Mountain,Mid-Western,2069/70,2012/13,First Visit,> or equal 20 Years,1145
Mugu,Karnali,Mountain,Mid-Western,2069/70,2012/13,Four  Visits,Four Time Visits,578
Humla,Karnali,Mountain,Mid-Western,2069/70,2012/13,First Visit,< 20 Year,478
Humla,Karnali,Mountain,Mid-Western,2069/70,2012/13,First Visit,> or equal 20 Years,1350
Humla,Karnali,Mountain,Mid-Western,2069/70,2012/13,Four  Visits,Four Time Visits,882
Bajura,Seti,Mountain,Far-Western,2069/70,2012/13,First Visit,< 20 Year,650
Bajura,Seti,Mountain,Far-Western,2069/70,2012/13,First Visit,> or equal 20 Years,2172
Bajura,Seti,Mountain,Far-Western,2069/70,2012/13,Four  Visits,Four Time Visits,1166
Bajhang,Seti,Mountain,Far-Western,2069/70,2012/13,First Visit,< 20 Year,1112
Bajhang,Seti,Mountain,Far-Western,2069/70,2012/13,First Visit,> or equal 20 Years,3863
Bajhang,Seti,Mountain,Far-Western,2069/70,2012/13,Four  Visits,Four Time Visits,2323
Achham,Seti,Hill,Far-Western,2069/70,2012/13,First Visit,< 20 Year,1499
Achham,Seti,Hill,Far-Western,2069/70,2012/13,First Visit,> or equal 20 Years,5765
Achham,Seti,Hill,Far-Western,2069/70,2012/13,Four  Visits,Four Time Visits,3839
Doti,Seti,Hill,Far-Western,2069/70,2012/13,First Visit,< 20 Year,1175
Doti,Seti,Hill,Far-Western,2069/70,2012/13,First Visit,> or equal 20 Years,4454
Doti,Seti,Hill,Far-Western,2069/70,2012/13,Four  Visits,Four Time Visits,3094
Kailali,Seti,Terai,Far-Western,2069/70,2012/13,First Visit,< 20 Year,3656
Kailali,Seti,Terai,Far-Western,2069/70,2012/13,First Visit,> or equal 20 Years,13247
Kailali,Seti,Terai,Far-Western,2069/70,2012/13,Four  Visits,Four Time Visits,9246
Kanchanpur,Mahakali,Terai,Far-Western,2069/70,2012/13,First Visit,< 20 Year,1877
Kanchanpur,Mahakali,Terai,Far-Western,2069/70,2012/13,First Visit,> or equal 20 Years,6719
Kanchanpur,Mahakali,Terai,Far-Western,2069/70,2012/13,Four  Visits,Four Time Visits,6038
Dadeldhura,Mahakali,Hill,Far-Western,2069/70,2012/13,First Visit,< 20 Year,1116
Dadeldhura,Mahakali,Hill,Far-Western,2069/70,2012/13,First Visit,> or equal 20 Years,5212
Dadeldhura,Mahakali,Hill,Far-Western,2069/70,2012/13,Four  Visits,Four Time Visits,2859
Baitadi,Mahakali,Hill,Far-Western,2069/70,2012/13,First Visit,< 20 Year,1085
Baitadi,Mahakali,Hill,Far-Western,2069/70,2012/13,First Visit,> or equal 20 Years,4768
Baitadi,Mahakali,Hill,Far-Western,2069/70,2012/13,Four  Visits,Four Time Visits,3763
Darchaula,Mahakali,Mountain,Far-Western,2069/70,2012/13,First Visit,< 20 Year,611
Darchaula,Mahakali,Mountain,Far-Western,2069/70,2012/13,First Visit,> or equal 20 Years,2610
Darchaula,Mahakali,Mountain,Far-Western,2069/70,2012/13,Four  Visits,Four Time Visits,1870
Taplejung,Mechi,Mountain,Eastern,2070/71,2013/14,First Visit,< 20 Year,749
Taplejung,Mechi,Mountain,Eastern,2070/71,2013/14,First Visit,> or equal 20 Years,2310
Taplejung,Mechi,Mountain,Eastern,2070/71,2013/14,Four  Visits,Four Time Visits,1688
Panchthar,Mechi,Hill,Eastern,2070/71,2013/14,First Visit,< 20 Year,969
Panchthar,Mechi,Hill,Eastern,2070/71,2013/14,First Visit,> or equal 20 Years,3262
Panchthar,Mechi,Hill,Eastern,2070/71,2013/14,Four  Visits,Four Time Visits,2465
Ilam,Mechi,Hill,Eastern,2070/71,2013/14,First Visit,< 20 Year,886
Ilam,Mechi,Hill,Eastern,2070/71,2013/14,First Visit,> or equal 20 Years,3813
Ilam,Mechi,Hill,Eastern,2070/71,2013/14,Four  Visits,Four Time Visits,3421
Jhapa,Mechi,Terai,Eastern,2070/71,2013/14,First Visit,< 20 Year,5229
Jhapa,Mechi,Terai,Eastern,2070/71,2013/14,First Visit,> or equal 20 Years,19329
Jhapa,Mechi,Terai,Eastern,2070/71,2013/14,Four  Visits,Four Time Visits,11068
Morang,Kosi,Terai,Eastern,2070/71,2013/14,First Visit,< 20 Year,5163
Morang,Kosi,Terai,Eastern,2070/71,2013/14,First Visit,> or equal 20 Years,19674
Morang,Kosi,Terai,Eastern,2070/71,2013/14,Four  Visits,Four Time Visits,12479
Sunsari,Kosi,Terai,Eastern,2070/71,2013/14,First Visit,< 20 Year,3291
Sunsari,Kosi,Terai,Eastern,2070/71,2013/14,First Visit,> or equal 20 Years,11572
Sunsari,Kosi,Terai,Eastern,2070/71,2013/14,Four  Visits,Four Time Visits,8796
Dhankuta,Kosi,Hill,Eastern,2070/71,2013/14,First Visit,< 20 Year,536
Dhankuta,Kosi,Hill,Eastern,2070/71,2013/14,First Visit,> or equal 20 Years,2462
Dhankuta,Kosi,Hill,Eastern,2070/71,2013/14,Four  Visits,Four Time Visits,2235
Terhathum,Kosi,Hill,Eastern,2070/71,2013/14,First Visit,< 20 Year,556
Terhathum,Kosi,Hill,Eastern,2070/71,2013/14,First Visit,> or equal 20 Years,1543
Terhathum,Kosi,Hill,Eastern,2070/71,2013/14,Four  Visits,Four Time Visits,1065
Sankhuwasabha,Kosi,Mountain,Eastern,2070/71,2013/14,First Visit,< 20 Year,850
Sankhuwasabha,Kosi,Mountain,Eastern,2070/71,2013/14,First Visit,> or equal 20 Years,2356
Sankhuwasabha,Kosi,Mountain,Eastern,2070/71,2013/14,Four  Visits,Four Time Visits,1803
Bhojpur,Kosi,Hill,Eastern,2070/71,2013/14,First Visit,< 20 Year,708
Bhojpur,Kosi,Hill,Eastern,2070/71,2013/14,First Visit,> or equal 20 Years,2327
Bhojpur,Kosi,Hill,Eastern,2070/71,2013/14,Four  Visits,Four Time Visits,1408
Solukhumbu,Sagarmatha,Mountain,Eastern,2070/71,2013/14,First Visit,< 20 Year,677
Solukhumbu,Sagarmatha,Mountain,Eastern,2070/71,2013/14,First Visit,> or equal 20 Years,2093
Solukhumbu,Sagarmatha,Mountain,Eastern,2070/71,2013/14,Four  Visits,Four Time Visits,1885
Okhaldhunga,Sagarmatha,Hill,Eastern,2070/71,2013/14,First Visit,< 20 Year,609
Okhaldhunga,Sagarmatha,Hill,Eastern,2070/71,2013/14,First Visit,> or equal 20 Years,1832
Okhaldhunga,Sagarmatha,Hill,Eastern,2070/71,2013/14,Four  Visits,Four Time Visits,1760
Khotang,Sagarmatha,Hill,Eastern,2070/71,2013/14,First Visit,< 20 Year,1231
Khotang,Sagarmatha,Hill,Eastern,2070/71,2013/14,First Visit,> or equal 20 Years,3514
Khotang,Sagarmatha,Hill,Eastern,2070/71,2013/14,Four  Visits,Four Time Visits,2941
Udayapur,Sagarmatha,Hill,Eastern,2070/71,2013/14,First Visit,< 20 Year,1645
Udayapur,Sagarmatha,Hill,Eastern,2070/71,2013/14,First Visit,> or equal 20 Years,5567
Udayapur,Sagarmatha,Hill,Eastern,2070/71,2013/14,Four  Visits,Four Time Visits,4040
Saptari,Sagarmatha,Terai,Eastern,2070/71,2013/14,First Visit,< 20 Year,2390
Saptari,Sagarmatha,Terai,Eastern,2070/71,2013/14,First Visit,> or equal 20 Years,16042
Saptari,Sagarmatha,Terai,Eastern,2070/71,2013/14,Four  Visits,Four Time Visits,13470
Siraha,Sagarmatha,Terai,Eastern,2070/71,2013/14,First Visit,< 20 Year,3013
Siraha,Sagarmatha,Terai,Eastern,2070/71,2013/14,First Visit,> or equal 20 Years,14104
Siraha,Sagarmatha,Terai,Eastern,2070/71,2013/14,Four  Visits,Four Time Visits,9301
Dhanusa,Janakpur,Terai,Central,2070/71,2013/14,First Visit,< 20 Year,4364
Dhanusa,Janakpur,Terai,Central,2070/71,2013/14,First Visit,> or equal 20 Years,12493
Dhanusa,Janakpur,Terai,Central,2070/71,2013/14,Four  Visits,Four Time Visits,7852
Mahottari,Janakpur,Terai,Central,2070/71,2013/14,First Visit,< 20 Year,3341
Mahottari,Janakpur,Terai,Central,2070/71,2013/14,First Visit,> or equal 20 Years,15738
Mahottari,Janakpur,Terai,Central,2070/71,2013/14,Four  Visits,Four Time Visits,11690
Sarlahi,Janakpur,Terai,Central,2070/71,2013/14,First Visit,< 20 Year,5937
Sarlahi,Janakpur,Terai,Central,2070/71,2013/14,First Visit,> or equal 20 Years,16553
Sarlahi,Janakpur,Terai,Central,2070/71,2013/14,Four  Visits,Four Time Visits,9586
Sindhuli,Janakpur,Hill,Central,2070/71,2013/14,First Visit,< 20 Year,1067
Sindhuli,Janakpur,Hill,Central,2070/71,2013/14,First Visit,> or equal 20 Years,3251
Sindhuli,Janakpur,Hill,Central,2070/71,2013/14,Four  Visits,Four Time Visits,1431
Ramechhap,Janakpur,Hill,Central,2070/71,2013/14,First Visit,< 20 Year,781
Ramechhap,Janakpur,Hill,Central,2070/71,2013/14,First Visit,> or equal 20 Years,2175
Ramechhap,Janakpur,Hill,Central,2070/71,2013/14,Four  Visits,Four Time Visits,1427
Dolakha,Janakpur,Mountain,Central,2070/71,2013/14,First Visit,< 20 Year,987
Dolakha,Janakpur,Mountain,Central,2070/71,2013/14,First Visit,> or equal 20 Years,2851
Dolakha,Janakpur,Mountain,Central,2070/71,2013/14,Four  Visits,Four Time Visits,969
Sindhupalchok,Bagmati,Mountain,Central,2070/71,2013/14,First Visit,< 20 Year,892
Sindhupalchok,Bagmati,Mountain,Central,2070/71,2013/14,First Visit,> or equal 20 Years,3023
Sindhupalchok,Bagmati,Mountain,Central,2070/71,2013/14,Four  Visits,Four Time Visits,1277
Kavre,Bagmati,Hill,Central,2070/71,2013/14,First Visit,< 20 Year,1517
Kavre,Bagmati,Hill,Central,2070/71,2013/14,First Visit,> or equal 20 Years,6832
Kavre,Bagmati,Hill,Central,2070/71,2013/14,Four  Visits,Four Time Visits,5586
Lalitpur,Bagmati,Hill,Central,2070/71,2013/14,First Visit,< 20 Year,0
Lalitpur,Bagmati,Hill,Central,2070/71,2013/14,First Visit,> or equal 20 Years,14052
Lalitpur,Bagmati,Hill,Central,2070/71,2013/14,Four  Visits,Four Time Visits,10771
Bhaktapur,Bagmati,Hill,Central,2070/71,2013/14,First Visit,< 20 Year,674
Bhaktapur,Bagmati,Hill,Central,2070/71,2013/14,First Visit,> or equal 20 Years,3081
Bhaktapur,Bagmati,Hill,Central,2070/71,2013/14,Four  Visits,Four Time Visits,1903
Kathmandu,Bagmati,Hill,Central,2070/71,2013/14,First Visit,< 20 Year,4438
Kathmandu,Bagmati,Hill,Central,2070/71,2013/14,First Visit,> or equal 20 Years,41667
Kathmandu,Bagmati,Hill,Central,2070/71,2013/14,Four  Visits,Four Time Visits,30828
Nuwakot,Bagmati,Hill,Central,2070/71,2013/14,First Visit,< 20 Year,991
Nuwakot,Bagmati,Hill,Central,2070/71,2013/14,First Visit,> or equal 20 Years,3135
Nuwakot,Bagmati,Hill,Central,2070/71,2013/14,Four  Visits,Four Time Visits,1970
Rasuwa,Bagmati,Mountain,Central,2070/71,2013/14,First Visit,< 20 Year,190
Rasuwa,Bagmati,Mountain,Central,2070/71,2013/14,First Visit,> or equal 20 Years,719
Rasuwa,Bagmati,Mountain,Central,2070/71,2013/14,Four  Visits,Four Time Visits,537
Dhading,Bagmati,Hill,Central,2070/71,2013/14,First Visit,< 20 Year,1607
Dhading,Bagmati,Hill,Central,2070/71,2013/14,First Visit,> or equal 20 Years,4749
Dhading,Bagmati,Hill,Central,2070/71,2013/14,Four  Visits,Four Time Visits,4647
Makwanpur,Narayani,Hill,Central,2070/71,2013/14,First Visit,< 20 Year,1538
Makwanpur,Narayani,Hill,Central,2070/71,2013/14,First Visit,> or equal 20 Years,4767
Makwanpur,Narayani,Hill,Central,2070/71,2013/14,Four  Visits,Four Time Visits,3402
Rautahat,Narayani,Terai,Central,2070/71,2013/14,First Visit,< 20 Year,4389
Rautahat,Narayani,Terai,Central,2070/71,2013/14,First Visit,> or equal 20 Years,15806
Rautahat,Narayani,Terai,Central,2070/71,2013/14,Four  Visits,Four Time Visits,10826
Bara,Narayani,Terai,Central,2070/71,2013/14,First Visit,< 20 Year,2720
Bara,Narayani,Terai,Central,2070/71,2013/14,First Visit,> or equal 20 Years,11781
Bara,Narayani,Terai,Central,2070/71,2013/14,Four  Visits,Four Time Visits,7556
Parsa,Narayani,Terai,Central,2070/71,2013/14,First Visit,< 20 Year,0
Parsa,Narayani,Terai,Central,2070/71,2013/14,First Visit,> or equal 20 Years,14571
Parsa,Narayani,Terai,Central,2070/71,2013/14,Four  Visits,Four Time Visits,8484
Chitawan,Narayani,Terai,Central,2070/71,2013/14,First Visit,< 20 Year,8543
Chitawan,Narayani,Terai,Central,2070/71,2013/14,First Visit,> or equal 20 Years,21623
Chitawan,Narayani,Terai,Central,2070/71,2013/14,Four  Visits,Four Time Visits,14282
Gorkha,Gandaki,Hill,Western,2070/71,2013/14,First Visit,< 20 Year,1367
Gorkha,Gandaki,Hill,Western,2070/71,2013/14,First Visit,> or equal 20 Years,4012
Gorkha,Gandaki,Hill,Western,2070/71,2013/14,Four  Visits,Four Time Visits,2980
Lamjung,Gandaki,Hill,Western,2070/71,2013/14,First Visit,< 20 Year,868
Lamjung,Gandaki,Hill,Western,2070/71,2013/14,First Visit,> or equal 20 Years,2910
Lamjung,Gandaki,Hill,Western,2070/71,2013/14,Four  Visits,Four Time Visits,3199
Tanahu,Gandaki,Hill,Western,2070/71,2013/14,First Visit,< 20 Year,1956
Tanahu,Gandaki,Hill,Western,2070/71,2013/14,First Visit,> or equal 20 Years,4558
Tanahu,Gandaki,Hill,Western,2070/71,2013/14,Four  Visits,Four Time Visits,4177
Syangja,Gandaki,Hill,Western,2070/71,2013/14,First Visit,< 20 Year,1205
Syangja,Gandaki,Hill,Western,2070/71,2013/14,First Visit,> or equal 20 Years,4357
Syangja,Gandaki,Hill,Western,2070/71,2013/14,Four  Visits,Four Time Visits,4070
Kaski,Gandaki,Hill,Western,2070/71,2013/14,First Visit,< 20 Year,4879
Kaski,Gandaki,Hill,Western,2070/71,2013/14,First Visit,> or equal 20 Years,18298
Kaski,Gandaki,Hill,Western,2070/71,2013/14,Four  Visits,Four Time Visits,14233
Manang,Gandaki,Mountain,Western,2070/71,2013/14,First Visit,< 20 Year,12
Manang,Gandaki,Mountain,Western,2070/71,2013/14,First Visit,> or equal 20 Years,75
Manang,Gandaki,Mountain,Western,2070/71,2013/14,Four  Visits,Four Time Visits,31
Mustang,Dhawalagiri,Mountain,Western,2070/71,2013/14,First Visit,< 20 Year,34
Mustang,Dhawalagiri,Mountain,Western,2070/71,2013/14,First Visit,> or equal 20 Years,149
Mustang,Dhawalagiri,Mountain,Western,2070/71,2013/14,Four  Visits,Four Time Visits,68
Myagdi,Dhawalagiri,Hill,Western,2070/71,2013/14,First Visit,< 20 Year,514
Myagdi,Dhawalagiri,Hill,Western,2070/71,2013/14,First Visit,> or equal 20 Years,1561
Myagdi,Dhawalagiri,Hill,Western,2070/71,2013/14,Four  Visits,Four Time Visits,1008
Parbat,Dhawalagiri,Hill,Western,2070/71,2013/14,First Visit,< 20 Year,666
Parbat,Dhawalagiri,Hill,Western,2070/71,2013/14,First Visit,> or equal 20 Years,1863
Parbat,Dhawalagiri,Hill,Western,2070/71,2013/14,Four  Visits,Four Time Visits,945
Baglung,Dhawalagiri,Hill,Western,2070/71,2013/14,First Visit,< 20 Year,1611
Baglung,Dhawalagiri,Hill,Western,2070/71,2013/14,First Visit,> or equal 20 Years,4657
Baglung,Dhawalagiri,Hill,Western,2070/71,2013/14,Four  Visits,Four Time Visits,2053
Gulmi,Lumbini,Hill,Western,2070/71,2013/14,First Visit,< 20 Year,1207
Gulmi,Lumbini,Hill,Western,2070/71,2013/14,First Visit,> or equal 20 Years,3893
Gulmi,Lumbini,Hill,Western,2070/71,2013/14,Four  Visits,Four Time Visits,1199
Palpa,Lumbini,Hill,Western,2070/71,2013/14,First Visit,< 20 Year,2514
Palpa,Lumbini,Hill,Western,2070/71,2013/14,First Visit,> or equal 20 Years,7262
Palpa,Lumbini,Hill,Western,2070/71,2013/14,Four  Visits,Four Time Visits,4782
Nawalparasi,Lumbini,Terai,Western,2070/71,2013/14,First Visit,< 20 Year,2763
Nawalparasi,Lumbini,Terai,Western,2070/71,2013/14,First Visit,> or equal 20 Years,11496
Nawalparasi,Lumbini,Terai,Western,2070/71,2013/14,Four  Visits,Four Time Visits,10254
Rupandehi,Lumbini,Terai,Western,2070/71,2013/14,First Visit,< 20 Year,0
Rupandehi,Lumbini,Terai,Western,2070/71,2013/14,First Visit,> or equal 20 Years,27377
Rupandehi,Lumbini,Terai,Western,2070/71,2013/14,Four  Visits,Four Time Visits,17311
Kapilbastu,Lumbini,Terai,Western,2070/71,2013/14,First Visit,< 20 Year,1122
Kapilbastu,Lumbini,Terai,Western,2070/71,2013/14,First Visit,> or equal 20 Years,13289
Kapilbastu,Lumbini,Terai,Western,2070/71,2013/14,Four  Visits,Four Time Visits,9040
Arghakhanchi,Lumbini,Hill,Western,2070/71,2013/14,First Visit,< 20 Year,1030
Arghakhanchi,Lumbini,Hill,Western,2070/71,2013/14,First Visit,> or equal 20 Years,2595
Arghakhanchi,Lumbini,Hill,Western,2070/71,2013/14,Four  Visits,Four Time Visits,2280
Pyuthan,Rapti,Hill,Mid-Western,2070/71,2013/14,First Visit,< 20 Year,1182
Pyuthan,Rapti,Hill,Mid-Western,2070/71,2013/14,First Visit,> or equal 20 Years,2848
Pyuthan,Rapti,Hill,Mid-Western,2070/71,2013/14,Four  Visits,Four Time Visits,2527
Rolpa,Rapti,Hill,Mid-Western,2070/71,2013/14,First Visit,< 20 Year,1148
Rolpa,Rapti,Hill,Mid-Western,2070/71,2013/14,First Visit,> or equal 20 Years,2438
Rolpa,Rapti,Hill,Mid-Western,2070/71,2013/14,Four  Visits,Four Time Visits,2490
Rukum,Rapti,Hill,Mid-Western,2070/71,2013/14,First Visit,< 20 Year,2369
Rukum,Rapti,Hill,Mid-Western,2070/71,2013/14,First Visit,> or equal 20 Years,3815
Rukum,Rapti,Hill,Mid-Western,2070/71,2013/14,Four  Visits,Four Time Visits,2395
Salyan,Rapti,Hill,Mid-Western,2070/71,2013/14,First Visit,< 20 Year,2134
Salyan,Rapti,Hill,Mid-Western,2070/71,2013/14,First Visit,> or equal 20 Years,3688
Salyan,Rapti,Hill,Mid-Western,2070/71,2013/14,Four  Visits,Four Time Visits,2670
Dang,Rapti,Terai,Mid-Western,2070/71,2013/14,First Visit,< 20 Year,4510
Dang,Rapti,Terai,Mid-Western,2070/71,2013/14,First Visit,> or equal 20 Years,10020
Dang,Rapti,Terai,Mid-Western,2070/71,2013/14,Four  Visits,Four Time Visits,9489
Banke,Bheri,Terai,Mid-Western,2070/71,2013/14,First Visit,< 20 Year,3022
Banke,Bheri,Terai,Mid-Western,2070/71,2013/14,First Visit,> or equal 20 Years,10691
Banke,Bheri,Terai,Mid-Western,2070/71,2013/14,Four  Visits,Four Time Visits,7268
Bardiya,Bheri,Terai,Mid-Western,2070/71,2013/14,First Visit,< 20 Year,2184
Bardiya,Bheri,Terai,Mid-Western,2070/71,2013/14,First Visit,> or equal 20 Years,6095
Bardiya,Bheri,Terai,Mid-Western,2070/71,2013/14,Four  Visits,Four Time Visits,5968
Surkhet,Bheri,Hill,Mid-Western,2070/71,2013/14,First Visit,< 20 Year,3210
Surkhet,Bheri,Hill,Mid-Western,2070/71,2013/14,First Visit,> or equal 20 Years,6469
Surkhet,Bheri,Hill,Mid-Western,2070/71,2013/14,Four  Visits,Four Time Visits,6178
Dailekh,Bheri,Hill,Mid-Western,2070/71,2013/14,First Visit,< 20 Year,1981
Dailekh,Bheri,Hill,Mid-Western,2070/71,2013/14,First Visit,> or equal 20 Years,4621
Dailekh,Bheri,Hill,Mid-Western,2070/71,2013/14,Four  Visits,Four Time Visits,3849
Jajarkot,Bheri,Hill,Mid-Western,2070/71,2013/14,First Visit,< 20 Year,1357
Jajarkot,Bheri,Hill,Mid-Western,2070/71,2013/14,First Visit,> or equal 20 Years,2282
Jajarkot,Bheri,Hill,Mid-Western,2070/71,2013/14,Four  Visits,Four Time Visits,1574
Dolpa,Karnali,Mountain,Mid-Western,2070/71,2013/14,First Visit,< 20 Year,232
Dolpa,Karnali,Mountain,Mid-Western,2070/71,2013/14,First Visit,> or equal 20 Years,489
Dolpa,Karnali,Mountain,Mid-Western,2070/71,2013/14,Four  Visits,Four Time Visits,395
Jumla,Karnali,Mountain,Mid-Western,2070/71,2013/14,First Visit,< 20 Year,1086
Jumla,Karnali,Mountain,Mid-Western,2070/71,2013/14,First Visit,> or equal 20 Years,2048
Jumla,Karnali,Mountain,Mid-Western,2070/71,2013/14,Four  Visits,Four Time Visits,1590
Kalikot,Karnali,Mountain,Mid-Western,2070/71,2013/14,First Visit,< 20 Year,654
Kalikot,Karnali,Mountain,Mid-Western,2070/71,2013/14,First Visit,> or equal 20 Years,2275
Kalikot,Karnali,Mountain,Mid-Western,2070/71,2013/14,Four  Visits,Four Time Visits,1394
Mugu,Karnali,Mountain,Mid-Western,2070/71,2013/14,First Visit,< 20 Year,589
Mugu,Karnali,Mountain,Mid-Western,2070/71,2013/14,First Visit,> or equal 20 Years,1321
Mugu,Karnali,Mountain,Mid-Western,2070/71,2013/14,Four  Visits,Four Time Visits,587
Humla,Karnali,Mountain,Mid-Western,2070/71,2013/14,First Visit,< 20 Year,377
Humla,Karnali,Mountain,Mid-Western,2070/71,2013/14,First Visit,> or equal 20 Years,1384
Humla,Karnali,Mountain,Mid-Western,2070/71,2013/14,Four  Visits,Four Time Visits,796
Bajura,Seti,Mountain,Far-Western,2070/71,2013/14,First Visit,< 20 Year,540
Bajura,Seti,Mountain,Far-Western,2070/71,2013/14,First Visit,> or equal 20 Years,2163
Bajura,Seti,Mountain,Far-Western,2070/71,2013/14,Four  Visits,Four Time Visits,1168
Bajhang,Seti,Mountain,Far-Western,2070/71,2013/14,First Visit,< 20 Year,1126
Bajhang,Seti,Mountain,Far-Western,2070/71,2013/14,First Visit,> or equal 20 Years,3677
Bajhang,Seti,Mountain,Far-Western,2070/71,2013/14,Four  Visits,Four Time Visits,2366
Achham,Seti,Hill,Far-Western,2070/71,2013/14,First Visit,< 20 Year,1265
Achham,Seti,Hill,Far-Western,2070/71,2013/14,First Visit,> or equal 20 Years,5554
Achham,Seti,Hill,Far-Western,2070/71,2013/14,Four  Visits,Four Time Visits,4538
Doti,Seti,Hill,Far-Western,2070/71,2013/14,First Visit,< 20 Year,1195
Doti,Seti,Hill,Far-Western,2070/71,2013/14,First Visit,> or equal 20 Years,4240
Doti,Seti,Hill,Far-Western,2070/71,2013/14,Four  Visits,Four Time Visits,2968
Kailali,Seti,Terai,Far-Western,2070/71,2013/14,First Visit,< 20 Year,3010
Kailali,Seti,Terai,Far-Western,2070/71,2013/14,First Visit,> or equal 20 Years,10539
Kailali,Seti,Terai,Far-Western,2070/71,2013/14,Four  Visits,Four Time Visits,9802
Kanchanpur,Mahakali,Terai,Far-Western,2070/71,2013/14,First Visit,< 20 Year,1687
Kanchanpur,Mahakali,Terai,Far-Western,2070/71,2013/14,First Visit,> or equal 20 Years,7170
Kanchanpur,Mahakali,Terai,Far-Western,2070/71,2013/14,Four  Visits,Four Time Visits,6932
Dadeldhura,Mahakali,Hill,Far-Western,2070/71,2013/14,First Visit,< 20 Year,704
Dadeldhura,Mahakali,Hill,Far-Western,2070/71,2013/14,First Visit,> or equal 20 Years,2505
Dadeldhura,Mahakali,Hill,Far-Western,2070/71,2013/14,Four  Visits,Four Time Visits,2141
Baitadi,Mahakali,Hill,Far-Western,2070/71,2013/14,First Visit,< 20 Year,1000
Baitadi,Mahakali,Hill,Far-Western,2070/71,2013/14,First Visit,> or equal 20 Years,4885
Baitadi,Mahakali,Hill,Far-Western,2070/71,2013/14,Four  Visits,Four Time Visits,4422
Darchaula,Mahakali,Mountain,Far-Western,2070/71,2013/14,First Visit,< 20 Year,511
Darchaula,Mahakali,Mountain,Far-Western,2070/71,2013/14,First Visit,> or equal 20 Years,2237
Darchaula,Mahakali,Mountain,Far-Western,2070/71,2013/14,Four  Visits,Four Time Visits,1851
