District Name,Zone,Ecological Belt,Development Region,Year (BS),Year (AD),Indicator,Sub-Indicator,Value
Taplejung,Mechi,Mountain,Eastern,2069/70,2012/13,Expenditure of this month,Medicine,0
Taplejung,Mechi,Mountain,Eastern,2069/70,2012/13,Expenditure of this month,Exempted,0
Taplejung,Mechi,Mountain,Eastern,2069/70,2012/13,Expenditure of this month,Health Facility Conduction expenditure,0
Taplejung,Mechi,Mountain,Eastern,2069/70,2012/13,Expenditure of this month,Total Expenditure of this month,0
Taplejung,Mechi,Mountain,Eastern,2069/70,2012/13,Total Balance at the end of last month,Total Expenditure of this month,0
Taplejung,Mechi,Mountain,Eastern,2069/70,2012/13,Total Balance at the end of this month (bank),Total Expenditure of this month,142000
Taplejung,Mechi,Mountain,Eastern,2069/70,2012/13,Total Balance at Cash box at the of this month,Total Expenditure of this month,0
Taplejung,Mechi,Mountain,Eastern,2069/70,2012/13,Total balance,Total Expenditure of this month,142000
Panchthar,Mechi,Hill,Eastern,2069/70,2012/13,Expenditure of this month,Medicine,0
Panchthar,Mechi,Hill,Eastern,2069/70,2012/13,Expenditure of this month,Exempted,0
Panchthar,Mechi,Hill,Eastern,2069/70,2012/13,Expenditure of this month,Health Facility Conduction expenditure,55416
Panchthar,Mechi,Hill,Eastern,2069/70,2012/13,Expenditure of this month,Total Expenditure of this month,55416
Panchthar,Mechi,Hill,Eastern,2069/70,2012/13,Total Balance at the end of last month,Total Expenditure of this month,632850
Panchthar,Mechi,Hill,Eastern,2069/70,2012/13,Total Balance at the end of this month (bank),Total Expenditure of this month,230000
Panchthar,Mechi,Hill,Eastern,2069/70,2012/13,Total Balance at Cash box at the of this month,Total Expenditure of this month,350632
Panchthar,Mechi,Hill,Eastern,2069/70,2012/13,Total balance,Total Expenditure of this month,1213482
Ilam,Mechi,Hill,Eastern,2069/70,2012/13,Expenditure of this month,Medicine,0
Ilam,Mechi,Hill,Eastern,2069/70,2012/13,Expenditure of this month,Exempted,0
Ilam,Mechi,Hill,Eastern,2069/70,2012/13,Expenditure of this month,Health Facility Conduction expenditure,1900
Ilam,Mechi,Hill,Eastern,2069/70,2012/13,Expenditure of this month,Total Expenditure of this month,1900
Ilam,Mechi,Hill,Eastern,2069/70,2012/13,Total Balance at the end of last month,Total Expenditure of this month,0
Ilam,Mechi,Hill,Eastern,2069/70,2012/13,Total Balance at the end of this month (bank),Total Expenditure of this month,79941
Ilam,Mechi,Hill,Eastern,2069/70,2012/13,Total Balance at Cash box at the of this month,Total Expenditure of this month,19235
Ilam,Mechi,Hill,Eastern,2069/70,2012/13,Total balance,Total Expenditure of this month,99176
Jhapa,Mechi,Terai,Eastern,2069/70,2012/13,Expenditure of this month,Medicine,5230
Jhapa,Mechi,Terai,Eastern,2069/70,2012/13,Expenditure of this month,Exempted,0
Jhapa,Mechi,Terai,Eastern,2069/70,2012/13,Expenditure of this month,Health Facility Conduction expenditure,67315
Jhapa,Mechi,Terai,Eastern,2069/70,2012/13,Expenditure of this month,Total Expenditure of this month,72545
Jhapa,Mechi,Terai,Eastern,2069/70,2012/13,Total Balance at the end of last month,Total Expenditure of this month,243730
Jhapa,Mechi,Terai,Eastern,2069/70,2012/13,Total Balance at the end of this month (bank),Total Expenditure of this month,345281
Jhapa,Mechi,Terai,Eastern,2069/70,2012/13,Total Balance at Cash box at the of this month,Total Expenditure of this month,248200
Jhapa,Mechi,Terai,Eastern,2069/70,2012/13,Total balance,Total Expenditure of this month,837211
Morang,Kosi,Terai,Eastern,2069/70,2012/13,Expenditure of this month,Medicine,0
Morang,Kosi,Terai,Eastern,2069/70,2012/13,Expenditure of this month,Exempted,0
Morang,Kosi,Terai,Eastern,2069/70,2012/13,Expenditure of this month,Health Facility Conduction expenditure,0
Morang,Kosi,Terai,Eastern,2069/70,2012/13,Expenditure of this month,Total Expenditure of this month,0
Morang,Kosi,Terai,Eastern,2069/70,2012/13,Total Balance at the end of last month,Total Expenditure of this month,0
Morang,Kosi,Terai,Eastern,2069/70,2012/13,Total Balance at the end of this month (bank),Total Expenditure of this month,0
Morang,Kosi,Terai,Eastern,2069/70,2012/13,Total Balance at Cash box at the of this month,Total Expenditure of this month,0
Morang,Kosi,Terai,Eastern,2069/70,2012/13,Total balance,Total Expenditure of this month,0
Sunsari,Kosi,Terai,Eastern,2069/70,2012/13,Expenditure of this month,Medicine,0
Sunsari,Kosi,Terai,Eastern,2069/70,2012/13,Expenditure of this month,Exempted,0
Sunsari,Kosi,Terai,Eastern,2069/70,2012/13,Expenditure of this month,Health Facility Conduction expenditure,7500
Sunsari,Kosi,Terai,Eastern,2069/70,2012/13,Expenditure of this month,Total Expenditure of this month,7500
Sunsari,Kosi,Terai,Eastern,2069/70,2012/13,Total Balance at the end of last month,Total Expenditure of this month,59844
Sunsari,Kosi,Terai,Eastern,2069/70,2012/13,Total Balance at the end of this month (bank),Total Expenditure of this month,39844
Sunsari,Kosi,Terai,Eastern,2069/70,2012/13,Total Balance at Cash box at the of this month,Total Expenditure of this month,12500
Sunsari,Kosi,Terai,Eastern,2069/70,2012/13,Total balance,Total Expenditure of this month,112188
Dhankuta,Kosi,Hill,Eastern,2069/70,2012/13,Expenditure of this month,Medicine,17442
Dhankuta,Kosi,Hill,Eastern,2069/70,2012/13,Expenditure of this month,Exempted,12400
Dhankuta,Kosi,Hill,Eastern,2069/70,2012/13,Expenditure of this month,Health Facility Conduction expenditure,76009
Dhankuta,Kosi,Hill,Eastern,2069/70,2012/13,Expenditure of this month,Total Expenditure of this month,105851
Dhankuta,Kosi,Hill,Eastern,2069/70,2012/13,Total Balance at the end of last month,Total Expenditure of this month,6063161
Dhankuta,Kosi,Hill,Eastern,2069/70,2012/13,Total Balance at the end of this month (bank),Total Expenditure of this month,1651682
Dhankuta,Kosi,Hill,Eastern,2069/70,2012/13,Total Balance at Cash box at the of this month,Total Expenditure of this month,7472
Dhankuta,Kosi,Hill,Eastern,2069/70,2012/13,Total balance,Total Expenditure of this month,7722315
Teharthum,Kosi,Hill,Eastern,2069/70,2012/13,Expenditure of this month,Medicine,0
Teharthum,Kosi,Hill,Eastern,2069/70,2012/13,Expenditure of this month,Exempted,0
Teharthum,Kosi,Hill,Eastern,2069/70,2012/13,Expenditure of this month,Health Facility Conduction expenditure,0
Teharthum,Kosi,Hill,Eastern,2069/70,2012/13,Expenditure of this month,Total Expenditure of this month,0
Teharthum,Kosi,Hill,Eastern,2069/70,2012/13,Total Balance at the end of last month,Total Expenditure of this month,0
Teharthum,Kosi,Hill,Eastern,2069/70,2012/13,Total Balance at the end of this month (bank),Total Expenditure of this month,0
Teharthum,Kosi,Hill,Eastern,2069/70,2012/13,Total Balance at Cash box at the of this month,Total Expenditure of this month,0
Teharthum,Kosi,Hill,Eastern,2069/70,2012/13,Total balance,Total Expenditure of this month,0
Sankhuwasabha,Kosi,Mountain,Eastern,2069/70,2012/13,Expenditure of this month,Medicine,19770
Sankhuwasabha,Kosi,Mountain,Eastern,2069/70,2012/13,Expenditure of this month,Exempted,0
Sankhuwasabha,Kosi,Mountain,Eastern,2069/70,2012/13,Expenditure of this month,Health Facility Conduction expenditure,475002
Sankhuwasabha,Kosi,Mountain,Eastern,2069/70,2012/13,Expenditure of this month,Total Expenditure of this month,494772
Sankhuwasabha,Kosi,Mountain,Eastern,2069/70,2012/13,Total Balance at the end of last month,Total Expenditure of this month,8930324
Sankhuwasabha,Kosi,Mountain,Eastern,2069/70,2012/13,Total Balance at the end of this month (bank),Total Expenditure of this month,4815424
Sankhuwasabha,Kosi,Mountain,Eastern,2069/70,2012/13,Total Balance at Cash box at the of this month,Total Expenditure of this month,805419
Sankhuwasabha,Kosi,Mountain,Eastern,2069/70,2012/13,Total balance,Total Expenditure of this month,14551167
Bhojpur,Kosi,Hill,Eastern,2069/70,2012/13,Expenditure of this month,Medicine,245064
Bhojpur,Kosi,Hill,Eastern,2069/70,2012/13,Expenditure of this month,Exempted,1000
Bhojpur,Kosi,Hill,Eastern,2069/70,2012/13,Expenditure of this month,Health Facility Conduction expenditure,86320
Bhojpur,Kosi,Hill,Eastern,2069/70,2012/13,Expenditure of this month,Total Expenditure of this month,332384
Bhojpur,Kosi,Hill,Eastern,2069/70,2012/13,Total Balance at the end of last month,Total Expenditure of this month,1587418
Bhojpur,Kosi,Hill,Eastern,2069/70,2012/13,Total Balance at the end of this month (bank),Total Expenditure of this month,910546
Bhojpur,Kosi,Hill,Eastern,2069/70,2012/13,Total Balance at Cash box at the of this month,Total Expenditure of this month,375768
Bhojpur,Kosi,Hill,Eastern,2069/70,2012/13,Total balance,Total Expenditure of this month,2873732
Solukhumbu,Sagarmatha,Mountain,Eastern,2069/70,2012/13,Expenditure of this month,Medicine,0
Solukhumbu,Sagarmatha,Mountain,Eastern,2069/70,2012/13,Expenditure of this month,Exempted,0
Solukhumbu,Sagarmatha,Mountain,Eastern,2069/70,2012/13,Expenditure of this month,Health Facility Conduction expenditure,0
Solukhumbu,Sagarmatha,Mountain,Eastern,2069/70,2012/13,Expenditure of this month,Total Expenditure of this month,0
Solukhumbu,Sagarmatha,Mountain,Eastern,2069/70,2012/13,Total Balance at the end of last month,Total Expenditure of this month,0
Solukhumbu,Sagarmatha,Mountain,Eastern,2069/70,2012/13,Total Balance at the end of this month (bank),Total Expenditure of this month,0
Solukhumbu,Sagarmatha,Mountain,Eastern,2069/70,2012/13,Total Balance at Cash box at the of this month,Total Expenditure of this month,0
Solukhumbu,Sagarmatha,Mountain,Eastern,2069/70,2012/13,Total balance,Total Expenditure of this month,0
Okhaldhunga,Sagarmatha,Hill,Eastern,2069/70,2012/13,Expenditure of this month,Medicine,3423882
Okhaldhunga,Sagarmatha,Hill,Eastern,2069/70,2012/13,Expenditure of this month,Exempted,499033
Okhaldhunga,Sagarmatha,Hill,Eastern,2069/70,2012/13,Expenditure of this month,Health Facility Conduction expenditure,279227
Okhaldhunga,Sagarmatha,Hill,Eastern,2069/70,2012/13,Expenditure of this month,Total Expenditure of this month,4202142
Okhaldhunga,Sagarmatha,Hill,Eastern,2069/70,2012/13,Total Balance at the end of last month,Total Expenditure of this month,983095
Okhaldhunga,Sagarmatha,Hill,Eastern,2069/70,2012/13,Total Balance at the end of this month (bank),Total Expenditure of this month,1060796
Okhaldhunga,Sagarmatha,Hill,Eastern,2069/70,2012/13,Total Balance at Cash box at the of this month,Total Expenditure of this month,1476193
Okhaldhunga,Sagarmatha,Hill,Eastern,2069/70,2012/13,Total balance,Total Expenditure of this month,3520085
Khotang,Sagarmatha,Hill,Eastern,2069/70,2012/13,Expenditure of this month,Medicine,0
Khotang,Sagarmatha,Hill,Eastern,2069/70,2012/13,Expenditure of this month,Exempted,0
Khotang,Sagarmatha,Hill,Eastern,2069/70,2012/13,Expenditure of this month,Health Facility Conduction expenditure,0
Khotang,Sagarmatha,Hill,Eastern,2069/70,2012/13,Expenditure of this month,Total Expenditure of this month,0
Khotang,Sagarmatha,Hill,Eastern,2069/70,2012/13,Total Balance at the end of last month,Total Expenditure of this month,0
Khotang,Sagarmatha,Hill,Eastern,2069/70,2012/13,Total Balance at the end of this month (bank),Total Expenditure of this month,0
Khotang,Sagarmatha,Hill,Eastern,2069/70,2012/13,Total Balance at Cash box at the of this month,Total Expenditure of this month,0
Khotang,Sagarmatha,Hill,Eastern,2069/70,2012/13,Total balance,Total Expenditure of this month,0
Udaypur,Sagarmatha,Hill,Eastern,2069/70,2012/13,Expenditure of this month,Medicine,0
Udaypur,Sagarmatha,Hill,Eastern,2069/70,2012/13,Expenditure of this month,Exempted,0
Udaypur,Sagarmatha,Hill,Eastern,2069/70,2012/13,Expenditure of this month,Health Facility Conduction expenditure,0
Udaypur,Sagarmatha,Hill,Eastern,2069/70,2012/13,Expenditure of this month,Total Expenditure of this month,0
Udaypur,Sagarmatha,Hill,Eastern,2069/70,2012/13,Total Balance at the end of last month,Total Expenditure of this month,0
Udaypur,Sagarmatha,Hill,Eastern,2069/70,2012/13,Total Balance at the end of this month (bank),Total Expenditure of this month,293000
Udaypur,Sagarmatha,Hill,Eastern,2069/70,2012/13,Total Balance at Cash box at the of this month,Total Expenditure of this month,0
Udaypur,Sagarmatha,Hill,Eastern,2069/70,2012/13,Total balance,Total Expenditure of this month,293000
Saptari,Sagarmatha,Terai,Eastern,2069/70,2012/13,Expenditure of this month,Medicine,219972
Saptari,Sagarmatha,Terai,Eastern,2069/70,2012/13,Expenditure of this month,Exempted,700
Saptari,Sagarmatha,Terai,Eastern,2069/70,2012/13,Expenditure of this month,Health Facility Conduction expenditure,872656
Saptari,Sagarmatha,Terai,Eastern,2069/70,2012/13,Expenditure of this month,Total Expenditure of this month,1093328
Saptari,Sagarmatha,Terai,Eastern,2069/70,2012/13,Total Balance at the end of last month,Total Expenditure of this month,6875570
Saptari,Sagarmatha,Terai,Eastern,2069/70,2012/13,Total Balance at the end of this month (bank),Total Expenditure of this month,10394224
Saptari,Sagarmatha,Terai,Eastern,2069/70,2012/13,Total Balance at Cash box at the of this month,Total Expenditure of this month,1541698
Saptari,Sagarmatha,Terai,Eastern,2069/70,2012/13,Total balance,Total Expenditure of this month,18811492
Siraha,Sagarmatha,Terai,Eastern,2069/70,2012/13,Expenditure of this month,Medicine,9900
Siraha,Sagarmatha,Terai,Eastern,2069/70,2012/13,Expenditure of this month,Exempted,0
Siraha,Sagarmatha,Terai,Eastern,2069/70,2012/13,Expenditure of this month,Health Facility Conduction expenditure,545613
Siraha,Sagarmatha,Terai,Eastern,2069/70,2012/13,Expenditure of this month,Total Expenditure of this month,555513
Siraha,Sagarmatha,Terai,Eastern,2069/70,2012/13,Total Balance at the end of last month,Total Expenditure of this month,11339875
Siraha,Sagarmatha,Terai,Eastern,2069/70,2012/13,Total Balance at the end of this month (bank),Total Expenditure of this month,5118645
Siraha,Sagarmatha,Terai,Eastern,2069/70,2012/13,Total Balance at Cash box at the of this month,Total Expenditure of this month,431698
Siraha,Sagarmatha,Terai,Eastern,2069/70,2012/13,Total balance,Total Expenditure of this month,16890218
Dhanusha,Janakpur,Terai,Central,2069/70,2012/13,Expenditure of this month,Medicine,73420
Dhanusha,Janakpur,Terai,Central,2069/70,2012/13,Expenditure of this month,Exempted,43980
Dhanusha,Janakpur,Terai,Central,2069/70,2012/13,Expenditure of this month,Health Facility Conduction expenditure,115600
Dhanusha,Janakpur,Terai,Central,2069/70,2012/13,Expenditure of this month,Total Expenditure of this month,233000
Dhanusha,Janakpur,Terai,Central,2069/70,2012/13,Total Balance at the end of last month,Total Expenditure of this month,2603240
Dhanusha,Janakpur,Terai,Central,2069/70,2012/13,Total Balance at the end of this month (bank),Total Expenditure of this month,1575505
Dhanusha,Janakpur,Terai,Central,2069/70,2012/13,Total Balance at Cash box at the of this month,Total Expenditure of this month,1064353
Dhanusha,Janakpur,Terai,Central,2069/70,2012/13,Total balance,Total Expenditure of this month,5243098
Mahottari,Janakpur,Terai,Central,2069/70,2012/13,Expenditure of this month,Medicine,47500
Mahottari,Janakpur,Terai,Central,2069/70,2012/13,Expenditure of this month,Exempted,25000
Mahottari,Janakpur,Terai,Central,2069/70,2012/13,Expenditure of this month,Health Facility Conduction expenditure,211321
Mahottari,Janakpur,Terai,Central,2069/70,2012/13,Expenditure of this month,Total Expenditure of this month,283821
Mahottari,Janakpur,Terai,Central,2069/70,2012/13,Total Balance at the end of last month,Total Expenditure of this month,398126
Mahottari,Janakpur,Terai,Central,2069/70,2012/13,Total Balance at the end of this month (bank),Total Expenditure of this month,267135
Mahottari,Janakpur,Terai,Central,2069/70,2012/13,Total Balance at Cash box at the of this month,Total Expenditure of this month,366710
Mahottari,Janakpur,Terai,Central,2069/70,2012/13,Total balance,Total Expenditure of this month,1031971
Sarlahi,Janakpur,Terai,Central,2069/70,2012/13,Expenditure of this month,Medicine,3000
Sarlahi,Janakpur,Terai,Central,2069/70,2012/13,Expenditure of this month,Exempted,0
Sarlahi,Janakpur,Terai,Central,2069/70,2012/13,Expenditure of this month,Health Facility Conduction expenditure,60500
Sarlahi,Janakpur,Terai,Central,2069/70,2012/13,Expenditure of this month,Total Expenditure of this month,63500
Sarlahi,Janakpur,Terai,Central,2069/70,2012/13,Total Balance at the end of last month,Total Expenditure of this month,17810
Sarlahi,Janakpur,Terai,Central,2069/70,2012/13,Total Balance at the end of this month (bank),Total Expenditure of this month,70510
Sarlahi,Janakpur,Terai,Central,2069/70,2012/13,Total Balance at Cash box at the of this month,Total Expenditure of this month,3017
Sarlahi,Janakpur,Terai,Central,2069/70,2012/13,Total balance,Total Expenditure of this month,91337
Sindhuli,Janakpur,Hill,Central,2069/70,2012/13,Expenditure of this month,Medicine,0
Sindhuli,Janakpur,Hill,Central,2069/70,2012/13,Expenditure of this month,Exempted,0
Sindhuli,Janakpur,Hill,Central,2069/70,2012/13,Expenditure of this month,Health Facility Conduction expenditure,2500
Sindhuli,Janakpur,Hill,Central,2069/70,2012/13,Expenditure of this month,Total Expenditure of this month,2500
Sindhuli,Janakpur,Hill,Central,2069/70,2012/13,Total Balance at the end of last month,Total Expenditure of this month,0
Sindhuli,Janakpur,Hill,Central,2069/70,2012/13,Total Balance at the end of this month (bank),Total Expenditure of this month,0
Sindhuli,Janakpur,Hill,Central,2069/70,2012/13,Total Balance at Cash box at the of this month,Total Expenditure of this month,0
Sindhuli,Janakpur,Hill,Central,2069/70,2012/13,Total balance,Total Expenditure of this month,0
Ramechhap,Janakpur,Hill,Central,2069/70,2012/13,Expenditure of this month,Medicine,0
Ramechhap,Janakpur,Hill,Central,2069/70,2012/13,Expenditure of this month,Exempted,0
Ramechhap,Janakpur,Hill,Central,2069/70,2012/13,Expenditure of this month,Health Facility Conduction expenditure,0
Ramechhap,Janakpur,Hill,Central,2069/70,2012/13,Expenditure of this month,Total Expenditure of this month,0
Ramechhap,Janakpur,Hill,Central,2069/70,2012/13,Total Balance at the end of last month,Total Expenditure of this month,0
Ramechhap,Janakpur,Hill,Central,2069/70,2012/13,Total Balance at the end of this month (bank),Total Expenditure of this month,0
Ramechhap,Janakpur,Hill,Central,2069/70,2012/13,Total Balance at Cash box at the of this month,Total Expenditure of this month,0
Ramechhap,Janakpur,Hill,Central,2069/70,2012/13,Total balance,Total Expenditure of this month,0
Dolkha,Janakpur,Mountain,Central,2069/70,2012/13,Expenditure of this month,Medicine,0
Dolkha,Janakpur,Mountain,Central,2069/70,2012/13,Expenditure of this month,Exempted,7
Dolkha,Janakpur,Mountain,Central,2069/70,2012/13,Expenditure of this month,Health Facility Conduction expenditure,0
Dolkha,Janakpur,Mountain,Central,2069/70,2012/13,Expenditure of this month,Total Expenditure of this month,7
Dolkha,Janakpur,Mountain,Central,2069/70,2012/13,Total Balance at the end of last month,Total Expenditure of this month,0
Dolkha,Janakpur,Mountain,Central,2069/70,2012/13,Total Balance at the end of this month (bank),Total Expenditure of this month,0
Dolkha,Janakpur,Mountain,Central,2069/70,2012/13,Total Balance at Cash box at the of this month,Total Expenditure of this month,0
Dolkha,Janakpur,Mountain,Central,2069/70,2012/13,Total balance,Total Expenditure of this month,0
Sindhupalchowk,Bagmati,Mountain,Central,2069/70,2012/13,Expenditure of this month,Medicine,135083
Sindhupalchowk,Bagmati,Mountain,Central,2069/70,2012/13,Expenditure of this month,Exempted,1300
Sindhupalchowk,Bagmati,Mountain,Central,2069/70,2012/13,Expenditure of this month,Health Facility Conduction expenditure,538246
Sindhupalchowk,Bagmati,Mountain,Central,2069/70,2012/13,Expenditure of this month,Total Expenditure of this month,674630
Sindhupalchowk,Bagmati,Mountain,Central,2069/70,2012/13,Total Balance at the end of last month,Total Expenditure of this month,7607594
Sindhupalchowk,Bagmati,Mountain,Central,2069/70,2012/13,Total Balance at the end of this month (bank),Total Expenditure of this month,9335413
Sindhupalchowk,Bagmati,Mountain,Central,2069/70,2012/13,Total Balance at Cash box at the of this month,Total Expenditure of this month,2479480
Sindhupalchowk,Bagmati,Mountain,Central,2069/70,2012/13,Total balance,Total Expenditure of this month,19422489
Kavre,Bagmati,Hill,Central,2069/70,2012/13,Expenditure of this month,Medicine,0
Kavre,Bagmati,Hill,Central,2069/70,2012/13,Expenditure of this month,Exempted,0
Kavre,Bagmati,Hill,Central,2069/70,2012/13,Expenditure of this month,Health Facility Conduction expenditure,0
Kavre,Bagmati,Hill,Central,2069/70,2012/13,Expenditure of this month,Total Expenditure of this month,0
Kavre,Bagmati,Hill,Central,2069/70,2012/13,Total Balance at the end of last month,Total Expenditure of this month,266250
Kavre,Bagmati,Hill,Central,2069/70,2012/13,Total Balance at the end of this month (bank),Total Expenditure of this month,88750
Kavre,Bagmati,Hill,Central,2069/70,2012/13,Total Balance at Cash box at the of this month,Total Expenditure of this month,0
Kavre,Bagmati,Hill,Central,2069/70,2012/13,Total balance,Total Expenditure of this month,355000
Lalitpur,Bagmati,Hill,Central,2069/70,2012/13,Expenditure of this month,Medicine,0
Lalitpur,Bagmati,Hill,Central,2069/70,2012/13,Expenditure of this month,Exempted,0
Lalitpur,Bagmati,Hill,Central,2069/70,2012/13,Expenditure of this month,Health Facility Conduction expenditure,0
Lalitpur,Bagmati,Hill,Central,2069/70,2012/13,Expenditure of this month,Total Expenditure of this month,0
Lalitpur,Bagmati,Hill,Central,2069/70,2012/13,Total Balance at the end of last month,Total Expenditure of this month,0
Lalitpur,Bagmati,Hill,Central,2069/70,2012/13,Total Balance at the end of this month (bank),Total Expenditure of this month,0
Lalitpur,Bagmati,Hill,Central,2069/70,2012/13,Total Balance at Cash box at the of this month,Total Expenditure of this month,0
Lalitpur,Bagmati,Hill,Central,2069/70,2012/13,Total balance,Total Expenditure of this month,0
Bhaktapur ,Bagmati,Hill,Central,2069/70,2012/13,Expenditure of this month,Medicine,0
Bhaktapur ,Bagmati,Hill,Central,2069/70,2012/13,Expenditure of this month,Exempted,0
Bhaktapur ,Bagmati,Hill,Central,2069/70,2012/13,Expenditure of this month,Health Facility Conduction expenditure,82452
Bhaktapur ,Bagmati,Hill,Central,2069/70,2012/13,Expenditure of this month,Total Expenditure of this month,82452
Bhaktapur ,Bagmati,Hill,Central,2069/70,2012/13,Total Balance at the end of last month,Total Expenditure of this month,5563600
Bhaktapur ,Bagmati,Hill,Central,2069/70,2012/13,Total Balance at the end of this month (bank),Total Expenditure of this month,5362794
Bhaktapur ,Bagmati,Hill,Central,2069/70,2012/13,Total Balance at Cash box at the of this month,Total Expenditure of this month,0
Bhaktapur ,Bagmati,Hill,Central,2069/70,2012/13,Total balance,Total Expenditure of this month,10926394
Kathmandu,Bagmati,Hill,Central,2069/70,2012/13,Expenditure of this month,Medicine,0
Kathmandu,Bagmati,Hill,Central,2069/70,2012/13,Expenditure of this month,Exempted,0
Kathmandu,Bagmati,Hill,Central,2069/70,2012/13,Expenditure of this month,Health Facility Conduction expenditure,0
Kathmandu,Bagmati,Hill,Central,2069/70,2012/13,Expenditure of this month,Total Expenditure of this month,0
Kathmandu,Bagmati,Hill,Central,2069/70,2012/13,Total Balance at the end of last month,Total Expenditure of this month,0
Kathmandu,Bagmati,Hill,Central,2069/70,2012/13,Total Balance at the end of this month (bank),Total Expenditure of this month,0
Kathmandu,Bagmati,Hill,Central,2069/70,2012/13,Total Balance at Cash box at the of this month,Total Expenditure of this month,0
Kathmandu,Bagmati,Hill,Central,2069/70,2012/13,Total balance,Total Expenditure of this month,0
Nuwakot,Bagmati,Hill,Central,2069/70,2012/13,Expenditure of this month,Medicine,0
Nuwakot,Bagmati,Hill,Central,2069/70,2012/13,Expenditure of this month,Exempted,0
Nuwakot,Bagmati,Hill,Central,2069/70,2012/13,Expenditure of this month,Health Facility Conduction expenditure,5280
Nuwakot,Bagmati,Hill,Central,2069/70,2012/13,Expenditure of this month,Total Expenditure of this month,5280
Nuwakot,Bagmati,Hill,Central,2069/70,2012/13,Total Balance at the end of last month,Total Expenditure of this month,78333
Nuwakot,Bagmati,Hill,Central,2069/70,2012/13,Total Balance at the end of this month (bank),Total Expenditure of this month,206236
Nuwakot,Bagmati,Hill,Central,2069/70,2012/13,Total Balance at Cash box at the of this month,Total Expenditure of this month,362902
Nuwakot,Bagmati,Hill,Central,2069/70,2012/13,Total balance,Total Expenditure of this month,647471
Rasuwa,Bagmati,Mountain,Central,2069/70,2012/13,Expenditure of this month,Medicine,0
Rasuwa,Bagmati,Mountain,Central,2069/70,2012/13,Expenditure of this month,Exempted,0
Rasuwa,Bagmati,Mountain,Central,2069/70,2012/13,Expenditure of this month,Health Facility Conduction expenditure,0
Rasuwa,Bagmati,Mountain,Central,2069/70,2012/13,Expenditure of this month,Total Expenditure of this month,0
Rasuwa,Bagmati,Mountain,Central,2069/70,2012/13,Total Balance at the end of last month,Total Expenditure of this month,20261
Rasuwa,Bagmati,Mountain,Central,2069/70,2012/13,Total Balance at the end of this month (bank),Total Expenditure of this month,20261
Rasuwa,Bagmati,Mountain,Central,2069/70,2012/13,Total Balance at Cash box at the of this month,Total Expenditure of this month,20261
Rasuwa,Bagmati,Mountain,Central,2069/70,2012/13,Total balance,Total Expenditure of this month,60783
Dhading,Bagmati,Hill,Central,2069/70,2012/13,Expenditure of this month,Medicine,0
Dhading,Bagmati,Hill,Central,2069/70,2012/13,Expenditure of this month,Exempted,0
Dhading,Bagmati,Hill,Central,2069/70,2012/13,Expenditure of this month,Health Facility Conduction expenditure,0
Dhading,Bagmati,Hill,Central,2069/70,2012/13,Expenditure of this month,Total Expenditure of this month,0
Dhading,Bagmati,Hill,Central,2069/70,2012/13,Total Balance at the end of last month,Total Expenditure of this month,0
Dhading,Bagmati,Hill,Central,2069/70,2012/13,Total Balance at the end of this month (bank),Total Expenditure of this month,0
Dhading,Bagmati,Hill,Central,2069/70,2012/13,Total Balance at Cash box at the of this month,Total Expenditure of this month,0
Dhading,Bagmati,Hill,Central,2069/70,2012/13,Total balance,Total Expenditure of this month,0
Makawanpur,Narayani,Hill,Central,2069/70,2012/13,Expenditure of this month,Medicine,3600
Makawanpur,Narayani,Hill,Central,2069/70,2012/13,Expenditure of this month,Exempted,0
Makawanpur,Narayani,Hill,Central,2069/70,2012/13,Expenditure of this month,Health Facility Conduction expenditure,97190
Makawanpur,Narayani,Hill,Central,2069/70,2012/13,Expenditure of this month,Total Expenditure of this month,100790
Makawanpur,Narayani,Hill,Central,2069/70,2012/13,Total Balance at the end of last month,Total Expenditure of this month,54123075
Makawanpur,Narayani,Hill,Central,2069/70,2012/13,Total Balance at the end of this month (bank),Total Expenditure of this month,39867063
Makawanpur,Narayani,Hill,Central,2069/70,2012/13,Total Balance at Cash box at the of this month,Total Expenditure of this month,112190
Makawanpur,Narayani,Hill,Central,2069/70,2012/13,Total balance,Total Expenditure of this month,94102328
Rautahat,Narayani,Terai,Central,2069/70,2012/13,Expenditure of this month,Medicine,33063
Rautahat,Narayani,Terai,Central,2069/70,2012/13,Expenditure of this month,Exempted,0
Rautahat,Narayani,Terai,Central,2069/70,2012/13,Expenditure of this month,Health Facility Conduction expenditure,216876
Rautahat,Narayani,Terai,Central,2069/70,2012/13,Expenditure of this month,Total Expenditure of this month,249939
Rautahat,Narayani,Terai,Central,2069/70,2012/13,Total Balance at the end of last month,Total Expenditure of this month,1408611
Rautahat,Narayani,Terai,Central,2069/70,2012/13,Total Balance at the end of this month (bank),Total Expenditure of this month,2363143
Rautahat,Narayani,Terai,Central,2069/70,2012/13,Total Balance at Cash box at the of this month,Total Expenditure of this month,515803
Rautahat,Narayani,Terai,Central,2069/70,2012/13,Total balance,Total Expenditure of this month,4287559
Bara,Narayani,Terai,Central,2069/70,2012/13,Expenditure of this month,Medicine,7890
Bara,Narayani,Terai,Central,2069/70,2012/13,Expenditure of this month,Exempted,0
Bara,Narayani,Terai,Central,2069/70,2012/13,Expenditure of this month,Health Facility Conduction expenditure,36996
Bara,Narayani,Terai,Central,2069/70,2012/13,Expenditure of this month,Total Expenditure of this month,44886
Bara,Narayani,Terai,Central,2069/70,2012/13,Total Balance at the end of last month,Total Expenditure of this month,1448676
Bara,Narayani,Terai,Central,2069/70,2012/13,Total Balance at the end of this month (bank),Total Expenditure of this month,254526
Bara,Narayani,Terai,Central,2069/70,2012/13,Total Balance at Cash box at the of this month,Total Expenditure of this month,29200
Bara,Narayani,Terai,Central,2069/70,2012/13,Total balance,Total Expenditure of this month,1732402
Parsa,Narayani,Terai,Central,2069/70,2012/13,Expenditure of this month,Medicine,0
Parsa,Narayani,Terai,Central,2069/70,2012/13,Expenditure of this month,Exempted,0
Parsa,Narayani,Terai,Central,2069/70,2012/13,Expenditure of this month,Health Facility Conduction expenditure,0
Parsa,Narayani,Terai,Central,2069/70,2012/13,Expenditure of this month,Total Expenditure of this month,0
Parsa,Narayani,Terai,Central,2069/70,2012/13,Total Balance at the end of last month,Total Expenditure of this month,0
Parsa,Narayani,Terai,Central,2069/70,2012/13,Total Balance at the end of this month (bank),Total Expenditure of this month,0
Parsa,Narayani,Terai,Central,2069/70,2012/13,Total Balance at Cash box at the of this month,Total Expenditure of this month,0
Parsa,Narayani,Terai,Central,2069/70,2012/13,Total balance,Total Expenditure of this month,0
Chitwan,Narayani,Terai,Central,2069/70,2012/13,Expenditure of this month,Medicine,0
Chitwan,Narayani,Terai,Central,2069/70,2012/13,Expenditure of this month,Exempted,0
Chitwan,Narayani,Terai,Central,2069/70,2012/13,Expenditure of this month,Health Facility Conduction expenditure,0
Chitwan,Narayani,Terai,Central,2069/70,2012/13,Expenditure of this month,Total Expenditure of this month,0
Chitwan,Narayani,Terai,Central,2069/70,2012/13,Total Balance at the end of last month,Total Expenditure of this month,0
Chitwan,Narayani,Terai,Central,2069/70,2012/13,Total Balance at the end of this month (bank),Total Expenditure of this month,0
Chitwan,Narayani,Terai,Central,2069/70,2012/13,Total Balance at Cash box at the of this month,Total Expenditure of this month,0
Chitwan,Narayani,Terai,Central,2069/70,2012/13,Total balance,Total Expenditure of this month,0
Gorkha,Gandaki,Hill,Western,2069/70,2012/13,Expenditure of this month,Medicine,0
Gorkha,Gandaki,Hill,Western,2069/70,2012/13,Expenditure of this month,Exempted,0
Gorkha,Gandaki,Hill,Western,2069/70,2012/13,Expenditure of this month,Health Facility Conduction expenditure,0
Gorkha,Gandaki,Hill,Western,2069/70,2012/13,Expenditure of this month,Total Expenditure of this month,0
Gorkha,Gandaki,Hill,Western,2069/70,2012/13,Total Balance at the end of last month,Total Expenditure of this month,0
Gorkha,Gandaki,Hill,Western,2069/70,2012/13,Total Balance at the end of this month (bank),Total Expenditure of this month,0
Gorkha,Gandaki,Hill,Western,2069/70,2012/13,Total Balance at Cash box at the of this month,Total Expenditure of this month,0
Gorkha,Gandaki,Hill,Western,2069/70,2012/13,Total balance,Total Expenditure of this month,0
Lamjung,Gandaki,Hill,Western,2069/70,2012/13,Expenditure of this month,Medicine,8000
Lamjung,Gandaki,Hill,Western,2069/70,2012/13,Expenditure of this month,Exempted,240
Lamjung,Gandaki,Hill,Western,2069/70,2012/13,Expenditure of this month,Health Facility Conduction expenditure,517819
Lamjung,Gandaki,Hill,Western,2069/70,2012/13,Expenditure of this month,Total Expenditure of this month,526059
Lamjung,Gandaki,Hill,Western,2069/70,2012/13,Total Balance at the end of last month,Total Expenditure of this month,8359836
Lamjung,Gandaki,Hill,Western,2069/70,2012/13,Total Balance at the end of this month (bank),Total Expenditure of this month,5775855
Lamjung,Gandaki,Hill,Western,2069/70,2012/13,Total Balance at Cash box at the of this month,Total Expenditure of this month,429883
Lamjung,Gandaki,Hill,Western,2069/70,2012/13,Total balance,Total Expenditure of this month,14565575
Tanahu,Gandaki,Hill,Western,2069/70,2012/13,Expenditure of this month,Medicine,7515
Tanahu,Gandaki,Hill,Western,2069/70,2012/13,Expenditure of this month,Exempted,155125
Tanahu,Gandaki,Hill,Western,2069/70,2012/13,Expenditure of this month,Health Facility Conduction expenditure,45245
Tanahu,Gandaki,Hill,Western,2069/70,2012/13,Expenditure of this month,Total Expenditure of this month,207885
Tanahu,Gandaki,Hill,Western,2069/70,2012/13,Total Balance at the end of last month,Total Expenditure of this month,9280
Tanahu,Gandaki,Hill,Western,2069/70,2012/13,Total Balance at the end of this month (bank),Total Expenditure of this month,84603
Tanahu,Gandaki,Hill,Western,2069/70,2012/13,Total Balance at Cash box at the of this month,Total Expenditure of this month,107311
Tanahu,Gandaki,Hill,Western,2069/70,2012/13,Total balance,Total Expenditure of this month,201194
Syangja,Gandaki,Hill,Western,2069/70,2012/13,Expenditure of this month,Medicine,589215
Syangja,Gandaki,Hill,Western,2069/70,2012/13,Expenditure of this month,Exempted,0
Syangja,Gandaki,Hill,Western,2069/70,2012/13,Expenditure of this month,Health Facility Conduction expenditure,2837462
Syangja,Gandaki,Hill,Western,2069/70,2012/13,Expenditure of this month,Total Expenditure of this month,3426677
Syangja,Gandaki,Hill,Western,2069/70,2012/13,Total Balance at the end of last month,Total Expenditure of this month,5925005
Syangja,Gandaki,Hill,Western,2069/70,2012/13,Total Balance at the end of this month (bank),Total Expenditure of this month,9320787
Syangja,Gandaki,Hill,Western,2069/70,2012/13,Total Balance at Cash box at the of this month,Total Expenditure of this month,454425
Syangja,Gandaki,Hill,Western,2069/70,2012/13,Total balance,Total Expenditure of this month,15700218
Kaski,Gandaki,Hill,Western,2069/70,2012/13,Expenditure of this month,Medicine,0
Kaski,Gandaki,Hill,Western,2069/70,2012/13,Expenditure of this month,Exempted,0
Kaski,Gandaki,Hill,Western,2069/70,2012/13,Expenditure of this month,Health Facility Conduction expenditure,0
Kaski,Gandaki,Hill,Western,2069/70,2012/13,Expenditure of this month,Total Expenditure of this month,0
Kaski,Gandaki,Hill,Western,2069/70,2012/13,Total Balance at the end of last month,Total Expenditure of this month,0
Kaski,Gandaki,Hill,Western,2069/70,2012/13,Total Balance at the end of this month (bank),Total Expenditure of this month,0
Kaski,Gandaki,Hill,Western,2069/70,2012/13,Total Balance at Cash box at the of this month,Total Expenditure of this month,0
Kaski,Gandaki,Hill,Western,2069/70,2012/13,Total balance,Total Expenditure of this month,0
Manang,Gandaki,Mountain,Western,2069/70,2012/13,Expenditure of this month,Medicine,0
Manang,Gandaki,Mountain,Western,2069/70,2012/13,Expenditure of this month,Exempted,0
Manang,Gandaki,Mountain,Western,2069/70,2012/13,Expenditure of this month,Health Facility Conduction expenditure,0
Manang,Gandaki,Mountain,Western,2069/70,2012/13,Expenditure of this month,Total Expenditure of this month,0
Manang,Gandaki,Mountain,Western,2069/70,2012/13,Total Balance at the end of last month,Total Expenditure of this month,0
Manang,Gandaki,Mountain,Western,2069/70,2012/13,Total Balance at the end of this month (bank),Total Expenditure of this month,0
Manang,Gandaki,Mountain,Western,2069/70,2012/13,Total Balance at Cash box at the of this month,Total Expenditure of this month,0
Manang,Gandaki,Mountain,Western,2069/70,2012/13,Total balance,Total Expenditure of this month,0
Mustang,Dhawalagiri,Mountain,Western,2069/70,2012/13,Expenditure of this month,Medicine,0
Mustang,Dhawalagiri,Mountain,Western,2069/70,2012/13,Expenditure of this month,Exempted,0
Mustang,Dhawalagiri,Mountain,Western,2069/70,2012/13,Expenditure of this month,Health Facility Conduction expenditure,0
Mustang,Dhawalagiri,Mountain,Western,2069/70,2012/13,Expenditure of this month,Total Expenditure of this month,0
Mustang,Dhawalagiri,Mountain,Western,2069/70,2012/13,Total Balance at the end of last month,Total Expenditure of this month,0
Mustang,Dhawalagiri,Mountain,Western,2069/70,2012/13,Total Balance at the end of this month (bank),Total Expenditure of this month,0
Mustang,Dhawalagiri,Mountain,Western,2069/70,2012/13,Total Balance at Cash box at the of this month,Total Expenditure of this month,0
Mustang,Dhawalagiri,Mountain,Western,2069/70,2012/13,Total balance,Total Expenditure of this month,0
Myagdi,Dhawalagiri,Hill,Western,2069/70,2012/13,Expenditure of this month,Medicine,0
Myagdi,Dhawalagiri,Hill,Western,2069/70,2012/13,Expenditure of this month,Exempted,0
Myagdi,Dhawalagiri,Hill,Western,2069/70,2012/13,Expenditure of this month,Health Facility Conduction expenditure,0
Myagdi,Dhawalagiri,Hill,Western,2069/70,2012/13,Expenditure of this month,Total Expenditure of this month,0
Myagdi,Dhawalagiri,Hill,Western,2069/70,2012/13,Total Balance at the end of last month,Total Expenditure of this month,0
Myagdi,Dhawalagiri,Hill,Western,2069/70,2012/13,Total Balance at the end of this month (bank),Total Expenditure of this month,0
Myagdi,Dhawalagiri,Hill,Western,2069/70,2012/13,Total Balance at Cash box at the of this month,Total Expenditure of this month,0
Myagdi,Dhawalagiri,Hill,Western,2069/70,2012/13,Total balance,Total Expenditure of this month,0
Parbat,Dhawalagiri,Hill,Western,2069/70,2012/13,Expenditure of this month,Medicine,0
Parbat,Dhawalagiri,Hill,Western,2069/70,2012/13,Expenditure of this month,Exempted,0
Parbat,Dhawalagiri,Hill,Western,2069/70,2012/13,Expenditure of this month,Health Facility Conduction expenditure,0
Parbat,Dhawalagiri,Hill,Western,2069/70,2012/13,Expenditure of this month,Total Expenditure of this month,0
Parbat,Dhawalagiri,Hill,Western,2069/70,2012/13,Total Balance at the end of last month,Total Expenditure of this month,0
Parbat,Dhawalagiri,Hill,Western,2069/70,2012/13,Total Balance at the end of this month (bank),Total Expenditure of this month,82741
Parbat,Dhawalagiri,Hill,Western,2069/70,2012/13,Total Balance at Cash box at the of this month,Total Expenditure of this month,0
Parbat,Dhawalagiri,Hill,Western,2069/70,2012/13,Total balance,Total Expenditure of this month,82741
Baglung,Dhawalagiri,Hill,Western,2069/70,2012/13,Expenditure of this month,Medicine,6726
Baglung,Dhawalagiri,Hill,Western,2069/70,2012/13,Expenditure of this month,Exempted,1755
Baglung,Dhawalagiri,Hill,Western,2069/70,2012/13,Expenditure of this month,Health Facility Conduction expenditure,49534
Baglung,Dhawalagiri,Hill,Western,2069/70,2012/13,Expenditure of this month,Total Expenditure of this month,58015
Baglung,Dhawalagiri,Hill,Western,2069/70,2012/13,Total Balance at the end of last month,Total Expenditure of this month,492386
Baglung,Dhawalagiri,Hill,Western,2069/70,2012/13,Total Balance at the end of this month (bank),Total Expenditure of this month,266205
Baglung,Dhawalagiri,Hill,Western,2069/70,2012/13,Total Balance at Cash box at the of this month,Total Expenditure of this month,7962
Baglung,Dhawalagiri,Hill,Western,2069/70,2012/13,Total balance,Total Expenditure of this month,766553
Gulmi,Lumbini,Hill,Western,2069/70,2012/13,Expenditure of this month,Medicine,0
Gulmi,Lumbini,Hill,Western,2069/70,2012/13,Expenditure of this month,Exempted,0
Gulmi,Lumbini,Hill,Western,2069/70,2012/13,Expenditure of this month,Health Facility Conduction expenditure,0
Gulmi,Lumbini,Hill,Western,2069/70,2012/13,Expenditure of this month,Total Expenditure of this month,0
Gulmi,Lumbini,Hill,Western,2069/70,2012/13,Total Balance at the end of last month,Total Expenditure of this month,0
Gulmi,Lumbini,Hill,Western,2069/70,2012/13,Total Balance at the end of this month (bank),Total Expenditure of this month,0
Gulmi,Lumbini,Hill,Western,2069/70,2012/13,Total Balance at Cash box at the of this month,Total Expenditure of this month,0
Gulmi,Lumbini,Hill,Western,2069/70,2012/13,Total balance,Total Expenditure of this month,0
Palpa,Lumbini,Hill,Western,2069/70,2012/13,Expenditure of this month,Medicine,0
Palpa,Lumbini,Hill,Western,2069/70,2012/13,Expenditure of this month,Exempted,42270
Palpa,Lumbini,Hill,Western,2069/70,2012/13,Expenditure of this month,Health Facility Conduction expenditure,96052
Palpa,Lumbini,Hill,Western,2069/70,2012/13,Expenditure of this month,Total Expenditure of this month,138322
Palpa,Lumbini,Hill,Western,2069/70,2012/13,Total Balance at the end of last month,Total Expenditure of this month,2178302
Palpa,Lumbini,Hill,Western,2069/70,2012/13,Total Balance at the end of this month (bank),Total Expenditure of this month,1130437
Palpa,Lumbini,Hill,Western,2069/70,2012/13,Total Balance at Cash box at the of this month,Total Expenditure of this month,509579
Palpa,Lumbini,Hill,Western,2069/70,2012/13,Total balance,Total Expenditure of this month,3818319
Nawalparasi,Lumbini,Terai,Western,2069/70,2012/13,Expenditure of this month,Medicine,1000
Nawalparasi,Lumbini,Terai,Western,2069/70,2012/13,Expenditure of this month,Exempted,0
Nawalparasi,Lumbini,Terai,Western,2069/70,2012/13,Expenditure of this month,Health Facility Conduction expenditure,35946
Nawalparasi,Lumbini,Terai,Western,2069/70,2012/13,Expenditure of this month,Total Expenditure of this month,36946
Nawalparasi,Lumbini,Terai,Western,2069/70,2012/13,Total Balance at the end of last month,Total Expenditure of this month,17824564
Nawalparasi,Lumbini,Terai,Western,2069/70,2012/13,Total Balance at the end of this month (bank),Total Expenditure of this month,614198
Nawalparasi,Lumbini,Terai,Western,2069/70,2012/13,Total Balance at Cash box at the of this month,Total Expenditure of this month,106068
Nawalparasi,Lumbini,Terai,Western,2069/70,2012/13,Total balance,Total Expenditure of this month,18544830
Rupandehi,Lumbini,Terai,Western,2069/70,2012/13,Expenditure of this month,Medicine,0
Rupandehi,Lumbini,Terai,Western,2069/70,2012/13,Expenditure of this month,Exempted,0
Rupandehi,Lumbini,Terai,Western,2069/70,2012/13,Expenditure of this month,Health Facility Conduction expenditure,0
Rupandehi,Lumbini,Terai,Western,2069/70,2012/13,Expenditure of this month,Total Expenditure of this month,0
Rupandehi,Lumbini,Terai,Western,2069/70,2012/13,Total Balance at the end of last month,Total Expenditure of this month,0
Rupandehi,Lumbini,Terai,Western,2069/70,2012/13,Total Balance at the end of this month (bank),Total Expenditure of this month,0
Rupandehi,Lumbini,Terai,Western,2069/70,2012/13,Total Balance at Cash box at the of this month,Total Expenditure of this month,0
Rupandehi,Lumbini,Terai,Western,2069/70,2012/13,Total balance,Total Expenditure of this month,0
Kapilvastu,Lumbini,Terai,Western,2069/70,2012/13,Expenditure of this month,Medicine,0
Kapilvastu,Lumbini,Terai,Western,2069/70,2012/13,Expenditure of this month,Exempted,0
Kapilvastu,Lumbini,Terai,Western,2069/70,2012/13,Expenditure of this month,Health Facility Conduction expenditure,0
Kapilvastu,Lumbini,Terai,Western,2069/70,2012/13,Expenditure of this month,Total Expenditure of this month,0
Kapilvastu,Lumbini,Terai,Western,2069/70,2012/13,Total Balance at the end of last month,Total Expenditure of this month,0
Kapilvastu,Lumbini,Terai,Western,2069/70,2012/13,Total Balance at the end of this month (bank),Total Expenditure of this month,0
Kapilvastu,Lumbini,Terai,Western,2069/70,2012/13,Total Balance at Cash box at the of this month,Total Expenditure of this month,0
Kapilvastu,Lumbini,Terai,Western,2069/70,2012/13,Total balance,Total Expenditure of this month,0
Arghakhanchi,Lumbini,Hill,Western,2069/70,2012/13,Expenditure of this month,Medicine,0
Arghakhanchi,Lumbini,Hill,Western,2069/70,2012/13,Expenditure of this month,Exempted,0
Arghakhanchi,Lumbini,Hill,Western,2069/70,2012/13,Expenditure of this month,Health Facility Conduction expenditure,125
Arghakhanchi,Lumbini,Hill,Western,2069/70,2012/13,Expenditure of this month,Total Expenditure of this month,125
Arghakhanchi,Lumbini,Hill,Western,2069/70,2012/13,Total Balance at the end of last month,Total Expenditure of this month,450029
Arghakhanchi,Lumbini,Hill,Western,2069/70,2012/13,Total Balance at the end of this month (bank),Total Expenditure of this month,0
Arghakhanchi,Lumbini,Hill,Western,2069/70,2012/13,Total Balance at Cash box at the of this month,Total Expenditure of this month,0
Arghakhanchi,Lumbini,Hill,Western,2069/70,2012/13,Total balance,Total Expenditure of this month,450029
Pyuthan,Rapti,Hill,Mid-Western,2069/70,2012/13,Expenditure of this month,Medicine,18730
Pyuthan,Rapti,Hill,Mid-Western,2069/70,2012/13,Expenditure of this month,Exempted,0
Pyuthan,Rapti,Hill,Mid-Western,2069/70,2012/13,Expenditure of this month,Health Facility Conduction expenditure,771237
Pyuthan,Rapti,Hill,Mid-Western,2069/70,2012/13,Expenditure of this month,Total Expenditure of this month,789967
Pyuthan,Rapti,Hill,Mid-Western,2069/70,2012/13,Total Balance at the end of last month,Total Expenditure of this month,9902682
Pyuthan,Rapti,Hill,Mid-Western,2069/70,2012/13,Total Balance at the end of this month (bank),Total Expenditure of this month,9809042
Pyuthan,Rapti,Hill,Mid-Western,2069/70,2012/13,Total Balance at Cash box at the of this month,Total Expenditure of this month,1020583
Pyuthan,Rapti,Hill,Mid-Western,2069/70,2012/13,Total balance,Total Expenditure of this month,20732307
Rolpa,Rapti,Hill,Mid-Western,2069/70,2012/13,Expenditure of this month,Medicine,0
Rolpa,Rapti,Hill,Mid-Western,2069/70,2012/13,Expenditure of this month,Exempted,0
Rolpa,Rapti,Hill,Mid-Western,2069/70,2012/13,Expenditure of this month,Health Facility Conduction expenditure,0
Rolpa,Rapti,Hill,Mid-Western,2069/70,2012/13,Expenditure of this month,Total Expenditure of this month,0
Rolpa,Rapti,Hill,Mid-Western,2069/70,2012/13,Total Balance at the end of last month,Total Expenditure of this month,0
Rolpa,Rapti,Hill,Mid-Western,2069/70,2012/13,Total Balance at the end of this month (bank),Total Expenditure of this month,0
Rolpa,Rapti,Hill,Mid-Western,2069/70,2012/13,Total Balance at Cash box at the of this month,Total Expenditure of this month,0
Rolpa,Rapti,Hill,Mid-Western,2069/70,2012/13,Total balance,Total Expenditure of this month,0
Rukum,Rapti,Hill,Mid-Western,2069/70,2012/13,Expenditure of this month,Medicine,3700
Rukum,Rapti,Hill,Mid-Western,2069/70,2012/13,Expenditure of this month,Exempted,1100
Rukum,Rapti,Hill,Mid-Western,2069/70,2012/13,Expenditure of this month,Health Facility Conduction expenditure,2500
Rukum,Rapti,Hill,Mid-Western,2069/70,2012/13,Expenditure of this month,Total Expenditure of this month,7300
Rukum,Rapti,Hill,Mid-Western,2069/70,2012/13,Total Balance at the end of last month,Total Expenditure of this month,0
Rukum,Rapti,Hill,Mid-Western,2069/70,2012/13,Total Balance at the end of this month (bank),Total Expenditure of this month,0
Rukum,Rapti,Hill,Mid-Western,2069/70,2012/13,Total Balance at Cash box at the of this month,Total Expenditure of this month,0
Rukum,Rapti,Hill,Mid-Western,2069/70,2012/13,Total balance,Total Expenditure of this month,0
Salyan,Rapti,Hill,Mid-Western,2069/70,2012/13,Expenditure of this month,Medicine,0
Salyan,Rapti,Hill,Mid-Western,2069/70,2012/13,Expenditure of this month,Exempted,0
Salyan,Rapti,Hill,Mid-Western,2069/70,2012/13,Expenditure of this month,Health Facility Conduction expenditure,0
Salyan,Rapti,Hill,Mid-Western,2069/70,2012/13,Expenditure of this month,Total Expenditure of this month,0
Salyan,Rapti,Hill,Mid-Western,2069/70,2012/13,Total Balance at the end of last month,Total Expenditure of this month,0
Salyan,Rapti,Hill,Mid-Western,2069/70,2012/13,Total Balance at the end of this month (bank),Total Expenditure of this month,0
Salyan,Rapti,Hill,Mid-Western,2069/70,2012/13,Total Balance at Cash box at the of this month,Total Expenditure of this month,13
Salyan,Rapti,Hill,Mid-Western,2069/70,2012/13,Total balance,Total Expenditure of this month,13
Dang,Rapti,Terai,Mid-Western,2069/70,2012/13,Expenditure of this month,Medicine,0
Dang,Rapti,Terai,Mid-Western,2069/70,2012/13,Expenditure of this month,Exempted,0
Dang,Rapti,Terai,Mid-Western,2069/70,2012/13,Expenditure of this month,Health Facility Conduction expenditure,0
Dang,Rapti,Terai,Mid-Western,2069/70,2012/13,Expenditure of this month,Total Expenditure of this month,0
Dang,Rapti,Terai,Mid-Western,2069/70,2012/13,Total Balance at the end of last month,Total Expenditure of this month,0
Dang,Rapti,Terai,Mid-Western,2069/70,2012/13,Total Balance at the end of this month (bank),Total Expenditure of this month,0
Dang,Rapti,Terai,Mid-Western,2069/70,2012/13,Total Balance at Cash box at the of this month,Total Expenditure of this month,0
Dang,Rapti,Terai,Mid-Western,2069/70,2012/13,Total balance,Total Expenditure of this month,0
Banke,Bheri,Terai,Mid-Western,2069/70,2012/13,Expenditure of this month,Medicine,0
Banke,Bheri,Terai,Mid-Western,2069/70,2012/13,Expenditure of this month,Exempted,0
Banke,Bheri,Terai,Mid-Western,2069/70,2012/13,Expenditure of this month,Health Facility Conduction expenditure,0
Banke,Bheri,Terai,Mid-Western,2069/70,2012/13,Expenditure of this month,Total Expenditure of this month,0
Banke,Bheri,Terai,Mid-Western,2069/70,2012/13,Total Balance at the end of last month,Total Expenditure of this month,0
Banke,Bheri,Terai,Mid-Western,2069/70,2012/13,Total Balance at the end of this month (bank),Total Expenditure of this month,0
Banke,Bheri,Terai,Mid-Western,2069/70,2012/13,Total Balance at Cash box at the of this month,Total Expenditure of this month,0
Banke,Bheri,Terai,Mid-Western,2069/70,2012/13,Total balance,Total Expenditure of this month,0
Bardiya,Bheri,Terai,Mid-Western,2069/70,2012/13,Expenditure of this month,Medicine,0
Bardiya,Bheri,Terai,Mid-Western,2069/70,2012/13,Expenditure of this month,Exempted,0
Bardiya,Bheri,Terai,Mid-Western,2069/70,2012/13,Expenditure of this month,Health Facility Conduction expenditure,0
Bardiya,Bheri,Terai,Mid-Western,2069/70,2012/13,Expenditure of this month,Total Expenditure of this month,0
Bardiya,Bheri,Terai,Mid-Western,2069/70,2012/13,Total Balance at the end of last month,Total Expenditure of this month,0
Bardiya,Bheri,Terai,Mid-Western,2069/70,2012/13,Total Balance at the end of this month (bank),Total Expenditure of this month,0
Bardiya,Bheri,Terai,Mid-Western,2069/70,2012/13,Total Balance at Cash box at the of this month,Total Expenditure of this month,0
Bardiya,Bheri,Terai,Mid-Western,2069/70,2012/13,Total balance,Total Expenditure of this month,0
Surkhet,Bheri,Hill,Mid-Western,2069/70,2012/13,Expenditure of this month,Medicine,616050
Surkhet,Bheri,Hill,Mid-Western,2069/70,2012/13,Expenditure of this month,Exempted,290668
Surkhet,Bheri,Hill,Mid-Western,2069/70,2012/13,Expenditure of this month,Health Facility Conduction expenditure,3633144
Surkhet,Bheri,Hill,Mid-Western,2069/70,2012/13,Expenditure of this month,Total Expenditure of this month,4539862
Surkhet,Bheri,Hill,Mid-Western,2069/70,2012/13,Total Balance at the end of last month,Total Expenditure of this month,14548641
Surkhet,Bheri,Hill,Mid-Western,2069/70,2012/13,Total Balance at the end of this month (bank),Total Expenditure of this month,18532655
Surkhet,Bheri,Hill,Mid-Western,2069/70,2012/13,Total Balance at Cash box at the of this month,Total Expenditure of this month,2389017
Surkhet,Bheri,Hill,Mid-Western,2069/70,2012/13,Total balance,Total Expenditure of this month,35470313
Dailekh,Bheri,Hill,Mid-Western,2069/70,2012/13,Expenditure of this month,Medicine,0
Dailekh,Bheri,Hill,Mid-Western,2069/70,2012/13,Expenditure of this month,Exempted,0
Dailekh,Bheri,Hill,Mid-Western,2069/70,2012/13,Expenditure of this month,Health Facility Conduction expenditure,0
Dailekh,Bheri,Hill,Mid-Western,2069/70,2012/13,Expenditure of this month,Total Expenditure of this month,0
Dailekh,Bheri,Hill,Mid-Western,2069/70,2012/13,Total Balance at the end of last month,Total Expenditure of this month,0
Dailekh,Bheri,Hill,Mid-Western,2069/70,2012/13,Total Balance at the end of this month (bank),Total Expenditure of this month,0
Dailekh,Bheri,Hill,Mid-Western,2069/70,2012/13,Total Balance at Cash box at the of this month,Total Expenditure of this month,0
Dailekh,Bheri,Hill,Mid-Western,2069/70,2012/13,Total balance,Total Expenditure of this month,0
Jajarkot,Bheri,Hill,Mid-Western,2069/70,2012/13,Expenditure of this month,Medicine,0
Jajarkot,Bheri,Hill,Mid-Western,2069/70,2012/13,Expenditure of this month,Exempted,0
Jajarkot,Bheri,Hill,Mid-Western,2069/70,2012/13,Expenditure of this month,Health Facility Conduction expenditure,0
Jajarkot,Bheri,Hill,Mid-Western,2069/70,2012/13,Expenditure of this month,Total Expenditure of this month,0
Jajarkot,Bheri,Hill,Mid-Western,2069/70,2012/13,Total Balance at the end of last month,Total Expenditure of this month,0
Jajarkot,Bheri,Hill,Mid-Western,2069/70,2012/13,Total Balance at the end of this month (bank),Total Expenditure of this month,0
Jajarkot,Bheri,Hill,Mid-Western,2069/70,2012/13,Total Balance at Cash box at the of this month,Total Expenditure of this month,0
Jajarkot,Bheri,Hill,Mid-Western,2069/70,2012/13,Total balance,Total Expenditure of this month,0
Dolpa,Karnali,Mountain,Mid-Western,2069/70,2012/13,Expenditure of this month,Medicine,0
Dolpa,Karnali,Mountain,Mid-Western,2069/70,2012/13,Expenditure of this month,Exempted,0
Dolpa,Karnali,Mountain,Mid-Western,2069/70,2012/13,Expenditure of this month,Health Facility Conduction expenditure,0
Dolpa,Karnali,Mountain,Mid-Western,2069/70,2012/13,Expenditure of this month,Total Expenditure of this month,0
Dolpa,Karnali,Mountain,Mid-Western,2069/70,2012/13,Total Balance at the end of last month,Total Expenditure of this month,0
Dolpa,Karnali,Mountain,Mid-Western,2069/70,2012/13,Total Balance at the end of this month (bank),Total Expenditure of this month,0
Dolpa,Karnali,Mountain,Mid-Western,2069/70,2012/13,Total Balance at Cash box at the of this month,Total Expenditure of this month,0
Dolpa,Karnali,Mountain,Mid-Western,2069/70,2012/13,Total balance,Total Expenditure of this month,0
Jumla,Karnali,Mountain,Mid-Western,2069/70,2012/13,Expenditure of this month,Medicine,0
Jumla,Karnali,Mountain,Mid-Western,2069/70,2012/13,Expenditure of this month,Exempted,0
Jumla,Karnali,Mountain,Mid-Western,2069/70,2012/13,Expenditure of this month,Health Facility Conduction expenditure,0
Jumla,Karnali,Mountain,Mid-Western,2069/70,2012/13,Expenditure of this month,Total Expenditure of this month,0
Jumla,Karnali,Mountain,Mid-Western,2069/70,2012/13,Total Balance at the end of last month,Total Expenditure of this month,0
Jumla,Karnali,Mountain,Mid-Western,2069/70,2012/13,Total Balance at the end of this month (bank),Total Expenditure of this month,0
Jumla,Karnali,Mountain,Mid-Western,2069/70,2012/13,Total Balance at Cash box at the of this month,Total Expenditure of this month,0
Jumla,Karnali,Mountain,Mid-Western,2069/70,2012/13,Total balance,Total Expenditure of this month,0
Kalikot,Karnali,Mountain,Mid-Western,2069/70,2012/13,Expenditure of this month,Medicine,0
Kalikot,Karnali,Mountain,Mid-Western,2069/70,2012/13,Expenditure of this month,Exempted,8625
Kalikot,Karnali,Mountain,Mid-Western,2069/70,2012/13,Expenditure of this month,Health Facility Conduction expenditure,3475
Kalikot,Karnali,Mountain,Mid-Western,2069/70,2012/13,Expenditure of this month,Total Expenditure of this month,12100
Kalikot,Karnali,Mountain,Mid-Western,2069/70,2012/13,Total Balance at the end of last month,Total Expenditure of this month,12344
Kalikot,Karnali,Mountain,Mid-Western,2069/70,2012/13,Total Balance at the end of this month (bank),Total Expenditure of this month,5841
Kalikot,Karnali,Mountain,Mid-Western,2069/70,2012/13,Total Balance at Cash box at the of this month,Total Expenditure of this month,14184
Kalikot,Karnali,Mountain,Mid-Western,2069/70,2012/13,Total balance,Total Expenditure of this month,32369
Mugu,Karnali,Mountain,Mid-Western,2069/70,2012/13,Expenditure of this month,Medicine,0
Mugu,Karnali,Mountain,Mid-Western,2069/70,2012/13,Expenditure of this month,Exempted,0
Mugu,Karnali,Mountain,Mid-Western,2069/70,2012/13,Expenditure of this month,Health Facility Conduction expenditure,0
Mugu,Karnali,Mountain,Mid-Western,2069/70,2012/13,Expenditure of this month,Total Expenditure of this month,0
Mugu,Karnali,Mountain,Mid-Western,2069/70,2012/13,Total Balance at the end of last month,Total Expenditure of this month,0
Mugu,Karnali,Mountain,Mid-Western,2069/70,2012/13,Total Balance at the end of this month (bank),Total Expenditure of this month,0
Mugu,Karnali,Mountain,Mid-Western,2069/70,2012/13,Total Balance at Cash box at the of this month,Total Expenditure of this month,0
Mugu,Karnali,Mountain,Mid-Western,2069/70,2012/13,Total balance,Total Expenditure of this month,0
Humla,Karnali,Mountain,Mid-Western,2069/70,2012/13,Expenditure of this month,Medicine,0
Humla,Karnali,Mountain,Mid-Western,2069/70,2012/13,Expenditure of this month,Exempted,0
Humla,Karnali,Mountain,Mid-Western,2069/70,2012/13,Expenditure of this month,Health Facility Conduction expenditure,0
Humla,Karnali,Mountain,Mid-Western,2069/70,2012/13,Expenditure of this month,Total Expenditure of this month,0
Humla,Karnali,Mountain,Mid-Western,2069/70,2012/13,Total Balance at the end of last month,Total Expenditure of this month,0
Humla,Karnali,Mountain,Mid-Western,2069/70,2012/13,Total Balance at the end of this month (bank),Total Expenditure of this month,0
Humla,Karnali,Mountain,Mid-Western,2069/70,2012/13,Total Balance at Cash box at the of this month,Total Expenditure of this month,0
Humla,Karnali,Mountain,Mid-Western,2069/70,2012/13,Total balance,Total Expenditure of this month,0
Bajura,Seti,Mountain,Far-Western,2069/70,2012/13,Expenditure of this month,Medicine,0
Bajura,Seti,Mountain,Far-Western,2069/70,2012/13,Expenditure of this month,Exempted,0
Bajura,Seti,Mountain,Far-Western,2069/70,2012/13,Expenditure of this month,Health Facility Conduction expenditure,0
Bajura,Seti,Mountain,Far-Western,2069/70,2012/13,Expenditure of this month,Total Expenditure of this month,0
Bajura,Seti,Mountain,Far-Western,2069/70,2012/13,Total Balance at the end of last month,Total Expenditure of this month,340000
Bajura,Seti,Mountain,Far-Western,2069/70,2012/13,Total Balance at the end of this month (bank),Total Expenditure of this month,85000
Bajura,Seti,Mountain,Far-Western,2069/70,2012/13,Total Balance at Cash box at the of this month,Total Expenditure of this month,85000
Bajura,Seti,Mountain,Far-Western,2069/70,2012/13,Total balance,Total Expenditure of this month,510000
Bajhang,Seti,Mountain,Far-Western,2069/70,2012/13,Expenditure of this month,Medicine,0
Bajhang,Seti,Mountain,Far-Western,2069/70,2012/13,Expenditure of this month,Exempted,0
Bajhang,Seti,Mountain,Far-Western,2069/70,2012/13,Expenditure of this month,Health Facility Conduction expenditure,40000
Bajhang,Seti,Mountain,Far-Western,2069/70,2012/13,Expenditure of this month,Total Expenditure of this month,40000
Bajhang,Seti,Mountain,Far-Western,2069/70,2012/13,Total Balance at the end of last month,Total Expenditure of this month,0
Bajhang,Seti,Mountain,Far-Western,2069/70,2012/13,Total Balance at the end of this month (bank),Total Expenditure of this month,0
Bajhang,Seti,Mountain,Far-Western,2069/70,2012/13,Total Balance at Cash box at the of this month,Total Expenditure of this month,0
Bajhang,Seti,Mountain,Far-Western,2069/70,2012/13,Total balance,Total Expenditure of this month,0
Achham,Seti,Hill,Far-Western,2069/70,2012/13,Expenditure of this month,Medicine,0
Achham,Seti,Hill,Far-Western,2069/70,2012/13,Expenditure of this month,Exempted,0
Achham,Seti,Hill,Far-Western,2069/70,2012/13,Expenditure of this month,Health Facility Conduction expenditure,0
Achham,Seti,Hill,Far-Western,2069/70,2012/13,Expenditure of this month,Total Expenditure of this month,0
Achham,Seti,Hill,Far-Western,2069/70,2012/13,Total Balance at the end of last month,Total Expenditure of this month,0
Achham,Seti,Hill,Far-Western,2069/70,2012/13,Total Balance at the end of this month (bank),Total Expenditure of this month,0
Achham,Seti,Hill,Far-Western,2069/70,2012/13,Total Balance at Cash box at the of this month,Total Expenditure of this month,0
Achham,Seti,Hill,Far-Western,2069/70,2012/13,Total balance,Total Expenditure of this month,0
Doti,Seti,Hill,Far-Western,2069/70,2012/13,Expenditure of this month,Medicine,0
Doti,Seti,Hill,Far-Western,2069/70,2012/13,Expenditure of this month,Exempted,0
Doti,Seti,Hill,Far-Western,2069/70,2012/13,Expenditure of this month,Health Facility Conduction expenditure,149972
Doti,Seti,Hill,Far-Western,2069/70,2012/13,Expenditure of this month,Total Expenditure of this month,149972
Doti,Seti,Hill,Far-Western,2069/70,2012/13,Total Balance at the end of last month,Total Expenditure of this month,1461147
Doti,Seti,Hill,Far-Western,2069/70,2012/13,Total Balance at the end of this month (bank),Total Expenditure of this month,717871
Doti,Seti,Hill,Far-Western,2069/70,2012/13,Total Balance at Cash box at the of this month,Total Expenditure of this month,116988
Doti,Seti,Hill,Far-Western,2069/70,2012/13,Total balance,Total Expenditure of this month,2296006
Kailali,Seti,Terai,Far-Western,2069/70,2012/13,Expenditure of this month,Medicine,0
Kailali,Seti,Terai,Far-Western,2069/70,2012/13,Expenditure of this month,Exempted,0
Kailali,Seti,Terai,Far-Western,2069/70,2012/13,Expenditure of this month,Health Facility Conduction expenditure,0
Kailali,Seti,Terai,Far-Western,2069/70,2012/13,Expenditure of this month,Total Expenditure of this month,0
Kailali,Seti,Terai,Far-Western,2069/70,2012/13,Total Balance at the end of last month,Total Expenditure of this month,0
Kailali,Seti,Terai,Far-Western,2069/70,2012/13,Total Balance at the end of this month (bank),Total Expenditure of this month,0
Kailali,Seti,Terai,Far-Western,2069/70,2012/13,Total Balance at Cash box at the of this month,Total Expenditure of this month,0
Kailali,Seti,Terai,Far-Western,2069/70,2012/13,Total balance,Total Expenditure of this month,0
Kanchanpur,Mahakali,Terai,Far-Western,2069/70,2012/13,Expenditure of this month,Medicine,348300
Kanchanpur,Mahakali,Terai,Far-Western,2069/70,2012/13,Expenditure of this month,Exempted,398290
Kanchanpur,Mahakali,Terai,Far-Western,2069/70,2012/13,Expenditure of this month,Health Facility Conduction expenditure,8300743
Kanchanpur,Mahakali,Terai,Far-Western,2069/70,2012/13,Expenditure of this month,Total Expenditure of this month,9047333
Kanchanpur,Mahakali,Terai,Far-Western,2069/70,2012/13,Total Balance at the end of last month,Total Expenditure of this month,55295033
Kanchanpur,Mahakali,Terai,Far-Western,2069/70,2012/13,Total Balance at the end of this month (bank),Total Expenditure of this month,26733386
Kanchanpur,Mahakali,Terai,Far-Western,2069/70,2012/13,Total Balance at Cash box at the of this month,Total Expenditure of this month,4642334
Kanchanpur,Mahakali,Terai,Far-Western,2069/70,2012/13,Total balance,Total Expenditure of this month,86670754
Dadeldhura,Mahakali,Hill,Far-Western,2069/70,2012/13,Expenditure of this month,Medicine,20000
Dadeldhura,Mahakali,Hill,Far-Western,2069/70,2012/13,Expenditure of this month,Exempted,0
Dadeldhura,Mahakali,Hill,Far-Western,2069/70,2012/13,Expenditure of this month,Health Facility Conduction expenditure,20360
Dadeldhura,Mahakali,Hill,Far-Western,2069/70,2012/13,Expenditure of this month,Total Expenditure of this month,40360
Dadeldhura,Mahakali,Hill,Far-Western,2069/70,2012/13,Total Balance at the end of last month,Total Expenditure of this month,44061
Dadeldhura,Mahakali,Hill,Far-Western,2069/70,2012/13,Total Balance at the end of this month (bank),Total Expenditure of this month,42689
Dadeldhura,Mahakali,Hill,Far-Western,2069/70,2012/13,Total Balance at Cash box at the of this month,Total Expenditure of this month,0
Dadeldhura,Mahakali,Hill,Far-Western,2069/70,2012/13,Total balance,Total Expenditure of this month,86750
Baitadi,Mahakali,Hill,Far-Western,2069/70,2012/13,Expenditure of this month,Medicine,0
Baitadi,Mahakali,Hill,Far-Western,2069/70,2012/13,Expenditure of this month,Exempted,0
Baitadi,Mahakali,Hill,Far-Western,2069/70,2012/13,Expenditure of this month,Health Facility Conduction expenditure,3695
Baitadi,Mahakali,Hill,Far-Western,2069/70,2012/13,Expenditure of this month,Total Expenditure of this month,3695
Baitadi,Mahakali,Hill,Far-Western,2069/70,2012/13,Total Balance at the end of last month,Total Expenditure of this month,389000
Baitadi,Mahakali,Hill,Far-Western,2069/70,2012/13,Total Balance at the end of this month (bank),Total Expenditure of this month,202560
Baitadi,Mahakali,Hill,Far-Western,2069/70,2012/13,Total Balance at Cash box at the of this month,Total Expenditure of this month,7060
Baitadi,Mahakali,Hill,Far-Western,2069/70,2012/13,Total balance,Total Expenditure of this month,598620
Darchula,Mahakali,Mountain,Far-Western,2069/70,2012/13,Expenditure of this month,Medicine,0
Darchula,Mahakali,Mountain,Far-Western,2069/70,2012/13,Expenditure of this month,Exempted,0
Darchula,Mahakali,Mountain,Far-Western,2069/70,2012/13,Expenditure of this month,Health Facility Conduction expenditure,510
Darchula,Mahakali,Mountain,Far-Western,2069/70,2012/13,Expenditure of this month,Total Expenditure of this month,510
Darchula,Mahakali,Mountain,Far-Western,2069/70,2012/13,Total Balance at the end of last month,Total Expenditure of this month,440
Darchula,Mahakali,Mountain,Far-Western,2069/70,2012/13,Total Balance at the end of this month (bank),Total Expenditure of this month,0
Darchula,Mahakali,Mountain,Far-Western,2069/70,2012/13,Total Balance at Cash box at the of this month,Total Expenditure of this month,515
Darchula,Mahakali,Mountain,Far-Western,2069/70,2012/13,Total balance,Total Expenditure of this month,955
