Year,District,Communicable and infectious disease,Number of people
2009/010,Bhojpur,STD/STI,119
2009/010,Bhojpur,HIV/AIDS,1
2009/010,Bhojpur,Leprosy,7
2009/010,Bhojpur,Confirmed Meningitis,0
2009/010,Dhankuta,STD/STI,152
2009/010,Dhankuta,HIV/AIDS,0
2009/010,Dhankuta,Leprosy,0
2009/010,Dhankuta,Confirmed Meningitis,0
2009/010,Ilam,STD/STI,174
2009/010,Ilam,HIV/AIDS,1
2009/010,Ilam,Leprosy,6
2009/010,Ilam,Confirmed Meningitis,0
2009/010,Jhapa,STD/STI,2015
2009/010,Jhapa,HIV/AIDS,4
2009/010,Jhapa,Leprosy,149
2009/010,Jhapa,Confirmed Meningitis,2
2009/010,Khotang,STD/STI,102
2009/010,Khotang,HIV/AIDS,4
2009/010,Khotang,Leprosy,0
2009/010,Khotang,Confirmed Meningitis,6
2009/010,Morang,STD/STI,1963
2009/010,Morang,HIV/AIDS,36
2009/010,Morang,Leprosy,118
2009/010,Morang,Confirmed Meningitis,93
2009/010,Okhaldhunga,STD/STI,57
2009/010,Okhaldhunga,HIV/AIDS,0
2009/010,Okhaldhunga,Leprosy,4
2009/010,Okhaldhunga,Confirmed Meningitis,1
2009/010,Panchthar,STD/STI,217
2009/010,Panchthar,HIV/AIDS,42
2009/010,Panchthar,Leprosy,45
2009/010,Panchthar,Confirmed Meningitis,5
2009/010,Sankhuwasabha,STD/STI,103
2009/010,Sankhuwasabha,HIV/AIDS,1
2009/010,Sankhuwasabha,Leprosy,2
2009/010,Sankhuwasabha,Confirmed Meningitis,2
2009/010,Saptari,STD/STI,863
2009/010,Saptari,HIV/AIDS,0
2009/010,Saptari,Leprosy,38
2009/010,Saptari,Confirmed Meningitis,16
2009/010,Siraha,STD/STI,345
2009/010,Siraha,HIV/AIDS,0
2009/010,Siraha,Leprosy,68
2009/010,Siraha,Confirmed Meningitis,25
2009/010,Solukhumbu,STD/STI,444
2009/010,Solukhumbu,HIV/AIDS,3
2009/010,Solukhumbu,Leprosy,0
2009/010,Solukhumbu,Confirmed Meningitis,2
2009/010,Sunsari,STD/STI,285
2009/010,Sunsari,HIV/AIDS,0
2009/010,Sunsari,Leprosy,51
2009/010,Sunsari,Confirmed Meningitis,2
2009/010,Taplejung,STD/STI,77
2009/010,Taplejung,HIV/AIDS,0
2009/010,Taplejung,Leprosy,0
2009/010,Taplejung,Confirmed Meningitis,0
2009/010,Teharthum,STD/STI,54
2009/010,Teharthum,HIV/AIDS,2
2009/010,Teharthum,Leprosy,4
2009/010,Teharthum,Confirmed Meningitis,1
2009/010,Udaypur,STD/STI,461
2009/010,Udaypur,HIV/AIDS,0
2009/010,Udaypur,Leprosy,12
2009/010,Udaypur,Confirmed Meningitis,6
2009/010,Bara,STD/STI,1149
2009/010,Bara,HIV/AIDS,0
2009/010,Bara,Leprosy,66
2009/010,Bara,Confirmed Meningitis,6
2009/010,Bhaktapur,STD/STI,238
2009/010,Bhaktapur,HIV/AIDS,0
2009/010,Bhaktapur,Leprosy,15
2009/010,Bhaktapur,Confirmed Meningitis,2
2009/010,Chitwan,STD/STI,972
2009/010,Chitwan,HIV/AIDS,90
2009/010,Chitwan,Leprosy,98
2009/010,Chitwan,Confirmed Meningitis,120
2009/010,Dhading,STD/STI,941
2009/010,Dhading,HIV/AIDS,5
2009/010,Dhading,Leprosy,4
2009/010,Dhading,Confirmed Meningitis,6
2009/010,Dhanusha,STD/STI,685
2009/010,Dhanusha,HIV/AIDS,0
2009/010,Dhanusha,Leprosy,101
2009/010,Dhanusha,Confirmed Meningitis,65
2009/010,Dolkha,STD/STI,137
2009/010,Dolkha,HIV/AIDS,1
2009/010,Dolkha,Leprosy,0
2009/010,Dolkha,Confirmed Meningitis,13
2009/010,Kathmandu,STD/STI,2672
2009/010,Kathmandu,HIV/AIDS,1030
2009/010,Kathmandu,Leprosy,69
2009/010,Kathmandu,Confirmed Meningitis,112
2009/010,Kavre,STD/STI,771
2009/010,Kavre,HIV/AIDS,1
2009/010,Kavre,Leprosy,5
2009/010,Kavre,Confirmed Meningitis,15
2009/010,Lalitpur,STD/STI,0
2009/010,Lalitpur,HIV/AIDS,0
2009/010,Mahottari,STD/STI,996
2009/010,Mahottari,HIV/AIDS,2
2009/010,Mahottari,Leprosy,196
2009/010,Mahottari,Confirmed Meningitis,11
2009/010,Makawanpur,STD/STI,667
2009/010,Makawanpur,HIV/AIDS,2
2009/010,Makawanpur,Leprosy,29
2009/010,Makawanpur,Confirmed Meningitis,11
2009/010,Nuwakot,STD/STI,604
2009/010,Nuwakot,HIV/AIDS,6
2009/010,Nuwakot,Leprosy,4
2009/010,Nuwakot,Confirmed Meningitis,7
2009/010,Parsa,STD/STI,0
2009/010,Parsa,HIV/AIDS,0
2009/010,Ramechhap,STD/STI,123
2009/010,Ramechhap,HIV/AIDS,0
2009/010,Ramechhap,Leprosy,3
2009/010,Ramechhap,Confirmed Meningitis,3
2009/010,Rasuwa,STD/STI,94
2009/010,Rasuwa,HIV/AIDS,0
2009/010,Rasuwa,Leprosy,0
2009/010,Rasuwa,Confirmed Meningitis,0
2009/010,Rautahat,STD/STI,979
2009/010,Rautahat,HIV/AIDS,23
2009/010,Rautahat,Leprosy,81
2009/010,Rautahat,Confirmed Meningitis,103
2009/010,Sarlahi,STD/STI,1946
2009/010,Sarlahi,HIV/AIDS,48
2009/010,Sarlahi,Leprosy,149
2009/010,Sarlahi,Confirmed Meningitis,6
2009/010,Sindhuli,STD/STI,335
2009/010,Sindhuli,HIV/AIDS,8
2009/010,Sindhuli,Leprosy,72
2009/010,Sindhuli,Confirmed Meningitis,14
2009/010,Sindhupalchowk,STD/STI,543
2009/010,Sindhupalchowk,HIV/AIDS,1
2009/010,Sindhupalchowk,Leprosy,4
2009/010,Sindhupalchowk,Confirmed Meningitis,1
2009/010,Arghakhanchi,STD/STI,208
2009/010,Arghakhanchi,HIV/AIDS,0
2009/010,Arghakhanchi,Leprosy,12
2009/010,Arghakhanchi,Confirmed Meningitis,10
2009/010,Baglung,STD/STI,514
2009/010,Baglung,HIV/AIDS,58
2009/010,Baglung,Leprosy,4
2009/010,Baglung,Confirmed Meningitis,0
2009/010,Gorkha,STD/STI,198
2009/010,Gorkha,HIV/AIDS,5
2009/010,Gorkha,Leprosy,8
2009/010,Gorkha,Confirmed Meningitis,33
2009/010,Gulmi,STD/STI,2158
2009/010,Gulmi,HIV/AIDS,23
2009/010,Gulmi,Leprosy,4
2009/010,Gulmi,Confirmed Meningitis,28
2009/010,Kapilvastu,STD/STI,1746
2009/010,Kapilvastu,HIV/AIDS,20
2009/010,Kapilvastu,Leprosy,71
2009/010,Kapilvastu,Confirmed Meningitis,0
2009/010,Kaski,STD/STI,428
2009/010,Kaski,HIV/AIDS,8
2009/010,Kaski,Leprosy,65
2009/010,Kaski,Confirmed Meningitis,34
2009/010,Lamjung,STD/STI,82
2009/010,Lamjung,HIV/AIDS,1
2009/010,Lamjung,Leprosy,2
2009/010,Lamjung,Confirmed Meningitis,0
2009/010,Manang,STD/STI,14
2009/010,Manang,HIV/AIDS,0
2009/010,Manang,Leprosy,0
2009/010,Manang,Confirmed Meningitis,0
2009/010,Mustang,STD/STI,26
2009/010,Mustang,HIV/AIDS,0
2009/010,Mustang,Leprosy,0
2009/010,Mustang,Confirmed Meningitis,0
2009/010,Myagdi,STD/STI,95
2009/010,Myagdi,HIV/AIDS,1
2009/010,Myagdi,Leprosy,4
2009/010,Myagdi,Confirmed Meningitis,3
2009/010,Nawalparasi,STD/STI,88
2009/010,Nawalparasi,HIV/AIDS,3
2009/010,Nawalparasi,Leprosy,99
2009/010,Nawalparasi,Confirmed Meningitis,18
2009/010,Palpa,STD/STI,114
2009/010,Palpa,HIV/AIDS,92
2009/010,Palpa,Leprosy,24
2009/010,Palpa,Confirmed Meningitis,184
2009/010,Parbat,STD/STI,1160
2009/010,Parbat,HIV/AIDS,1458
2009/010,Parbat,Leprosy,406
2009/010,Parbat,Confirmed Meningitis,12
2009/010,Rupandehi,STD/STI,0
2009/010,Rupandehi,HIV/AIDS,0
2009/010,Rupandehi,Leprosy,0
2009/010,Rupandehi,Confirmed Meningitis,0
2009/010,Syangja,STD/STI,963
2009/010,Syangja,HIV/AIDS,77
2009/010,Syangja,Leprosy,10
2009/010,Syangja,Confirmed Meningitis,2
2009/010,Tanahu,STD/STI,198
2009/010,Tanahu,HIV/AIDS,6
2009/010,Tanahu,Leprosy,10
2009/010,Tanahu,Confirmed Meningitis,10
2009/010,Banke,STD/STI,1052
2009/010,Banke,HIV/AIDS,12
2009/010,Banke,Leprosy,11
2009/010,Banke,Confirmed Meningitis,1
2009/010,Bardiya,STD/STI,5057
2009/010,Bardiya,HIV/AIDS,263
2009/010,Bardiya,Leprosy,30
2009/010,Bardiya,Confirmed Meningitis,0
2009/010,Dailekh,STD/STI,650
2009/010,Dailekh,HIV/AIDS,3
2009/010,Dailekh,Leprosy,9
2009/010,Dailekh,Confirmed Meningitis,0
2009/010,Dang,STD/STI,1209
2009/010,Dang,HIV/AIDS,11
2009/010,Dang,Leprosy,25
2009/010,Dang,Confirmed Meningitis,8
2009/010,Dolpa,STD/STI,220
2009/010,Dolpa,HIV/AIDS,1
2009/010,Dolpa,Leprosy,6
2009/010,Dolpa,Confirmed Meningitis,2
2009/010,Humla,STD/STI,497
2009/010,Humla,HIV/AIDS,0
2009/010,Humla,Leprosy,10
2009/010,Humla,Confirmed Meningitis,1
2009/010,Jajarkot,STD/STI,168
2009/010,Jajarkot,HIV/AIDS,0
2009/010,Jajarkot,Leprosy,4
2009/010,Jajarkot,Confirmed Meningitis,0
2009/010,Jumla,STD/STI,110
2009/010,Jumla,HIV/AIDS,0
2009/010,Jumla,Leprosy,3
2009/010,Jumla,Confirmed Meningitis,0
2009/010,Kalikot,STD/STI,269
2009/010,Kalikot,HIV/AIDS,43
2009/010,Kalikot,Leprosy,41
2009/010,Kalikot,Confirmed Meningitis,8
2009/010,Mugu,STD/STI,415
2009/010,Mugu,HIV/AIDS,0
2009/010,Mugu,Leprosy,0
2009/010,Mugu,Confirmed Meningitis,0
2009/010,Pyuthan,STD/STI,235
2009/010,Pyuthan,HIV/AIDS,0
2009/010,Pyuthan,Leprosy,1
2009/010,Pyuthan,Confirmed Meningitis,0
2009/010,Rolpa,STD/STI,306
2009/010,Rolpa,HIV/AIDS,0
2009/010,Rolpa,Leprosy,4
2009/010,Rolpa,Confirmed Meningitis,0
2009/010,Rukum,STD/STI,732
2009/010,Rukum,HIV/AIDS,10
2009/010,Rukum,Leprosy,29
2009/010,Rukum,Confirmed Meningitis,210
2009/010,Salyan,STD/STI,735
2009/010,Salyan,HIV/AIDS,0
2009/010,Salyan,Leprosy,3
2009/010,Salyan,Confirmed Meningitis,2
2009/010,Surkhet,STD/STI,2422
2009/010,Surkhet,HIV/AIDS,4
2009/010,Surkhet,Leprosy,9
2009/010,Surkhet,Confirmed Meningitis,8
2009/010,Achham,STD/STI,1333
2009/010,Achham,HIV/AIDS,319
2009/010,Achham,Leprosy,38
2009/010,Achham,Confirmed Meningitis,5
2009/010,Baitadi,STD/STI,572
2009/010,Baitadi,HIV/AIDS,0
2009/010,Baitadi,Leprosy,8
2009/010,Baitadi,Confirmed Meningitis,71
2009/010,Bajhang,STD/STI,323
2009/010,Bajhang,HIV/AIDS,1
2009/010,Bajhang,Leprosy,5
2009/010,Bajhang,Confirmed Meningitis,1
2009/010,Bajura,STD/STI,132
2009/010,Bajura,HIV/AIDS,7
2009/010,Bajura,Leprosy,9
2009/010,Bajura,Confirmed Meningitis,0
2009/010,Dadeldhura,STD/STI,1090
2009/010,Dadeldhura,HIV/AIDS,9
2009/010,Dadeldhura,Leprosy,18
2009/010,Dadeldhura,Confirmed Meningitis,111
2009/010,Darchula,STD/STI,389
2009/010,Darchula,HIV/AIDS,0
2009/010,Darchula,Leprosy,2
2009/010,Darchula,Confirmed Meningitis,0
2009/010,Doti,STD/STI,527
2009/010,Doti,HIV/AIDS,89
2009/010,Doti,Leprosy,25
2009/010,Doti,Confirmed Meningitis,17
2009/010,Kailali,STD/STI,1758
2009/010,Kailali,HIV/AIDS,24
2009/010,Kailali,Leprosy,100
2009/010,Kailali,Confirmed Meningitis,130
2009/010,Kanchanpur,STD/STI,636
2009/010,Kanchanpur,HIV/AIDS,5
2009/010,Kanchanpur,Leprosy,27
2009/010,Kanchanpur,Confirmed Meningitis,16
2010/011,Taplejung,STD/STI,63
2010/011,Taplejung,HIV/AIDS,0
2010/011,Taplejung,Leprosy,0
2010/011,Taplejung,Confirmed Meningitis,40
2010/011,Panchthar,STD/STI,137
2010/011,Panchthar,HIV/AIDS,0
2010/011,Panchthar,Leprosy,4
2010/011,Panchthar,Confirmed Meningitis,0
2010/011,Ilam,STD/STI,126
2010/011,Ilam,HIV/AIDS,0
2010/011,Ilam,Leprosy,0
2010/011,Ilam,Confirmed Meningitis,0
2010/011,Jhapa,STD/STI,1545
2010/011,Jhapa,HIV/AIDS,10
2010/011,Jhapa,Leprosy,175
2010/011,Jhapa,Confirmed Meningitis,9
2010/011,Morang,STD/STI,1257
2010/011,Morang,HIV/AIDS,23
2010/011,Morang,Leprosy,89
2010/011,Morang,Confirmed Meningitis,292
2010/011,Sunsari,STD/STI,176
2010/011,Sunsari,HIV/AIDS,0
2010/011,Sunsari,Leprosy,36
2010/011,Sunsari,Confirmed Meningitis,0
2010/011,Dhankuta,STD/STI,155
2010/011,Dhankuta,HIV/AIDS,0
2010/011,Dhankuta,Leprosy,0
2010/011,Dhankuta,Confirmed Meningitis,0
2010/011,Teharthum,STD/STI,141
2010/011,Teharthum,HIV/AIDS,7
2010/011,Teharthum,Leprosy,20
2010/011,Teharthum,Confirmed Meningitis,2
2010/011,Sankhuwasabha,STD/STI,482
2010/011,Sankhuwasabha,HIV/AIDS,113
2010/011,Sankhuwasabha,Leprosy,44
2010/011,Sankhuwasabha,Confirmed Meningitis,68
2010/011,Bhojpur,STD/STI,80
2010/011,Bhojpur,HIV/AIDS,0
2010/011,Bhojpur,Leprosy,0
2010/011,Bhojpur,Confirmed Meningitis,1
2010/011,Solukhumbu,STD/STI,45
2010/011,Solukhumbu,HIV/AIDS,3
2010/011,Solukhumbu,Leprosy,19
2010/011,Solukhumbu,Confirmed Meningitis,2
2010/011,Okhaldhunga,STD/STI,35
2010/011,Okhaldhunga,HIV/AIDS,0
2010/011,Okhaldhunga,Leprosy,5
2010/011,Okhaldhunga,Confirmed Meningitis,3
2010/011,Khotang,STD/STI,158
2010/011,Khotang,HIV/AIDS,4
2010/011,Khotang,Leprosy,0
2010/011,Khotang,Confirmed Meningitis,1
2010/011,Udaypur,STD/STI,673
2010/011,Udaypur,HIV/AIDS,16
2010/011,Udaypur,Leprosy,12
2010/011,Udaypur,Confirmed Meningitis,94
2010/011,Saptari,STD/STI,882
2010/011,Saptari,HIV/AIDS,15
2010/011,Saptari,Leprosy,28
2010/011,Saptari,Confirmed Meningitis,0
2010/011,Siraha,STD/STI,308
2010/011,Siraha,HIV/AIDS,0
2010/011,Siraha,Leprosy,33
2010/011,Siraha,Confirmed Meningitis,23
2010/011,Dhanusha,STD/STI,565
2010/011,Dhanusha,HIV/AIDS,1
2010/011,Dhanusha,Leprosy,94
2010/011,Dhanusha,Confirmed Meningitis,0
2010/011,Mahottari,STD/STI,1330
2010/011,Mahottari,HIV/AIDS,43
2010/011,Mahottari,Leprosy,35
2010/011,Mahottari,Confirmed Meningitis,7
2010/011,Sarlahi,STD/STI,503
2010/011,Sarlahi,HIV/AIDS,83
2010/011,Sarlahi,Leprosy,56
2010/011,Sarlahi,Confirmed Meningitis,24
2010/011,Sindhuli,STD/STI,200
2010/011,Sindhuli,HIV/AIDS,18
2010/011,Sindhuli,Leprosy,14
2010/011,Sindhuli,Confirmed Meningitis,14
2010/011,Ramechhap,STD/STI,91
2010/011,Ramechhap,HIV/AIDS,1
2010/011,Ramechhap,Leprosy,2
2010/011,Ramechhap,Confirmed Meningitis,8
2010/011,Dolkha,STD/STI,354
2010/011,Dolkha,HIV/AIDS,2
2010/011,Dolkha,Leprosy,2
2010/011,Dolkha,Confirmed Meningitis,4
2010/011,Sindhupalchowk,STD/STI,488
2010/011,Sindhupalchowk,HIV/AIDS,0
2010/011,Sindhupalchowk,Leprosy,1
2010/011,Sindhupalchowk,Confirmed Meningitis,15
2010/011,Kavre,STD/STI,811
2010/011,Kavre,HIV/AIDS,0
2010/011,Kavre,Leprosy,4
2010/011,Kavre,Confirmed Meningitis,10
2010/011,Lalitpur,STD/STI,0
2010/011,Lalitpur,HIV/AIDS,0
2010/011,Lalitpur,Leprosy,0
2010/011,Lalitpur,Confirmed Meningitis,0
2010/011,Bhaktapur,STD/STI,195
2010/011,Bhaktapur,HIV/AIDS,7
2010/011,Bhaktapur,Leprosy,0
2010/011,Bhaktapur,Confirmed Meningitis,3
2010/011,Kathmandu,STD/STI,2184
2010/011,Kathmandu,HIV/AIDS,483
2010/011,Kathmandu,Leprosy,51
2010/011,Kathmandu,Confirmed Meningitis,74
2010/011,Nuwakot,STD/STI,308
2010/011,Nuwakot,HIV/AIDS,2
2010/011,Nuwakot,Leprosy,0
2010/011,Nuwakot,Confirmed Meningitis,4
2010/011,Rasuwa,STD/STI,151
2010/011,Rasuwa,HIV/AIDS,0
2010/011,Rasuwa,Leprosy,0
2010/011,Rasuwa,Confirmed Meningitis,10
2010/011,Dhading,STD/STI,1156
2010/011,Dhading,HIV/AIDS,15
2010/011,Dhading,Leprosy,2
2010/011,Dhading,Confirmed Meningitis,5
2010/011,Makawanpur,STD/STI,526
2010/011,Makawanpur,HIV/AIDS,9
2010/011,Makawanpur,Leprosy,4
2010/011,Makawanpur,Confirmed Meningitis,14
2010/011,Rautahat,STD/STI,915
2010/011,Rautahat,HIV/AIDS,12
2010/011,Rautahat,Leprosy,78
2010/011,Rautahat,Confirmed Meningitis,42
2010/011,Bara,STD/STI,850
2010/011,Bara,HIV/AIDS,56
2010/011,Bara,Leprosy,87
2010/011,Bara,Confirmed Meningitis,2
2010/011,Parsa,STD/STI,0
2010/011,Parsa,HIV/AIDS,0
2010/011,Parsa,Leprosy,0
2010/011,Parsa,Confirmed Meningitis,0
2010/011,Chitwan,STD/STI,1104
2010/011,Chitwan,HIV/AIDS,38
2010/011,Chitwan,Leprosy,34
2010/011,Chitwan,Confirmed Meningitis,28
2010/011,Gorkha,STD/STI,179
2010/011,Gorkha,HIV/AIDS,17
2010/011,Gorkha,Leprosy,9
2010/011,Gorkha,Confirmed Meningitis,0
2010/011,Lamjung,STD/STI,38
2010/011,Lamjung,HIV/AIDS,0
2010/011,Lamjung,Leprosy,4
2010/011,Lamjung,Confirmed Meningitis,0
2010/011,Tanahu,STD/STI,255
2010/011,Tanahu,HIV/AIDS,6
2010/011,Tanahu,Leprosy,13
2010/011,Tanahu,Confirmed Meningitis,6
2010/011,Syangja,STD/STI,478
2010/011,Syangja,HIV/AIDS,9
2010/011,Syangja,Leprosy,5
2010/011,Syangja,Confirmed Meningitis,5
2010/011,Kaski,STD/STI,426
2010/011,Kaski,HIV/AIDS,9
2010/011,Kaski,Leprosy,35
2010/011,Kaski,Confirmed Meningitis,195
2010/011,Manang,STD/STI,27
2010/011,Manang,HIV/AIDS,0
2010/011,Manang,Leprosy,0
2010/011,Manang,Confirmed Meningitis,0
2010/011,Mustang,STD/STI,55
2010/011,Mustang,HIV/AIDS,0
2010/011,Mustang,Leprosy,0
2010/011,Mustang,Confirmed Meningitis,0
2010/011,Myagdi,STD/STI,123
2010/011,Myagdi,HIV/AIDS,0
2010/011,Myagdi,Leprosy,3
2010/011,Myagdi,Confirmed Meningitis,0
2010/011,Parbat,STD/STI,37
2010/011,Parbat,HIV/AIDS,5
2010/011,Parbat,Leprosy,3
2010/011,Parbat,Confirmed Meningitis,1
2010/011,Baglung,STD/STI,493
2010/011,Baglung,HIV/AIDS,26
2010/011,Baglung,Leprosy,0
2010/011,Baglung,Confirmed Meningitis,4
2010/011,Gulmi,STD/STI,811
2010/011,Gulmi,HIV/AIDS,7
2010/011,Gulmi,Leprosy,4
2010/011,Gulmi,Confirmed Meningitis,25
2010/011,Palpa,STD/STI,251
2010/011,Palpa,HIV/AIDS,103
2010/011,Palpa,Leprosy,47
2010/011,Palpa,Confirmed Meningitis,194
2010/011,Nawalparasi,STD/STI,93
2010/011,Nawalparasi,HIV/AIDS,1
2010/011,Nawalparasi,Leprosy,74
2010/011,Nawalparasi,Confirmed Meningitis,2
2010/011,Rupandehi,STD/STI,0
2010/011,Rupandehi,HIV/AIDS,0
2010/011,Rupandehi,Leprosy,0
2010/011,Rupandehi,Confirmed Meningitis,0
2010/011,Kapilvastu,STD/STI,1442
2010/011,Kapilvastu,HIV/AIDS,3
2010/011,Kapilvastu,Leprosy,61
2010/011,Kapilvastu,Confirmed Meningitis,10
2010/011,Arghakhanchi,STD/STI,129
2010/011,Arghakhanchi,HIV/AIDS,0
2010/011,Arghakhanchi,Leprosy,1
2010/011,Arghakhanchi,Confirmed Meningitis,0
2010/011,Pyuthan,STD/STI,198
2010/011,Pyuthan,HIV/AIDS,17
2010/011,Pyuthan,Leprosy,2
2010/011,Pyuthan,Confirmed Meningitis,0
2010/011,Rolpa,STD/STI,389
2010/011,Rolpa,HIV/AIDS,0
2010/011,Rolpa,Leprosy,6
2010/011,Rolpa,Confirmed Meningitis,0
2010/011,Rukum,STD/STI,635
2010/011,Rukum,HIV/AIDS,3
2010/011,Rukum,Leprosy,9
2010/011,Rukum,Confirmed Meningitis,7
2010/011,Salyan,STD/STI,804
2010/011,Salyan,HIV/AIDS,253
2010/011,Salyan,Leprosy,19
2010/011,Salyan,Confirmed Meningitis,24
2010/011,Dang,STD/STI,1989
2010/011,Dang,HIV/AIDS,0
2010/011,Dang,Leprosy,14
2010/011,Dang,Confirmed Meningitis,0
2010/011,Banke,STD/STI,1460
2010/011,Banke,HIV/AIDS,77
2010/011,Banke,Leprosy,51
2010/011,Banke,Confirmed Meningitis,7
2010/011,Bardiya,STD/STI,4837
2010/011,Bardiya,HIV/AIDS,47
2010/011,Bardiya,Leprosy,48
2010/011,Bardiya,Confirmed Meningitis,2
2010/011,Surkhet,STD/STI,1590
2010/011,Surkhet,HIV/AIDS,1
2010/011,Surkhet,Leprosy,7
2010/011,Surkhet,Confirmed Meningitis,4
2010/011,Dailekh,STD/STI,679
2010/011,Dailekh,HIV/AIDS,5
2010/011,Dailekh,Leprosy,3
2010/011,Dailekh,Confirmed Meningitis,1
2010/011,Jajarkot,STD/STI,437
2010/011,Jajarkot,HIV/AIDS,2
2010/011,Jajarkot,Leprosy,1
2010/011,Jajarkot,Confirmed Meningitis,19
2010/011,Dolpa,STD/STI,154
2010/011,Dolpa,HIV/AIDS,67
2010/011,Dolpa,Leprosy,27
2010/011,Dolpa,Confirmed Meningitis,9
2010/011,Jumla,STD/STI,100
2010/011,Jumla,HIV/AIDS,0
2010/011,Jumla,Leprosy,3
2010/011,Jumla,Confirmed Meningitis,0
2010/011,Kalikot,STD/STI,404
2010/011,Kalikot,HIV/AIDS,12
2010/011,Kalikot,Leprosy,7
2010/011,Kalikot,Confirmed Meningitis,0
2010/011,Mugu,STD/STI,177
2010/011,Mugu,HIV/AIDS,0
2010/011,Mugu,Leprosy,0
2010/011,Mugu,Confirmed Meningitis,3
2010/011,Humla,STD/STI,297
2010/011,Humla,HIV/AIDS,0
2010/011,Humla,Leprosy,1
2010/011,Humla,Confirmed Meningitis,0
2010/011,Bajura,STD/STI,122
2010/011,Bajura,HIV/AIDS,1
2010/011,Bajura,Leprosy,6
2010/011,Bajura,Confirmed Meningitis,2
2010/011,Bajhang,STD/STI,210
2010/011,Bajhang,HIV/AIDS,1
2010/011,Bajhang,Leprosy,12
2010/011,Bajhang,Confirmed Meningitis,0
2010/011,Achham,STD/STI,1357
2010/011,Achham,HIV/AIDS,551
2010/011,Achham,Leprosy,19
2010/011,Achham,Confirmed Meningitis,6
2010/011,Doti,STD/STI,378
2010/011,Doti,HIV/AIDS,5
2010/011,Doti,Leprosy,6
2010/011,Doti,Confirmed Meningitis,40
2010/011,Kailali,STD/STI,1143
2010/011,Kailali,HIV/AIDS,10
2010/011,Kailali,Leprosy,103
2010/011,Kailali,Confirmed Meningitis,131
2010/011,Kanchanpur,STD/STI,916
2010/011,Kanchanpur,HIV/AIDS,27
2010/011,Kanchanpur,Leprosy,16
2010/011,Kanchanpur,Confirmed Meningitis,0
2010/011,Dadeldhura,STD/STI,1034
2010/011,Dadeldhura,HIV/AIDS,13
2010/011,Dadeldhura,Leprosy,18
2010/011,Dadeldhura,Confirmed Meningitis,44
2010/011,Baitadi,STD/STI,627
2010/011,Baitadi,HIV/AIDS,1
2010/011,Baitadi,Leprosy,5
2010/011,Baitadi,Confirmed Meningitis,12
2010/011,Darchula,STD/STI,224
2010/011,Darchula,HIV/AIDS,0
2010/011,Darchula,Leprosy,1
2010/011,Darchula,Confirmed Meningitis,0
2012/013,Taplejung,STD/STI,320
2012/013,Taplejung,HIV/AIDS,7
2012/013,Taplejung,Leprosy,13
2012/013,Taplejung,Confirmed Meningitis,36
2012/013,Panchthar,STD/STI,182
2012/013,Panchthar,HIV/AIDS,4
2012/013,Panchthar,Leprosy,1
2012/013,Panchthar,Confirmed Meningitis,0
2012/013,Ilam,STD/STI,136
2012/013,Ilam,HIV/AIDS,1
2012/013,Ilam,Leprosy,0
2012/013,Ilam,Confirmed Meningitis,15
2012/013,Jhapa,STD/STI,3290
2012/013,Jhapa,HIV/AIDS,45
2012/013,Jhapa,Leprosy,194
2012/013,Jhapa,Confirmed Meningitis,1
2012/013,Morang,STD/STI,970
2012/013,Morang,HIV/AIDS,126
2012/013,Morang,Leprosy,67
2012/013,Morang,Confirmed Meningitis,127
2012/013,Sunsari,STD/STI,800
2012/013,Sunsari,HIV/AIDS,2
2012/013,Sunsari,Leprosy,96
2012/013,Sunsari,Confirmed Meningitis,38
2012/013,Dhankuta,STD/STI,262
2012/013,Dhankuta,HIV/AIDS,0
2012/013,Dhankuta,Leprosy,3
2012/013,Dhankuta,Confirmed Meningitis,6
2012/013,Teharthum,STD/STI,193
2012/013,Teharthum,HIV/AIDS,0
2012/013,Teharthum,Leprosy,1
2012/013,Teharthum,Confirmed Meningitis,7
2012/013,Sankhuwasabha,STD/STI,92
2012/013,Sankhuwasabha,HIV/AIDS,0
2012/013,Sankhuwasabha,Leprosy,0
2012/013,Sankhuwasabha,Confirmed Meningitis,1
2012/013,Bhojpur,STD/STI,106
2012/013,Bhojpur,HIV/AIDS,0
2012/013,Bhojpur,Leprosy,1
2012/013,Bhojpur,Confirmed Meningitis,0
2012/013,Solukhumbu,STD/STI,16
2012/013,Solukhumbu,HIV/AIDS,2
2012/013,Solukhumbu,Leprosy,0
2012/013,Solukhumbu,Confirmed Meningitis,77
2012/013,Okhaldhunga,STD/STI,71
2012/013,Okhaldhunga,HIV/AIDS,0
2012/013,Okhaldhunga,Leprosy,1
2012/013,Okhaldhunga,Confirmed Meningitis,3
2012/013,Khotang,STD/STI,51
2012/013,Khotang,HIV/AIDS,0
2012/013,Khotang,Leprosy,1
2012/013,Khotang,Confirmed Meningitis,1
2012/013,Udaypur,STD/STI,1317
2012/013,Udaypur,HIV/AIDS,6
2012/013,Udaypur,Leprosy,23
2012/013,Udaypur,Confirmed Meningitis,9
2012/013,Saptari,STD/STI,753
2012/013,Saptari,HIV/AIDS,1
2012/013,Saptari,Leprosy,29
2012/013,Saptari,Confirmed Meningitis,1
2012/013,Siraha,STD/STI,412
2012/013,Siraha,HIV/AIDS,0
2012/013,Siraha,Leprosy,48
2012/013,Siraha,Confirmed Meningitis,18
2012/013,Dhanusha,STD/STI,635
2012/013,Dhanusha,HIV/AIDS,268
2012/013,Dhanusha,Leprosy,281
2012/013,Dhanusha,Confirmed Meningitis,226
2012/013,Mahottari,STD/STI,1539
2012/013,Mahottari,HIV/AIDS,22
2012/013,Mahottari,Leprosy,129
2012/013,Mahottari,Confirmed Meningitis,16
2012/013,Sarlahi,STD/STI,614
2012/013,Sarlahi,HIV/AIDS,30
2012/013,Sarlahi,Leprosy,163
2012/013,Sarlahi,Confirmed Meningitis,1
2012/013,Sindhuli,STD/STI,131
2012/013,Sindhuli,HIV/AIDS,4
2012/013,Sindhuli,Leprosy,2
2012/013,Sindhuli,Confirmed Meningitis,4
2012/013,Ramechhap,STD/STI,210
2012/013,Ramechhap,HIV/AIDS,3
2012/013,Ramechhap,Leprosy,1
2012/013,Ramechhap,Confirmed Meningitis,4
2012/013,Dolkha,STD/STI,408
2012/013,Dolkha,HIV/AIDS,95
2012/013,Dolkha,Leprosy,35
2012/013,Dolkha,Confirmed Meningitis,2
2012/013,Sindhupalchowk,STD/STI,370
2012/013,Sindhupalchowk,HIV/AIDS,0
2012/013,Sindhupalchowk,Leprosy,1
2012/013,Sindhupalchowk,Confirmed Meningitis,0
2012/013,Kavre,STD/STI,787
2012/013,Kavre,HIV/AIDS,14
2012/013,Kavre,Leprosy,40
2012/013,Kavre,Confirmed Meningitis,31
2012/013,Lalitpur,STD/STI,0
2012/013,Lalitpur,HIV/AIDS,0
2012/013,Lalitpur,Leprosy,0
2012/013,Lalitpur,Confirmed Meningitis,0
2012/013,Bhaktapur,STD/STI,215
2012/013,Bhaktapur,HIV/AIDS,0
2012/013,Bhaktapur,Leprosy,4
2012/013,Bhaktapur,Confirmed Meningitis,39
2012/013,Kathmandu,STD/STI,2984
2012/013,Kathmandu,HIV/AIDS,473
2012/013,Kathmandu,Leprosy,123
2012/013,Kathmandu,Confirmed Meningitis,151
2012/013,Nuwakot,STD/STI,242
2012/013,Nuwakot,HIV/AIDS,6
2012/013,Nuwakot,Leprosy,4
2012/013,Nuwakot,Confirmed Meningitis,1
2012/013,Rasuwa,STD/STI,32
2012/013,Rasuwa,HIV/AIDS,0
2012/013,Rasuwa,Leprosy,0
2012/013,Rasuwa,Confirmed Meningitis,0
2012/013,Dhading,STD/STI,1377
2012/013,Dhading,HIV/AIDS,23
2012/013,Dhading,Leprosy,21
2012/013,Dhading,Confirmed Meningitis,13
2012/013,Makawanpur,STD/STI,1163
2012/013,Makawanpur,HIV/AIDS,170
2012/013,Makawanpur,Leprosy,18
2012/013,Makawanpur,Confirmed Meningitis,58
2012/013,Rautahat,STD/STI,1130
2012/013,Rautahat,HIV/AIDS,20
2012/013,Rautahat,Leprosy,127
2012/013,Rautahat,Confirmed Meningitis,30
2012/013,Bara,STD/STI,784
2012/013,Bara,HIV/AIDS,89
2012/013,Bara,Leprosy,104
2012/013,Bara,Confirmed Meningitis,43
2012/013,Parsa,STD/STI,0
2012/013,Parsa,HIV/AIDS,0
2012/013,Parsa,Leprosy,0
2012/013,Parsa,Confirmed Meningitis,0
2012/013,Chitwan,STD/STI,1557
2012/013,Chitwan,HIV/AIDS,58
2012/013,Chitwan,Leprosy,99
2012/013,Chitwan,Confirmed Meningitis,36
2012/013,Gorkha,STD/STI,140
2012/013,Gorkha,HIV/AIDS,5
2012/013,Gorkha,Leprosy,4
2012/013,Gorkha,Confirmed Meningitis,1
2012/013,Lamjung,STD/STI,224
2012/013,Lamjung,HIV/AIDS,8
2012/013,Lamjung,Leprosy,5
2012/013,Lamjung,Confirmed Meningitis,0
2012/013,Tanahu,STD/STI,646
2012/013,Tanahu,HIV/AIDS,23
2012/013,Tanahu,Leprosy,16
2012/013,Tanahu,Confirmed Meningitis,2
2012/013,Syangja,STD/STI,335
2012/013,Syangja,HIV/AIDS,5
2012/013,Syangja,Leprosy,1
2012/013,Syangja,Confirmed Meningitis,81
2012/013,Kaski,STD/STI,1538
2012/013,Kaski,HIV/AIDS,140
2012/013,Kaski,Leprosy,25
2012/013,Kaski,Confirmed Meningitis,268
2012/013,Manang,STD/STI,33
2012/013,Manang,HIV/AIDS,0
2012/013,Manang,Leprosy,0
2012/013,Manang,Confirmed Meningitis,0
2012/013,Mustang,STD/STI,5
2012/013,Mustang,HIV/AIDS,0
2012/013,Mustang,Leprosy,0
2012/013,Mustang,Confirmed Meningitis,0
2012/013,Myagdi,STD/STI,108
2012/013,Myagdi,HIV/AIDS,15
2012/013,Myagdi,Leprosy,21
2012/013,Myagdi,Confirmed Meningitis,0
2012/013,Parbat,STD/STI,62
2012/013,Parbat,HIV/AIDS,0
2012/013,Parbat,Leprosy,6
2012/013,Parbat,Confirmed Meningitis,0
2012/013,Baglung,STD/STI,342
2012/013,Baglung,HIV/AIDS,9
2012/013,Baglung,Leprosy,7
2012/013,Baglung,Confirmed Meningitis,194
2012/013,Gulmi,STD/STI,691
2012/013,Gulmi,HIV/AIDS,80
2012/013,Gulmi,Leprosy,10
2012/013,Gulmi,Confirmed Meningitis,627
2012/013,Palpa,STD/STI,181
2012/013,Palpa,HIV/AIDS,146
2012/013,Palpa,Leprosy,43
2012/013,Palpa,Confirmed Meningitis,232
2012/013,Nawalparasi,STD/STI,64
2012/013,Nawalparasi,HIV/AIDS,8
2012/013,Nawalparasi,Leprosy,87
2012/013,Nawalparasi,Confirmed Meningitis,0
2012/013,Rupandehi,STD/STI,0
2012/013,Rupandehi,HIV/AIDS,0
2012/013,Rupandehi,Leprosy,0
2012/013,Rupandehi,Confirmed Meningitis,0
2012/013,Kapilvastu,STD/STI,1490
2012/013,Kapilvastu,HIV/AIDS,4
2012/013,Kapilvastu,Leprosy,38
2012/013,Kapilvastu,Confirmed Meningitis,1
2012/013,Arghakhanchi,STD/STI,1065
2012/013,Arghakhanchi,HIV/AIDS,0
2012/013,Arghakhanchi,Leprosy,1
2012/013,Arghakhanchi,Confirmed Meningitis,0
2012/013,Pyuthan,STD/STI,148
2012/013,Pyuthan,HIV/AIDS,0
2012/013,Pyuthan,Leprosy,2
2012/013,Pyuthan,Confirmed Meningitis,0
2012/013,Rolpa,STD/STI,317
2012/013,Rolpa,HIV/AIDS,0
2012/013,Rolpa,Leprosy,6
2012/013,Rolpa,Confirmed Meningitis,2
2012/013,Rukum,STD/STI,426
2012/013,Rukum,HIV/AIDS,6
2012/013,Rukum,Leprosy,11
2012/013,Rukum,Confirmed Meningitis,1
2012/013,Salyan,STD/STI,531
2012/013,Salyan,HIV/AIDS,0
2012/013,Salyan,Leprosy,6
2012/013,Salyan,Confirmed Meningitis,0
2012/013,Dang,STD/STI,1540
2012/013,Dang,HIV/AIDS,9
2012/013,Dang,Leprosy,21
2012/013,Dang,Confirmed Meningitis,8
2012/013,Banke,STD/STI,1118
2012/013,Banke,HIV/AIDS,11
2012/013,Banke,Leprosy,30
2012/013,Banke,Confirmed Meningitis,1
2012/013,Bardiya,STD/STI,1668
2012/013,Bardiya,HIV/AIDS,3
2012/013,Bardiya,Leprosy,62
2012/013,Bardiya,Confirmed Meningitis,0
2012/013,Surkhet,STD/STI,1434
2012/013,Surkhet,HIV/AIDS,8
2012/013,Surkhet,Leprosy,3
2012/013,Surkhet,Confirmed Meningitis,0
2012/013,Dailekh,STD/STI,480
2012/013,Dailekh,HIV/AIDS,4
2012/013,Dailekh,Leprosy,2
2012/013,Dailekh,Confirmed Meningitis,0
2012/013,Jajarkot,STD/STI,170
2012/013,Jajarkot,HIV/AIDS,2
2012/013,Jajarkot,Leprosy,14
2012/013,Jajarkot,Confirmed Meningitis,17
2012/013,Dolpa,STD/STI,80
2012/013,Dolpa,HIV/AIDS,49
2012/013,Dolpa,Leprosy,5
2012/013,Dolpa,Confirmed Meningitis,9
2012/013,Jumla,STD/STI,102
2012/013,Jumla,HIV/AIDS,0
2012/013,Jumla,Leprosy,1
2012/013,Jumla,Confirmed Meningitis,0
2012/013,Kalikot,STD/STI,291
2012/013,Kalikot,HIV/AIDS,0
2012/013,Kalikot,Leprosy,4
2012/013,Kalikot,Confirmed Meningitis,0
2012/013,Mugu,STD/STI,103
2012/013,Mugu,HIV/AIDS,0
2012/013,Mugu,Leprosy,0
2012/013,Mugu,Confirmed Meningitis,9
2012/013,Humla,STD/STI,112
2012/013,Humla,HIV/AIDS,0
2012/013,Humla,Leprosy,0
2012/013,Humla,Confirmed Meningitis,0
2012/013,Bajura,STD/STI,152
2012/013,Bajura,HIV/AIDS,5
2012/013,Bajura,Leprosy,7
2012/013,Bajura,Confirmed Meningitis,6
2012/013,Bajhang,STD/STI,91
2012/013,Bajhang,HIV/AIDS,2
2012/013,Bajhang,Leprosy,7
2012/013,Bajhang,Confirmed Meningitis,10
2012/013,Achham,STD/STI,1378
2012/013,Achham,HIV/AIDS,1197
2012/013,Achham,Leprosy,73
2012/013,Achham,Confirmed Meningitis,2
2012/013,Doti,STD/STI,135
2012/013,Doti,HIV/AIDS,2
2012/013,Doti,Leprosy,2
2012/013,Doti,Confirmed Meningitis,12
2012/013,Kailali,STD/STI,2480
2012/013,Kailali,HIV/AIDS,10
2012/013,Kailali,Leprosy,80
2012/013,Kailali,Confirmed Meningitis,186
2012/013,Kanchanpur,STD/STI,656
2012/013,Kanchanpur,HIV/AIDS,5
2012/013,Kanchanpur,Leprosy,28
2012/013,Kanchanpur,Confirmed Meningitis,2
2012/013,Dadeldhura,STD/STI,1790
2012/013,Dadeldhura,HIV/AIDS,7
2012/013,Dadeldhura,Leprosy,27
2012/013,Dadeldhura,Confirmed Meningitis,130
2012/013,Baitadi,STD/STI,512
2012/013,Baitadi,HIV/AIDS,9
2012/013,Baitadi,Leprosy,18
2012/013,Baitadi,Confirmed Meningitis,5
2012/013,Darchula,STD/STI,105
2012/013,Darchula,HIV/AIDS,2
2012/013,Darchula,Leprosy,1
2012/013,Darchula,Confirmed Meningitis,0
2011/012,Taplejung,STD/STI,184
2011/012,Taplejung,HIV/AIDS,0
2011/012,Taplejung,Leprosy,1
2011/012,Taplejung,Confirmed Meningitis,39
2011/012,Panchthar,STD/STI,106
2011/012,Panchthar,HIV/AIDS,0
2011/012,Panchthar,Leprosy,2
2011/012,Panchthar,Confirmed Meningitis,1
2011/012,Ilam,STD/STI,106
2011/012,Ilam,HIV/AIDS,0
2011/012,Ilam,Leprosy,3
2011/012,Ilam,Confirmed Meningitis,36
2011/012,Jhapa,STD/STI,2895
2011/012,Jhapa,HIV/AIDS,41
2011/012,Jhapa,Leprosy,176
2011/012,Jhapa,Confirmed Meningitis,7
2011/012,Morang,STD/STI,959
2011/012,Morang,HIV/AIDS,21
2011/012,Morang,Leprosy,77
2011/012,Morang,Confirmed Meningitis,203
2011/012,Sunsari,STD/STI,208
2011/012,Sunsari,HIV/AIDS,1
2011/012,Sunsari,Leprosy,32
2011/012,Sunsari,Confirmed Meningitis,0
2011/012,Dhankuta,STD/STI,165
2011/012,Dhankuta,HIV/AIDS,0
2011/012,Dhankuta,Leprosy,0
2011/012,Dhankuta,Confirmed Meningitis,1
2011/012,Teharthum,STD/STI,145
2011/012,Teharthum,HIV/AIDS,2
2011/012,Teharthum,Leprosy,1
2011/012,Teharthum,Confirmed Meningitis,1
2011/012,Sankhuwasabha,STD/STI,81
2011/012,Sankhuwasabha,HIV/AIDS,2
2011/012,Sankhuwasabha,Leprosy,2
2011/012,Sankhuwasabha,Confirmed Meningitis,2
2011/012,Bhojpur,STD/STI,133
2011/012,Bhojpur,HIV/AIDS,0
2011/012,Bhojpur,Leprosy,2
2011/012,Bhojpur,Confirmed Meningitis,3
2011/012,Solukhumbu,STD/STI,14
2011/012,Solukhumbu,HIV/AIDS,0
2011/012,Solukhumbu,Leprosy,0
2011/012,Solukhumbu,Confirmed Meningitis,26
2011/012,Okhaldhunga,STD/STI,28
2011/012,Okhaldhunga,HIV/AIDS,0
2011/012,Okhaldhunga,Leprosy,12
2011/012,Okhaldhunga,Confirmed Meningitis,1
2011/012,Khotang,STD/STI,182
2011/012,Khotang,HIV/AIDS,1
2011/012,Khotang,Leprosy,0
2011/012,Khotang,Confirmed Meningitis,8
2011/012,Udaypur,STD/STI,782
2011/012,Udaypur,HIV/AIDS,22
2011/012,Udaypur,Leprosy,42
2011/012,Udaypur,Confirmed Meningitis,2
2011/012,Saptari,STD/STI,974
2011/012,Saptari,HIV/AIDS,0
2011/012,Saptari,Leprosy,27
2011/012,Saptari,Confirmed Meningitis,0
2011/012,Siraha,STD/STI,309
2011/012,Siraha,HIV/AIDS,0
2011/012,Siraha,Leprosy,53
2011/012,Siraha,Confirmed Meningitis,26
2011/012,Dhanusha,STD/STI,562
2011/012,Dhanusha,HIV/AIDS,1
2011/012,Dhanusha,Leprosy,302
2011/012,Dhanusha,Confirmed Meningitis,2
2011/012,Mahottari,STD/STI,1856
2011/012,Mahottari,HIV/AIDS,20
2011/012,Mahottari,Leprosy,55
2011/012,Mahottari,Confirmed Meningitis,0
2011/012,Sarlahi,STD/STI,795
2011/012,Sarlahi,HIV/AIDS,59
2011/012,Sarlahi,Leprosy,79
2011/012,Sarlahi,Confirmed Meningitis,3
2011/012,Sindhuli,STD/STI,160
2011/012,Sindhuli,HIV/AIDS,36
2011/012,Sindhuli,Leprosy,14
2011/012,Sindhuli,Confirmed Meningitis,15
2011/012,Ramechhap,STD/STI,96
2011/012,Ramechhap,HIV/AIDS,5
2011/012,Ramechhap,Leprosy,1
2011/012,Ramechhap,Confirmed Meningitis,4
2011/012,Dolkha,STD/STI,547
2011/012,Dolkha,HIV/AIDS,2
2011/012,Dolkha,Leprosy,3
2011/012,Dolkha,Confirmed Meningitis,0
2011/012,Sindhupalchowk,STD/STI,421
2011/012,Sindhupalchowk,HIV/AIDS,0
2011/012,Sindhupalchowk,Leprosy,0
2011/012,Sindhupalchowk,Confirmed Meningitis,4
2011/012,Kavre,STD/STI,1077
2011/012,Kavre,HIV/AIDS,1
2011/012,Kavre,Leprosy,4
2011/012,Kavre,Confirmed Meningitis,1
2011/012,Lalitpur,STD/STI,0
2011/012,Lalitpur,HIV/AIDS,0
2011/012,Lalitpur,Leprosy,0
2011/012,Lalitpur,Confirmed Meningitis,0
2011/012,Bhaktapur,STD/STI,160
2011/012,Bhaktapur,HIV/AIDS,10
2011/012,Bhaktapur,Leprosy,2
2011/012,Bhaktapur,Confirmed Meningitis,3
2011/012,Kathmandu,STD/STI,2543
2011/012,Kathmandu,HIV/AIDS,243
2011/012,Kathmandu,Leprosy,14
2011/012,Kathmandu,Confirmed Meningitis,92
2011/012,Nuwakot,STD/STI,299
2011/012,Nuwakot,HIV/AIDS,59
2011/012,Nuwakot,Leprosy,16
2011/012,Nuwakot,Confirmed Meningitis,5
2011/012,Rasuwa,STD/STI,114
2011/012,Rasuwa,HIV/AIDS,0
2011/012,Rasuwa,Leprosy,2
2011/012,Rasuwa,Confirmed Meningitis,0
2011/012,Dhading,STD/STI,1030
2011/012,Dhading,HIV/AIDS,3
2011/012,Dhading,Leprosy,15
2011/012,Dhading,Confirmed Meningitis,13
2011/012,Makawanpur,STD/STI,816
2011/012,Makawanpur,HIV/AIDS,27
2011/012,Makawanpur,Leprosy,7
2011/012,Makawanpur,Confirmed Meningitis,24
2011/012,Rautahat,STD/STI,1098
2011/012,Rautahat,HIV/AIDS,13
2011/012,Rautahat,Leprosy,97
2011/012,Rautahat,Confirmed Meningitis,51
2011/012,Bara,STD/STI,1052
2011/012,Bara,HIV/AIDS,1
2011/012,Bara,Leprosy,43
2011/012,Bara,Confirmed Meningitis,2
2011/012,Parsa,STD/STI,0
2011/012,Parsa,HIV/AIDS,0
2011/012,Parsa,Leprosy,0
2011/012,Parsa,Confirmed Meningitis,0
2011/012,Chitwan,STD/STI,1043
2011/012,Chitwan,HIV/AIDS,28
2011/012,Chitwan,Leprosy,50
2011/012,Chitwan,Confirmed Meningitis,18
2011/012,Gorkha,STD/STI,215
2011/012,Gorkha,HIV/AIDS,17
2011/012,Gorkha,Leprosy,12
2011/012,Gorkha,Confirmed Meningitis,3
2011/012,Lamjung,STD/STI,129
2011/012,Lamjung,HIV/AIDS,4
2011/012,Lamjung,Leprosy,1
2011/012,Lamjung,Confirmed Meningitis,0
2011/012,Tanahu,STD/STI,350
2011/012,Tanahu,HIV/AIDS,8
2011/012,Tanahu,Leprosy,5
2011/012,Tanahu,Confirmed Meningitis,4
2011/012,Syangja,STD/STI,378
2011/012,Syangja,HIV/AIDS,12
2011/012,Syangja,Leprosy,9
2011/012,Syangja,Confirmed Meningitis,4
2011/012,Kaski,STD/STI,994
2011/012,Kaski,HIV/AIDS,71
2011/012,Kaski,Leprosy,20
2011/012,Kaski,Confirmed Meningitis,238
2011/012,Manang,STD/STI,17
2011/012,Manang,HIV/AIDS,0
2011/012,Manang,Leprosy,0
2011/012,Manang,Confirmed Meningitis,0
2011/012,Mustang,STD/STI,70
2011/012,Mustang,HIV/AIDS,0
2011/012,Mustang,Leprosy,0
2011/012,Mustang,Confirmed Meningitis,0
2011/012,Myagdi,STD/STI,42
2011/012,Myagdi,HIV/AIDS,3
2011/012,Myagdi,Leprosy,5
2011/012,Myagdi,Confirmed Meningitis,2
2011/012,Parbat,STD/STI,33
2011/012,Parbat,HIV/AIDS,5
2011/012,Parbat,Leprosy,11
2011/012,Parbat,Confirmed Meningitis,0
2011/012,Baglung,STD/STI,459
2011/012,Baglung,HIV/AIDS,7
2011/012,Baglung,Leprosy,3
2011/012,Baglung,Confirmed Meningitis,1
2011/012,Gulmi,STD/STI,669
2011/012,Gulmi,HIV/AIDS,1
2011/012,Gulmi,Leprosy,2
2011/012,Gulmi,Confirmed Meningitis,4
2011/012,Palpa,STD/STI,179
2011/012,Palpa,HIV/AIDS,160
2011/012,Palpa,Leprosy,35
2011/012,Palpa,Confirmed Meningitis,303
2011/012,Nawalparasi,STD/STI,49
2011/012,Nawalparasi,HIV/AIDS,9
2011/012,Nawalparasi,Leprosy,88
2011/012,Nawalparasi,Confirmed Meningitis,4
2011/012,Rupandehi,STD/STI,0
2011/012,Rupandehi,HIV/AIDS,0
2011/012,Rupandehi,Leprosy,0
2011/012,Rupandehi,Confirmed Meningitis,0
2011/012,Kapilvastu,STD/STI,1173
2011/012,Kapilvastu,HIV/AIDS,0
2011/012,Kapilvastu,Leprosy,46
2011/012,Kapilvastu,Confirmed Meningitis,0
2011/012,Arghakhanchi,STD/STI,659
2011/012,Arghakhanchi,HIV/AIDS,0
2011/012,Arghakhanchi,Leprosy,4
2011/012,Arghakhanchi,Confirmed Meningitis,1
2011/012,Pyuthan,STD/STI,214
2011/012,Pyuthan,HIV/AIDS,0
2011/012,Pyuthan,Leprosy,4
2011/012,Pyuthan,Confirmed Meningitis,10
2011/012,Rolpa,STD/STI,535
2011/012,Rolpa,HIV/AIDS,33
2011/012,Rolpa,Leprosy,17
2011/012,Rolpa,Confirmed Meningitis,0
2011/012,Rukum,STD/STI,446
2011/012,Rukum,HIV/AIDS,11
2011/012,Rukum,Leprosy,10
2011/012,Rukum,Confirmed Meningitis,0
2011/012,Salyan,STD/STI,509
2011/012,Salyan,HIV/AIDS,4
2011/012,Salyan,Leprosy,3
2011/012,Salyan,Confirmed Meningitis,0
2011/012,Dang,STD/STI,1400
2011/012,Dang,HIV/AIDS,0
2011/012,Dang,Leprosy,13
2011/012,Dang,Confirmed Meningitis,0
2011/012,Banke,STD/STI,1260
2011/012,Banke,HIV/AIDS,9
2011/012,Banke,Leprosy,53
2011/012,Banke,Confirmed Meningitis,14
2011/012,Bardiya,STD/STI,1849
2011/012,Bardiya,HIV/AIDS,3
2011/012,Bardiya,Leprosy,82
2011/012,Bardiya,Confirmed Meningitis,6
2011/012,Surkhet,STD/STI,1458
2011/012,Surkhet,HIV/AIDS,0
2011/012,Surkhet,Leprosy,4
2011/012,Surkhet,Confirmed Meningitis,2
2011/012,Dailekh,STD/STI,720
2011/012,Dailekh,HIV/AIDS,12
2011/012,Dailekh,Leprosy,4
2011/012,Dailekh,Confirmed Meningitis,3
2011/012,Jajarkot,STD/STI,209
2011/012,Jajarkot,HIV/AIDS,13
2011/012,Jajarkot,Leprosy,8
2011/012,Jajarkot,Confirmed Meningitis,14
2011/012,Dolpa,STD/STI,75
2011/012,Dolpa,HIV/AIDS,0
2011/012,Dolpa,Leprosy,0
2011/012,Dolpa,Confirmed Meningitis,0
2011/012,Jumla,STD/STI,163
2011/012,Jumla,HIV/AIDS,0
2011/012,Jumla,Leprosy,0
2011/012,Jumla,Confirmed Meningitis,0
2011/012,Kalikot,STD/STI,297
2011/012,Kalikot,HIV/AIDS,5
2011/012,Kalikot,Leprosy,12
2011/012,Kalikot,Confirmed Meningitis,0
2011/012,Mugu,STD/STI,51
2011/012,Mugu,HIV/AIDS,0
2011/012,Mugu,Leprosy,0
2011/012,Mugu,Confirmed Meningitis,0
2011/012,Humla,STD/STI,411
2011/012,Humla,HIV/AIDS,239
2011/012,Humla,Leprosy,98
2011/012,Humla,Confirmed Meningitis,17
2011/012,Bajura,STD/STI,288
2011/012,Bajura,HIV/AIDS,3
2011/012,Bajura,Leprosy,1
2011/012,Bajura,Confirmed Meningitis,0
2011/012,Bajhang,STD/STI,193
2011/012,Bajhang,HIV/AIDS,3
2011/012,Bajhang,Leprosy,5
2011/012,Bajhang,Confirmed Meningitis,13
2011/012,Achham,STD/STI,708
2011/012,Achham,HIV/AIDS,865
2011/012,Achham,Leprosy,14
2011/012,Achham,Confirmed Meningitis,4
2011/012,Doti,STD/STI,332
2011/012,Doti,HIV/AIDS,10
2011/012,Doti,Leprosy,2
2011/012,Doti,Confirmed Meningitis,2
2011/012,Kailali,STD/STI,1428
2011/012,Kailali,HIV/AIDS,29
2011/012,Kailali,Leprosy,116
2011/012,Kailali,Confirmed Meningitis,103
2011/012,Kanchanpur,STD/STI,572
2011/012,Kanchanpur,HIV/AIDS,3
2011/012,Kanchanpur,Leprosy,26
2011/012,Kanchanpur,Confirmed Meningitis,0
2011/012,Dadeldhura,STD/STI,1216
2011/012,Dadeldhura,HIV/AIDS,12
2011/012,Dadeldhura,Leprosy,22
2011/012,Dadeldhura,Confirmed Meningitis,52
2011/012,Baitadi,STD/STI,518
2011/012,Baitadi,HIV/AIDS,0
2011/012,Baitadi,Leprosy,8
2011/012,Baitadi,Confirmed Meningitis,6
2011/012,Darchula,STD/STI,162
2011/012,Darchula,HIV/AIDS,2
2011/012,Darchula,Leprosy,3
2011/012,Darchula,Confirmed Meningitis,0
