Year,District,Age group,Contraceptive,Number of people
2066/67,Bhojpur,,Condom,1250
2066/67,Bhojpur,<20 Years,Pills,54
2066/67,Bhojpur,>20 years,Pills,943
2066/67,Bhojpur,<20 Years,Depo,86
2066/67,Bhojpur,>20 years,Depo,1811
2066/67,Bhojpur,<20 Years,IUD,0
2066/67,Bhojpur,>20 years,IUD,81
2066/67,Bhojpur,<20 Years,Implant,2
2066/67,Bhojpur,>20 years,Implant,261
2066/67,Dhankuta,,Condom,1461
2066/67,Dhankuta,<20 Years,Pills,123
2066/67,Dhankuta,>20 years,Pills,1339
2066/67,Dhankuta,<20 Years,Depo,154
2066/67,Dhankuta,>20 years,Depo,2436
2066/67,Dhankuta,<20 Years,IUD,1
2066/67,Dhankuta,>20 years,IUD,40
2066/67,Dhankuta,<20 Years,Implant,9
2066/67,Dhankuta,>20 years,Implant,252
2066/67,Ilam,,Condom,1623
2066/67,Ilam,<20 Years,Pills,339
2066/67,Ilam,>20 years,Pills,2140
2066/67,Ilam,<20 Years,Depo,297
2066/67,Ilam,>20 years,Depo,3345
2066/67,Ilam,<20 Years,IUD,15
2066/67,Ilam,>20 years,IUD,301
2066/67,Ilam,<20 Years,Implant,0
2066/67,Ilam,>20 years,Implant,167
2066/67,Jhapa,,Condom,2425
2066/67,Jhapa,<20 Years,Pills,260
2066/67,Jhapa,>20 years,Pills,5210
2066/67,Jhapa,<20 Years,Depo,632
2066/67,Jhapa,>20 years,Depo,8251
2066/67,Jhapa,<20 Years,IUD,92
2066/67,Jhapa,>20 years,IUD,2141
2066/67,Jhapa,<20 Years,Implant,23
2066/67,Jhapa,>20 years,Implant,559
2066/67,Khotang,,Condom,1091
2066/67,Khotang,<20 Years,Pills,178
2066/67,Khotang,>20 years,Pills,1231
2066/67,Khotang,<20 Years,Depo,210
2066/67,Khotang,>20 years,Depo,2169
2066/67,Khotang,<20 Years,IUD,0
2066/67,Khotang,>20 years,IUD,78
2066/67,Khotang,<20 Years,Implant,0
2066/67,Khotang,>20 years,Implant,112
2066/67,Morang,,Condom,3857
2066/67,Morang,<20 Years,Pills,223
2066/67,Morang,>20 years,Pills,2907
2066/67,Morang,<20 Years,Depo,501
2066/67,Morang,>20 years,Depo,8605
2066/67,Morang,<20 Years,IUD,1
2066/67,Morang,>20 years,IUD,1016
2066/67,Morang,<20 Years,Implant,4
2066/67,Morang,>20 years,Implant,678
2066/67,Okhaldhunga,,Condom,855
2066/67,Okhaldhunga,<20 Years,Pills,64
2066/67,Okhaldhunga,>20 years,Pills,1037
2066/67,Okhaldhunga,<20 Years,Depo,144
2066/67,Okhaldhunga,>20 years,Depo,2164
2066/67,Okhaldhunga,<20 Years,IUD,0
2066/67,Okhaldhunga,>20 years,IUD,9
2066/67,Okhaldhunga,<20 Years,Implant,2
2066/67,Okhaldhunga,>20 years,Implant,104
2066/67,Panchthar,,Condom,1218
2066/67,Panchthar,<20 Years,Pills,68
2066/67,Panchthar,>20 years,Pills,982
2066/67,Panchthar,<20 Years,Depo,118
2066/67,Panchthar,>20 years,Depo,2034
2066/67,Panchthar,<20 Years,IUD,1
2066/67,Panchthar,>20 years,IUD,72
2066/67,Panchthar,<20 Years,Implant,5
2066/67,Panchthar,>20 years,Implant,173
2066/67,Sankhuwasabha,,Condom,1036
2066/67,Sankhuwasabha,<20 Years,Pills,83
2066/67,Sankhuwasabha,>20 years,Pills,841
2066/67,Sankhuwasabha,<20 Years,Depo,156
2066/67,Sankhuwasabha,>20 years,Depo,2068
2066/67,Sankhuwasabha,<20 Years,IUD,2
2066/67,Sankhuwasabha,>20 years,IUD,341
2066/67,Sankhuwasabha,<20 Years,Implant,11
2066/67,Sankhuwasabha,>20 years,Implant,407
2066/67,Saptari,,Condom,3584
2066/67,Saptari,<20 Years,Pills,97
2066/67,Saptari,>20 years,Pills,2565
2066/67,Saptari,<20 Years,Depo,162
2066/67,Saptari,>20 years,Depo,5869
2066/67,Saptari,<20 Years,IUD,4
2066/67,Saptari,>20 years,IUD,536
2066/67,Saptari,<20 Years,Implant,0
2066/67,Saptari,>20 years,Implant,88
2066/67,Siraha,,Condom,3842
2066/67,Siraha,<20 Years,Pills,418
2066/67,Siraha,>20 years,Pills,2520
2066/67,Siraha,<20 Years,Depo,105
2066/67,Siraha,>20 years,Depo,4352
2066/67,Siraha,<20 Years,IUD,20
2066/67,Siraha,>20 years,IUD,735
2066/67,Siraha,<20 Years,Implant,7
2066/67,Siraha,>20 years,Implant,477
2066/67,Solukhumbu,,Condom,609
2066/67,Solukhumbu,<20 Years,Pills,56
2066/67,Solukhumbu,>20 years,Pills,894
2066/67,Solukhumbu,<20 Years,Depo,230
2066/67,Solukhumbu,>20 years,Depo,2360
2066/67,Solukhumbu,<20 Years,IUD,1
2066/67,Solukhumbu,>20 years,IUD,24
2066/67,Solukhumbu,<20 Years,Implant,2
2066/67,Solukhumbu,>20 years,Implant,92
2066/67,Sunsari,,Condom,4172
2066/67,Sunsari,<20 Years,Pills,120
2066/67,Sunsari,>20 years,Pills,1973
2066/67,Sunsari,<20 Years,Depo,306
2066/67,Sunsari,>20 years,Depo,5418
2066/67,Sunsari,<20 Years,IUD,7
2066/67,Sunsari,>20 years,IUD,426
2066/67,Sunsari,<20 Years,Implant,7
2066/67,Sunsari,>20 years,Implant,394
2066/67,Taplejung,,Condom,932
2066/67,Taplejung,<20 Years,Pills,113
2066/67,Taplejung,>20 years,Pills,766
2066/67,Taplejung,<20 Years,Depo,171
2066/67,Taplejung,>20 years,Depo,1505
2066/67,Taplejung,<20 Years,IUD,0
2066/67,Taplejung,>20 years,IUD,103
2066/67,Taplejung,<20 Years,Implant,1
2066/67,Taplejung,>20 years,Implant,9
2066/67,Teharthum,,Condom,1001
2066/67,Teharthum,<20 Years,Pills,30
2066/67,Teharthum,>20 years,Pills,607
2066/67,Teharthum,<20 Years,Depo,66
2066/67,Teharthum,>20 years,Depo,1291
2066/67,Teharthum,<20 Years,IUD,1
2066/67,Teharthum,>20 years,IUD,66
2066/67,Teharthum,<20 Years,Implant,1
2066/67,Teharthum,>20 years,Implant,165
2066/67,Udaypur,,Condom,981
2066/67,Udaypur,<20 Years,Pills,139
2066/67,Udaypur,>20 years,Pills,992
2066/67,Udaypur,<20 Years,Depo,221
2066/67,Udaypur,>20 years,Depo,2948
2066/67,Udaypur,<20 Years,IUD,0
2066/67,Udaypur,>20 years,IUD,49
2066/67,Udaypur,<20 Years,Implant,3
2066/67,Udaypur,>20 years,Implant,111
2066/67,Bara,,Condom,3279
2066/67,Bara,<20 Years,Pills,124
2066/67,Bara,>20 years,Pills,950
2066/67,Bara,<20 Years,Depo,177
2066/67,Bara,>20 years,Depo,3652
2066/67,Bara,<20 Years,IUD,55
2066/67,Bara,>20 years,IUD,292
2066/67,Bara,<20 Years,Implant,7
2066/67,Bara,>20 years,Implant,320
2066/67,Bhaktapur,,Condom,677
2066/67,Bhaktapur,<20 Years,Pills,43
2066/67,Bhaktapur,>20 years,Pills,2083
2066/67,Bhaktapur,<20 Years,Depo,232
2066/67,Bhaktapur,>20 years,Depo,3956
2066/67,Bhaktapur,<20 Years,IUD,1
2066/67,Bhaktapur,>20 years,IUD,380
2066/67,Bhaktapur,<20 Years,Implant,8
2066/67,Bhaktapur,>20 years,Implant,292
2066/67,Chitwan,,Condom,4713
2066/67,Chitwan,<20 Years,Pills,174
2066/67,Chitwan,>20 years,Pills,1520
2066/67,Chitwan,<20 Years,Depo,477
2066/67,Chitwan,>20 years,Depo,3481
2066/67,Chitwan,<20 Years,IUD,39
2066/67,Chitwan,>20 years,IUD,685
2066/67,Chitwan,<20 Years,Implant,8
2066/67,Chitwan,>20 years,Implant,370
2066/67,Dhading,,Condom,3706
2066/67,Dhading,<20 Years,Pills,294
2066/67,Dhading,>20 years,Pills,2360
2066/67,Dhading,<20 Years,Depo,586
2066/67,Dhading,>20 years,Depo,5124
2066/67,Dhading,<20 Years,IUD,15
2066/67,Dhading,>20 years,IUD,394
2066/67,Dhading,<20 Years,Implant,15
2066/67,Dhading,>20 years,Implant,705
2066/67,Dhanusha,,Condom,3849
2066/67,Dhanusha,<20 Years,Pills,622
2066/67,Dhanusha,>20 years,Pills,1396
2066/67,Dhanusha,<20 Years,Depo,313
2066/67,Dhanusha,>20 years,Depo,5143
2066/67,Dhanusha,<20 Years,IUD,39
2066/67,Dhanusha,>20 years,IUD,969
2066/67,Dhanusha,<20 Years,Implant,6
2066/67,Dhanusha,>20 years,Implant,616
2066/67,Dolkha,,Condom,796
2066/67,Dolkha,<20 Years,Pills,128
2066/67,Dolkha,>20 years,Pills,1296
2066/67,Dolkha,<20 Years,Depo,281
2066/67,Dolkha,>20 years,Depo,3946
2066/67,Dolkha,<20 Years,IUD,1
2066/67,Dolkha,>20 years,IUD,76
2066/67,Dolkha,<20 Years,Implant,2
2066/67,Dolkha,>20 years,Implant,148
2066/67,Kathmandu,,Condom,4005
2066/67,Kathmandu,<20 Years,Pills,487
2066/67,Kathmandu,>20 years,Pills,4440
2066/67,Kathmandu,<20 Years,Depo,1629
2066/67,Kathmandu,>20 years,Depo,13653
2066/67,Kathmandu,<20 Years,IUD,49
2066/67,Kathmandu,>20 years,IUD,2276
2066/67,Kathmandu,<20 Years,Implant,86
2066/67,Kathmandu,>20 years,Implant,1464
2066/67,Kavre,,Condom,2543
2066/67,Kavre,<20 Years,Pills,119
2066/67,Kavre,>20 years,Pills,1678
2066/67,Kavre,<20 Years,Depo,376
2066/67,Kavre,>20 years,Depo,4358
2066/67,Kavre,<20 Years,IUD,18
2066/67,Kavre,>20 years,IUD,1265
2066/67,Kavre,<20 Years,Implant,12
2066/67,Kavre,>20 years,Implant,677
2066/67,Lalitpur,,Condom,1827
2066/67,Lalitpur,<20 Years,Pills,0
2066/67,Lalitpur,>20 years,Pills,2119
2066/67,Lalitpur,<20 Years,Depo,0
2066/67,Lalitpur,>20 years,Depo,6654
2066/67,Lalitpur,<20 Years,IUD,0
2066/67,Lalitpur,>20 years,IUD,2882
2066/67,Lalitpur,<20 Years,Implant,0
2066/67,Lalitpur,>20 years,Implant,1540
2066/67,Mahottari,,Condom,3984
2066/67,Mahottari,<20 Years,Pills,139
2066/67,Mahottari,>20 years,Pills,2282
2066/67,Mahottari,<20 Years,Depo,274
2066/67,Mahottari,>20 years,Depo,3894
2066/67,Mahottari,<20 Years,IUD,0
2066/67,Mahottari,>20 years,IUD,600
2066/67,Mahottari,<20 Years,Implant,0
2066/67,Mahottari,>20 years,Implant,146
2066/67,Makawanpur,,Condom,2100
2066/67,Makawanpur,<20 Years,Pills,169
2066/67,Makawanpur,>20 years,Pills,1620
2066/67,Makawanpur,<20 Years,Depo,546
2066/67,Makawanpur,>20 years,Depo,5469
2066/67,Makawanpur,<20 Years,IUD,0
2066/67,Makawanpur,>20 years,IUD,42
2066/67,Makawanpur,<20 Years,Implant,3
2066/67,Makawanpur,>20 years,Implant,561
2066/67,Nuwakot,,Condom,1308
2066/67,Nuwakot,<20 Years,Pills,351
2066/67,Nuwakot,>20 years,Pills,1669
2066/67,Nuwakot,<20 Years,Depo,335
2066/67,Nuwakot,>20 years,Depo,3100
2066/67,Nuwakot,<20 Years,IUD,8
2066/67,Nuwakot,>20 years,IUD,66
2066/67,Nuwakot,<20 Years,Implant,11
2066/67,Nuwakot,>20 years,Implant,122
2066/67,Parsa,,Condom,0
2066/67,Parsa,<20 Years,Pills,0
2066/67,Parsa,>20 years,Pills,1926
2066/67,Parsa,<20 Years,Depo,0
2066/67,Parsa,>20 years,Depo,4496
2066/67,Parsa,<20 Years,IUD,0
2066/67,Parsa,>20 years,IUD,178
2066/67,Parsa,<20 Years,Implant,0
2066/67,Parsa,>20 years,Implant,157
2066/67,Ramechhap,,Condom,891
2066/67,Ramechhap,<20 Years,Pills,27
2066/67,Ramechhap,>20 years,Pills,412
2066/67,Ramechhap,<20 Years,Depo,97
2066/67,Ramechhap,>20 years,Depo,1828
2066/67,Ramechhap,<20 Years,IUD,1
2066/67,Ramechhap,>20 years,IUD,234
2066/67,Ramechhap,<20 Years,Implant,6
2066/67,Ramechhap,>20 years,Implant,311
2066/67,Rasuwa,,Condom,611
2066/67,Rasuwa,<20 Years,Pills,11
2066/67,Rasuwa,>20 years,Pills,156
2066/67,Rasuwa,<20 Years,Depo,57
2066/67,Rasuwa,>20 years,Depo,675
2066/67,Rasuwa,<20 Years,IUD,0
2066/67,Rasuwa,>20 years,IUD,8
2066/67,Rasuwa,<20 Years,Implant,1
2066/67,Rasuwa,>20 years,Implant,17
2066/67,Rautahat,,Condom,2773
2066/67,Rautahat,<20 Years,Pills,57
2066/67,Rautahat,>20 years,Pills,1237
2066/67,Rautahat,<20 Years,Depo,91
2066/67,Rautahat,>20 years,Depo,2634
2066/67,Rautahat,<20 Years,IUD,2
2066/67,Rautahat,>20 years,IUD,1243
2066/67,Rautahat,<20 Years,Implant,4
2066/67,Rautahat,>20 years,Implant,856
2066/67,Sarlahi,,Condom,3322
2066/67,Sarlahi,<20 Years,Pills,221
2066/67,Sarlahi,>20 years,Pills,2453
2066/67,Sarlahi,<20 Years,Depo,300
2066/67,Sarlahi,>20 years,Depo,4242
2066/67,Sarlahi,<20 Years,IUD,36
2066/67,Sarlahi,>20 years,IUD,1267
2066/67,Sarlahi,<20 Years,Implant,39
2066/67,Sarlahi,>20 years,Implant,872
2066/67,Sindhuli,,Condom,1083
2066/67,Sindhuli,<20 Years,Pills,177
2066/67,Sindhuli,>20 years,Pills,1229
2066/67,Sindhuli,<20 Years,Depo,186
2066/67,Sindhuli,>20 years,Depo,2319
2066/67,Sindhuli,<20 Years,IUD,1
2066/67,Sindhuli,>20 years,IUD,274
2066/67,Sindhuli,<20 Years,Implant,1
2066/67,Sindhuli,>20 years,Implant,262
2066/67,Sindhupalchowk,,Condom,836
2066/67,Sindhupalchowk,<20 Years,Pills,78
2066/67,Sindhupalchowk,>20 years,Pills,917
2066/67,Sindhupalchowk,<20 Years,Depo,340
2066/67,Sindhupalchowk,>20 years,Depo,3474
2066/67,Sindhupalchowk,<20 Years,IUD,2
2066/67,Sindhupalchowk,>20 years,IUD,117
2066/67,Sindhupalchowk,<20 Years,Implant,3
2066/67,Sindhupalchowk,>20 years,Implant,230
2066/67,Arghakhanchi,,Condom,1630
2066/67,Arghakhanchi,<20 Years,Pills,18
2066/67,Arghakhanchi,>20 years,Pills,479
2066/67,Arghakhanchi,<20 Years,Depo,60
2066/67,Arghakhanchi,>20 years,Depo,1008
2066/67,Arghakhanchi,<20 Years,IUD,1
2066/67,Arghakhanchi,>20 years,IUD,22
2066/67,Arghakhanchi,<20 Years,Implant,0
2066/67,Arghakhanchi,>20 years,Implant,43
2066/67,Baglung,,Condom,1580
2066/67,Baglung,<20 Years,Pills,53
2066/67,Baglung,>20 years,Pills,1292
2066/67,Baglung,<20 Years,Depo,83
2066/67,Baglung,>20 years,Depo,1954
2066/67,Baglung,<20 Years,IUD,1
2066/67,Baglung,>20 years,IUD,67
2066/67,Baglung,<20 Years,Implant,0
2066/67,Baglung,>20 years,Implant,27
2066/67,Gorkha,,Condom,1128
2066/67,Gorkha,<20 Years,Pills,92
2066/67,Gorkha,>20 years,Pills,1590
2066/67,Gorkha,<20 Years,Depo,169
2066/67,Gorkha,>20 years,Depo,2638
2066/67,Gorkha,<20 Years,IUD,0
2066/67,Gorkha,>20 years,IUD,31
2066/67,Gorkha,<20 Years,Implant,0
2066/67,Gorkha,>20 years,Implant,100
2066/67,Gulmi,,Condom,2352
2066/67,Gulmi,<20 Years,Pills,88
2066/67,Gulmi,>20 years,Pills,1672
2066/67,Gulmi,<20 Years,Depo,172
2066/67,Gulmi,>20 years,Depo,3419
2066/67,Gulmi,<20 Years,IUD,0
2066/67,Gulmi,>20 years,IUD,515
2066/67,Gulmi,<20 Years,Implant,0
2066/67,Gulmi,>20 years,Implant,542
2066/67,Kapilvastu,,Condom,2591
2066/67,Kapilvastu,<20 Years,Pills,147
2066/67,Kapilvastu,>20 years,Pills,1806
2066/67,Kapilvastu,<20 Years,Depo,367
2066/67,Kapilvastu,>20 years,Depo,4971
2066/67,Kapilvastu,<20 Years,IUD,0
2066/67,Kapilvastu,>20 years,IUD,106
2066/67,Kapilvastu,<20 Years,Implant,0
2066/67,Kapilvastu,>20 years,Implant,67
2066/67,Kaski,,Condom,2340
2066/67,Kaski,<20 Years,Pills,216
2066/67,Kaski,>20 years,Pills,2277
2066/67,Kaski,<20 Years,Depo,401
2066/67,Kaski,>20 years,Depo,3898
2066/67,Kaski,<20 Years,IUD,1
2066/67,Kaski,>20 years,IUD,620
2066/67,Kaski,<20 Years,Implant,5
2066/67,Kaski,>20 years,Implant,262
2066/67,Lamjung,,Condom,1448
2066/67,Lamjung,<20 Years,Pills,33
2066/67,Lamjung,>20 years,Pills,530
2066/67,Lamjung,<20 Years,Depo,105
2066/67,Lamjung,>20 years,Depo,2429
2066/67,Lamjung,<20 Years,IUD,1
2066/67,Lamjung,>20 years,IUD,76
2066/67,Lamjung,<20 Years,Implant,1
2066/67,Lamjung,>20 years,Implant,49
2066/67,Manang,,Condom,107
2066/67,Manang,<20 Years,Pills,6
2066/67,Manang,>20 years,Pills,38
2066/67,Manang,<20 Years,Depo,3
2066/67,Manang,>20 years,Depo,47
2066/67,Manang,<20 Years,IUD,0
2066/67,Manang,>20 years,IUD,0
2066/67,Manang,<20 Years,Implant,1
2066/67,Manang,>20 years,Implant,32
2066/67,Mustang,,Condom,200
2066/67,Mustang,<20 Years,Pills,4
2066/67,Mustang,>20 years,Pills,154
2066/67,Mustang,<20 Years,Depo,23
2066/67,Mustang,>20 years,Depo,323
2066/67,Mustang,<20 Years,IUD,0
2066/67,Mustang,>20 years,IUD,5
2066/67,Mustang,<20 Years,Implant,0
2066/67,Mustang,>20 years,Implant,35
2066/67,Myagdi,,Condom,1478
2066/67,Myagdi,<20 Years,Pills,29
2066/67,Myagdi,>20 years,Pills,452
2066/67,Myagdi,<20 Years,Depo,96
2066/67,Myagdi,>20 years,Depo,1141
2066/67,Myagdi,<20 Years,IUD,3
2066/67,Myagdi,>20 years,IUD,116
2066/67,Myagdi,<20 Years,Implant,5
2066/67,Myagdi,>20 years,Implant,152
2066/67,Nawalparasi,,Condom,4544
2066/67,Nawalparasi,<20 Years,Pills,86
2066/67,Nawalparasi,>20 years,Pills,1416
2066/67,Nawalparasi,<20 Years,Depo,301
2066/67,Nawalparasi,>20 years,Depo,3746
2066/67,Nawalparasi,<20 Years,IUD,21
2066/67,Nawalparasi,>20 years,IUD,1302
2066/67,Nawalparasi,<20 Years,Implant,11
2066/67,Nawalparasi,>20 years,Implant,211
2066/67,Palpa,,Condom,2418
2066/67,Palpa,<20 Years,Pills,61
2066/67,Palpa,>20 years,Pills,1013
2066/67,Palpa,<20 Years,Depo,141
2066/67,Palpa,>20 years,Depo,1933
2066/67,Palpa,<20 Years,IUD,18
2066/67,Palpa,>20 years,IUD,179
2066/67,Palpa,<20 Years,Implant,16
2066/67,Palpa,>20 years,Implant,184
2066/67,Parbat,,Condom,814
2066/67,Parbat,<20 Years,Pills,28
2066/67,Parbat,>20 years,Pills,451
2066/67,Parbat,<20 Years,Depo,72
2066/67,Parbat,>20 years,Depo,1007
2066/67,Parbat,<20 Years,IUD,0
2066/67,Parbat,>20 years,IUD,35
2066/67,Parbat,<20 Years,Implant,0
2066/67,Parbat,>20 years,Implant,106
2066/67,Rupandehi,,Condom,2843
2066/67,Rupandehi,<20 Years,Pills,0
2066/67,Rupandehi,>20 years,Pills,3697
2066/67,Rupandehi,<20 Years,Depo,0
2066/67,Rupandehi,>20 years,Depo,7332
2066/67,Rupandehi,<20 Years,IUD,0
2066/67,Rupandehi,>20 years,IUD,1638
2066/67,Rupandehi,<20 Years,Implant,0
2066/67,Rupandehi,>20 years,Implant,430
2066/67,Syangja,,Condom,1570
2066/67,Syangja,<20 Years,Pills,90
2066/67,Syangja,>20 years,Pills,1157
2066/67,Syangja,<20 Years,Depo,271
2066/67,Syangja,>20 years,Depo,1659
2066/67,Syangja,<20 Years,IUD,0
2066/67,Syangja,>20 years,IUD,104
2066/67,Syangja,<20 Years,Implant,0
2066/67,Syangja,>20 years,Implant,17
2066/67,Tanahu,,Condom,1576
2066/67,Tanahu,<20 Years,Pills,97
2066/67,Tanahu,>20 years,Pills,1072
2066/67,Tanahu,<20 Years,Depo,247
2066/67,Tanahu,>20 years,Depo,2207
2066/67,Tanahu,<20 Years,IUD,3
2066/67,Tanahu,>20 years,IUD,158
2066/67,Tanahu,<20 Years,Implant,12
2066/67,Tanahu,>20 years,Implant,169
2066/67,Banke,,Condom,5428
2066/67,Banke,<20 Years,Pills,243
2066/67,Banke,>20 years,Pills,4269
2066/67,Banke,<20 Years,Depo,551
2066/67,Banke,>20 years,Depo,8247
2066/67,Banke,<20 Years,IUD,7
2066/67,Banke,>20 years,IUD,1221
2066/67,Banke,<20 Years,Implant,6
2066/67,Banke,>20 years,Implant,247
2066/67,Bardiya,,Condom,3949
2066/67,Bardiya,<20 Years,Pills,109
2066/67,Bardiya,>20 years,Pills,1096
2066/67,Bardiya,<20 Years,Depo,424
2066/67,Bardiya,>20 years,Depo,4202
2066/67,Bardiya,<20 Years,IUD,88
2066/67,Bardiya,>20 years,IUD,1596
2066/67,Bardiya,<20 Years,Implant,17
2066/67,Bardiya,>20 years,Implant,389
2066/67,Dailekh,,Condom,2898
2066/67,Dailekh,<20 Years,Pills,175
2066/67,Dailekh,>20 years,Pills,2082
2066/67,Dailekh,<20 Years,Depo,181
2066/67,Dailekh,>20 years,Depo,2694
2066/67,Dailekh,<20 Years,IUD,2
2066/67,Dailekh,>20 years,IUD,58
2066/67,Dailekh,<20 Years,Implant,0
2066/67,Dailekh,>20 years,Implant,86
2066/67,Dang,,Condom,3606
2066/67,Dang,<20 Years,Pills,891
2066/67,Dang,>20 years,Pills,1733
2066/67,Dang,<20 Years,Depo,672
2066/67,Dang,>20 years,Depo,4239
2066/67,Dang,<20 Years,IUD,62
2066/67,Dang,>20 years,IUD,965
2066/67,Dang,<20 Years,Implant,4
2066/67,Dang,>20 years,Implant,585
2066/67,Dolpa,,Condom,319
2066/67,Dolpa,<20 Years,Pills,6
2066/67,Dolpa,>20 years,Pills,169
2066/67,Dolpa,<20 Years,Depo,33
2066/67,Dolpa,>20 years,Depo,443
2066/67,Dolpa,<20 Years,IUD,0
2066/67,Dolpa,>20 years,IUD,15
2066/67,Dolpa,<20 Years,Implant,0
2066/67,Dolpa,>20 years,Implant,0
2066/67,Humla,,Condom,360
2066/67,Humla,<20 Years,Pills,279
2066/67,Humla,>20 years,Pills,987
2066/67,Humla,<20 Years,Depo,231
2066/67,Humla,>20 years,Depo,1301
2066/67,Humla,<20 Years,IUD,1
2066/67,Humla,>20 years,IUD,1
2066/67,Humla,<20 Years,Implant,0
2066/67,Humla,>20 years,Implant,20
2066/67,Jajarkot,,Condom,843
2066/67,Jajarkot,<20 Years,Pills,364
2066/67,Jajarkot,>20 years,Pills,1206
2066/67,Jajarkot,<20 Years,Depo,409
2066/67,Jajarkot,>20 years,Depo,1980
2066/67,Jajarkot,<20 Years,IUD,0
2066/67,Jajarkot,>20 years,IUD,22
2066/67,Jajarkot,<20 Years,Implant,1
2066/67,Jajarkot,>20 years,Implant,119
2066/67,Jumla,,Condom,1353
2066/67,Jumla,<20 Years,Pills,123
2066/67,Jumla,>20 years,Pills,684
2066/67,Jumla,<20 Years,Depo,145
2066/67,Jumla,>20 years,Depo,921
2066/67,Jumla,<20 Years,IUD,0
2066/67,Jumla,>20 years,IUD,90
2066/67,Jumla,<20 Years,Implant,19
2066/67,Jumla,>20 years,Implant,411
2066/67,Kalikot,,Condom,800
2066/67,Kalikot,<20 Years,Pills,59
2066/67,Kalikot,>20 years,Pills,429
2066/67,Kalikot,<20 Years,Depo,62
2066/67,Kalikot,>20 years,Depo,639
2066/67,Kalikot,<20 Years,IUD,1
2066/67,Kalikot,>20 years,IUD,123
2066/67,Kalikot,<20 Years,Implant,4
2066/67,Kalikot,>20 years,Implant,363
2066/67,Mugu,,Condom,227
2066/67,Mugu,<20 Years,Pills,14
2066/67,Mugu,>20 years,Pills,96
2066/67,Mugu,<20 Years,Depo,22
2066/67,Mugu,>20 years,Depo,406
2066/67,Mugu,<20 Years,IUD,0
2066/67,Mugu,>20 years,IUD,4
2066/67,Mugu,<20 Years,Implant,0
2066/67,Mugu,>20 years,Implant,3
2066/67,Pyuthan,,Condom,4691
2066/67,Pyuthan,<20 Years,Pills,106
2066/67,Pyuthan,>20 years,Pills,1379
2066/67,Pyuthan,<20 Years,Depo,126
2066/67,Pyuthan,>20 years,Depo,2144
2066/67,Pyuthan,<20 Years,IUD,6
2066/67,Pyuthan,>20 years,IUD,258
2066/67,Pyuthan,<20 Years,Implant,0
2066/67,Pyuthan,>20 years,Implant,168
2066/67,Rolpa,,Condom,3940
2066/67,Rolpa,<20 Years,Pills,137
2066/67,Rolpa,>20 years,Pills,1113
2066/67,Rolpa,<20 Years,Depo,327
2066/67,Rolpa,>20 years,Depo,2683
2066/67,Rolpa,<20 Years,IUD,5
2066/67,Rolpa,>20 years,IUD,407
2066/67,Rolpa,<20 Years,Implant,27
2066/67,Rolpa,>20 years,Implant,1141
2066/67,Rukum,,Condom,883
2066/67,Rukum,<20 Years,Pills,273
2066/67,Rukum,>20 years,Pills,1718
2066/67,Rukum,<20 Years,Depo,314
2066/67,Rukum,>20 years,Depo,3642
2066/67,Rukum,<20 Years,IUD,0
2066/67,Rukum,>20 years,IUD,65
2066/67,Rukum,<20 Years,Implant,1
2066/67,Rukum,>20 years,Implant,91
2066/67,Salyan,,Condom,1570
2066/67,Salyan,<20 Years,Pills,108
2066/67,Salyan,>20 years,Pills,1018
2066/67,Salyan,<20 Years,Depo,346
2066/67,Salyan,>20 years,Depo,3056
2066/67,Salyan,<20 Years,IUD,3
2066/67,Salyan,>20 years,IUD,574
2066/67,Salyan,<20 Years,Implant,7
2066/67,Salyan,>20 years,Implant,648
2066/67,Surkhet,,Condom,3806
2066/67,Surkhet,<20 Years,Pills,351
2066/67,Surkhet,>20 years,Pills,2164
2066/67,Surkhet,<20 Years,Depo,786
2066/67,Surkhet,>20 years,Depo,4112
2066/67,Surkhet,<20 Years,IUD,31
2066/67,Surkhet,>20 years,IUD,438
2066/67,Surkhet,<20 Years,Implant,45
2066/67,Surkhet,>20 years,Implant,473
2066/67,Achham,,Condom,2182
2066/67,Achham,<20 Years,Pills,88
2066/67,Achham,>20 years,Pills,1458
2066/67,Achham,<20 Years,Depo,141
2066/67,Achham,>20 years,Depo,3048
2066/67,Achham,<20 Years,IUD,0
2066/67,Achham,>20 years,IUD,90
2066/67,Achham,<20 Years,Implant,1
2066/67,Achham,>20 years,Implant,403
2066/67,Baitadi,,Condom,3300
2066/67,Baitadi,<20 Years,Pills,72
2066/67,Baitadi,>20 years,Pills,2829
2066/67,Baitadi,<20 Years,Depo,25
2066/67,Baitadi,>20 years,Depo,3358
2066/67,Baitadi,<20 Years,IUD,0
2066/67,Baitadi,>20 years,IUD,10
2066/67,Baitadi,<20 Years,Implant,2
2066/67,Baitadi,>20 years,Implant,198
2066/67,Bajhang,,Condom,931
2066/67,Bajhang,<20 Years,Pills,42
2066/67,Bajhang,>20 years,Pills,385
2066/67,Bajhang,<20 Years,Depo,57
2066/67,Bajhang,>20 years,Depo,1096
2066/67,Bajhang,<20 Years,IUD,0
2066/67,Bajhang,>20 years,IUD,17
2066/67,Bajhang,<20 Years,Implant,5
2066/67,Bajhang,>20 years,Implant,151
2066/67,Bajura,,Condom,1571
2066/67,Bajura,<20 Years,Pills,39
2066/67,Bajura,>20 years,Pills,624
2066/67,Bajura,<20 Years,Depo,71
2066/67,Bajura,>20 years,Depo,1245
2066/67,Bajura,<20 Years,IUD,1
2066/67,Bajura,>20 years,IUD,226
2066/67,Bajura,<20 Years,Implant,0
2066/67,Bajura,>20 years,Implant,89
2066/67,Dadeldhura,,Condom,1049
2066/67,Dadeldhura,<20 Years,Pills,16
2066/67,Dadeldhura,>20 years,Pills,503
2066/67,Dadeldhura,<20 Years,Depo,52
2066/67,Dadeldhura,>20 years,Depo,1510
2066/67,Dadeldhura,<20 Years,IUD,0
2066/67,Dadeldhura,>20 years,IUD,38
2066/67,Dadeldhura,<20 Years,Implant,0
2066/67,Dadeldhura,>20 years,Implant,19
2066/67,Darchula,,Condom,687
2066/67,Darchula,<20 Years,Pills,14
2066/67,Darchula,>20 years,Pills,689
2066/67,Darchula,<20 Years,Depo,31
2066/67,Darchula,>20 years,Depo,1176
2066/67,Darchula,<20 Years,IUD,0
2066/67,Darchula,>20 years,IUD,17
2066/67,Darchula,<20 Years,Implant,0
2066/67,Darchula,>20 years,Implant,55
2066/67,Doti,,Condom,2251
2066/67,Doti,<20 Years,Pills,51
2066/67,Doti,>20 years,Pills,1023
2066/67,Doti,<20 Years,Depo,59
2066/67,Doti,>20 years,Depo,1817
2066/67,Doti,<20 Years,IUD,4
2066/67,Doti,>20 years,IUD,62
2066/67,Doti,<20 Years,Implant,3
2066/67,Doti,>20 years,Implant,86
2066/67,Kailali,,Condom,7521
2066/67,Kailali,<20 Years,Pills,125
2066/67,Kailali,>20 years,Pills,2562
2066/67,Kailali,<20 Years,Depo,328
2066/67,Kailali,>20 years,Depo,6387
2066/67,Kailali,<20 Years,IUD,1
2066/67,Kailali,>20 years,IUD,525
2066/67,Kailali,<20 Years,Implant,6
2066/67,Kailali,>20 years,Implant,1196
2066/67,Kanchanpur,,Condom,4278
2066/67,Kanchanpur,<20 Years,Pills,47
2066/67,Kanchanpur,>20 years,Pills,1120
2066/67,Kanchanpur,<20 Years,Depo,147
2066/67,Kanchanpur,>20 years,Depo,3445
2066/67,Kanchanpur,<20 Years,IUD,2
2066/67,Kanchanpur,>20 years,IUD,121
2066/67,Kanchanpur,<20 Years,Implant,4
2066/67,Kanchanpur,>20 years,Implant,382
2067/68,Taplejung,,Condom,750
2067/68,Taplejung,<20 Years,Pills,65
2067/68,Taplejung,>20 years,Pills,571
2067/68,Taplejung,<20 Years,Depo,121
2067/68,Taplejung,>20 years,Depo,1492
2067/68,Taplejung,<20 Years,IUD,2
2067/68,Taplejung,>20 years,IUD,313
2067/68,Taplejung,<20 Years,Implant,0
2067/68,Taplejung,>20 years,Implant,14
2067/68,Panchthar,,Condom,1109
2067/68,Panchthar,<20 Years,Pills,54
2067/68,Panchthar,>20 years,Pills,855
2067/68,Panchthar,<20 Years,Depo,129
2067/68,Panchthar,>20 years,Depo,2089
2067/68,Panchthar,<20 Years,IUD,0
2067/68,Panchthar,>20 years,IUD,120
2067/68,Panchthar,<20 Years,Implant,1
2067/68,Panchthar,>20 years,Implant,172
2067/68,Ilam,,Condom,1868
2067/68,Ilam,<20 Years,Pills,128
2067/68,Ilam,>20 years,Pills,1664
2067/68,Ilam,<20 Years,Depo,331
2067/68,Ilam,>20 years,Depo,2866
2067/68,Ilam,<20 Years,IUD,19
2067/68,Ilam,>20 years,IUD,630
2067/68,Ilam,<20 Years,Implant,0
2067/68,Ilam,>20 years,Implant,118
2067/68,Jhapa,,Condom,3062
2067/68,Jhapa,<20 Years,Pills,213
2067/68,Jhapa,>20 years,Pills,4880
2067/68,Jhapa,<20 Years,Depo,618
2067/68,Jhapa,>20 years,Depo,7650
2067/68,Jhapa,<20 Years,IUD,19
2067/68,Jhapa,>20 years,IUD,1739
2067/68,Jhapa,<20 Years,Implant,11
2067/68,Jhapa,>20 years,Implant,634
2067/68,Morang,,Condom,3800
2067/68,Morang,<20 Years,Pills,191
2067/68,Morang,>20 years,Pills,2575
2067/68,Morang,<20 Years,Depo,447
2067/68,Morang,>20 years,Depo,7366
2067/68,Morang,<20 Years,IUD,4
2067/68,Morang,>20 years,IUD,1193
2067/68,Morang,<20 Years,Implant,18
2067/68,Morang,>20 years,Implant,907
2067/68,Sunsari,,Condom,3972
2067/68,Sunsari,<20 Years,Pills,88
2067/68,Sunsari,>20 years,Pills,1254
2067/68,Sunsari,<20 Years,Depo,345
2067/68,Sunsari,>20 years,Depo,4493
2067/68,Sunsari,<20 Years,IUD,3
2067/68,Sunsari,>20 years,IUD,237
2067/68,Sunsari,<20 Years,Implant,14
2067/68,Sunsari,>20 years,Implant,172
2067/68,Dhankuta,,Condom,1354
2067/68,Dhankuta,<20 Years,Pills,150
2067/68,Dhankuta,>20 years,Pills,1462
2067/68,Dhankuta,<20 Years,Depo,146
2067/68,Dhankuta,>20 years,Depo,2419
2067/68,Dhankuta,<20 Years,IUD,6
2067/68,Dhankuta,>20 years,IUD,98
2067/68,Dhankuta,<20 Years,Implant,5
2067/68,Dhankuta,>20 years,Implant,186
2067/68,Teharthum,,Condom,991
2067/68,Teharthum,<20 Years,Pills,24
2067/68,Teharthum,>20 years,Pills,471
2067/68,Teharthum,<20 Years,Depo,68
2067/68,Teharthum,>20 years,Depo,1200
2067/68,Teharthum,<20 Years,IUD,2
2067/68,Teharthum,>20 years,IUD,58
2067/68,Teharthum,<20 Years,Implant,0
2067/68,Teharthum,>20 years,Implant,101
2067/68,Sankhuwasabha,,Condom,1200
2067/68,Sankhuwasabha,<20 Years,Pills,29
2067/68,Sankhuwasabha,>20 years,Pills,709
2067/68,Sankhuwasabha,<20 Years,Depo,153
2067/68,Sankhuwasabha,>20 years,Depo,2223
2067/68,Sankhuwasabha,<20 Years,IUD,1
2067/68,Sankhuwasabha,>20 years,IUD,203
2067/68,Sankhuwasabha,<20 Years,Implant,12
2067/68,Sankhuwasabha,>20 years,Implant,263
2067/68,Bhojpur,,Condom,1329
2067/68,Bhojpur,<20 Years,Pills,52
2067/68,Bhojpur,>20 years,Pills,531
2067/68,Bhojpur,<20 Years,Depo,91
2067/68,Bhojpur,>20 years,Depo,1450
2067/68,Bhojpur,<20 Years,IUD,2
2067/68,Bhojpur,>20 years,IUD,94
2067/68,Bhojpur,<20 Years,Implant,0
2067/68,Bhojpur,>20 years,Implant,213
2067/68,Solukhumbu,,Condom,926
2067/68,Solukhumbu,<20 Years,Pills,64
2067/68,Solukhumbu,>20 years,Pills,919
2067/68,Solukhumbu,<20 Years,Depo,304
2067/68,Solukhumbu,>20 years,Depo,3231
2067/68,Solukhumbu,<20 Years,IUD,0
2067/68,Solukhumbu,>20 years,IUD,23
2067/68,Solukhumbu,<20 Years,Implant,1
2067/68,Solukhumbu,>20 years,Implant,109
2067/68,Okhaldhunga,,Condom,332
2067/68,Okhaldhunga,<20 Years,Pills,78
2067/68,Okhaldhunga,>20 years,Pills,949
2067/68,Okhaldhunga,<20 Years,Depo,226
2067/68,Okhaldhunga,>20 years,Depo,2135
2067/68,Okhaldhunga,<20 Years,IUD,0
2067/68,Okhaldhunga,>20 years,IUD,45
2067/68,Okhaldhunga,<20 Years,Implant,5
2067/68,Okhaldhunga,>20 years,Implant,87
2067/68,Khotang,,Condom,684
2067/68,Khotang,<20 Years,Pills,142
2067/68,Khotang,>20 years,Pills,1011
2067/68,Khotang,<20 Years,Depo,156
2067/68,Khotang,>20 years,Depo,2204
2067/68,Khotang,<20 Years,IUD,0
2067/68,Khotang,>20 years,IUD,22
2067/68,Khotang,<20 Years,Implant,0
2067/68,Khotang,>20 years,Implant,14
2067/68,Udaypur,,Condom,948
2067/68,Udaypur,<20 Years,Pills,157
2067/68,Udaypur,>20 years,Pills,1087
2067/68,Udaypur,<20 Years,Depo,222
2067/68,Udaypur,>20 years,Depo,2628
2067/68,Udaypur,<20 Years,IUD,15
2067/68,Udaypur,>20 years,IUD,166
2067/68,Udaypur,<20 Years,Implant,1
2067/68,Udaypur,>20 years,Implant,222
2067/68,Saptari,,Condom,3809
2067/68,Saptari,<20 Years,Pills,86
2067/68,Saptari,>20 years,Pills,2440
2067/68,Saptari,<20 Years,Depo,244
2067/68,Saptari,>20 years,Depo,4947
2067/68,Saptari,<20 Years,IUD,2
2067/68,Saptari,>20 years,IUD,165
2067/68,Saptari,<20 Years,Implant,0
2067/68,Saptari,>20 years,Implant,132
2067/68,Siraha,,Condom,4173
2067/68,Siraha,<20 Years,Pills,385
2067/68,Siraha,>20 years,Pills,2294
2067/68,Siraha,<20 Years,Depo,89
2067/68,Siraha,>20 years,Depo,5147
2067/68,Siraha,<20 Years,IUD,11
2067/68,Siraha,>20 years,IUD,179
2067/68,Siraha,<20 Years,Implant,5
2067/68,Siraha,>20 years,Implant,400
2067/68,Dhanusha,,Condom,4012
2067/68,Dhanusha,<20 Years,Pills,241
2067/68,Dhanusha,>20 years,Pills,1966
2067/68,Dhanusha,<20 Years,Depo,343
2067/68,Dhanusha,>20 years,Depo,5700
2067/68,Dhanusha,<20 Years,IUD,25
2067/68,Dhanusha,>20 years,IUD,286
2067/68,Dhanusha,<20 Years,Implant,18
2067/68,Dhanusha,>20 years,Implant,205
2067/68,Mahottari,,Condom,3487
2067/68,Mahottari,<20 Years,Pills,116
2067/68,Mahottari,>20 years,Pills,1759
2067/68,Mahottari,<20 Years,Depo,240
2067/68,Mahottari,>20 years,Depo,3509
2067/68,Mahottari,<20 Years,IUD,5
2067/68,Mahottari,>20 years,IUD,82
2067/68,Mahottari,<20 Years,Implant,1
2067/68,Mahottari,>20 years,Implant,207
2067/68,Sarlahi,,Condom,2324
2067/68,Sarlahi,<20 Years,Pills,206
2067/68,Sarlahi,>20 years,Pills,2353
2067/68,Sarlahi,<20 Years,Depo,366
2067/68,Sarlahi,>20 years,Depo,3984
2067/68,Sarlahi,<20 Years,IUD,5
2067/68,Sarlahi,>20 years,IUD,697
2067/68,Sarlahi,<20 Years,Implant,4
2067/68,Sarlahi,>20 years,Implant,544
2067/68,Sindhuli,,Condom,1479
2067/68,Sindhuli,<20 Years,Pills,103
2067/68,Sindhuli,>20 years,Pills,1353
2067/68,Sindhuli,<20 Years,Depo,162
2067/68,Sindhuli,>20 years,Depo,2042
2067/68,Sindhuli,<20 Years,IUD,15
2067/68,Sindhuli,>20 years,IUD,145
2067/68,Sindhuli,<20 Years,Implant,14
2067/68,Sindhuli,>20 years,Implant,356
2067/68,Ramechhap,,Condom,886
2067/68,Ramechhap,<20 Years,Pills,20
2067/68,Ramechhap,>20 years,Pills,365
2067/68,Ramechhap,<20 Years,Depo,100
2067/68,Ramechhap,>20 years,Depo,1675
2067/68,Ramechhap,<20 Years,IUD,0
2067/68,Ramechhap,>20 years,IUD,124
2067/68,Ramechhap,<20 Years,Implant,5
2067/68,Ramechhap,>20 years,Implant,281
2067/68,Dolkha,,Condom,766
2067/68,Dolkha,<20 Years,Pills,122
2067/68,Dolkha,>20 years,Pills,1431
2067/68,Dolkha,<20 Years,Depo,262
2067/68,Dolkha,>20 years,Depo,3796
2067/68,Dolkha,<20 Years,IUD,9
2067/68,Dolkha,>20 years,IUD,660
2067/68,Dolkha,<20 Years,Implant,0
2067/68,Dolkha,>20 years,Implant,144
2067/68,Sindhupalchowk,,Condom,957
2067/68,Sindhupalchowk,<20 Years,Pills,60
2067/68,Sindhupalchowk,>20 years,Pills,868
2067/68,Sindhupalchowk,<20 Years,Depo,186
2067/68,Sindhupalchowk,>20 years,Depo,2916
2067/68,Sindhupalchowk,<20 Years,IUD,6
2067/68,Sindhupalchowk,>20 years,IUD,335
2067/68,Sindhupalchowk,<20 Years,Implant,8
2067/68,Sindhupalchowk,>20 years,Implant,218
2067/68,Kavre,,Condom,2378
2067/68,Kavre,<20 Years,Pills,142
2067/68,Kavre,>20 years,Pills,1765
2067/68,Kavre,<20 Years,Depo,381
2067/68,Kavre,>20 years,Depo,3729
2067/68,Kavre,<20 Years,IUD,38
2067/68,Kavre,>20 years,IUD,1262
2067/68,Kavre,<20 Years,Implant,28
2067/68,Kavre,>20 years,Implant,635
2067/68,Lalitpur,,Condom,2017
2067/68,Lalitpur,<20 Years,Pills,0
2067/68,Lalitpur,>20 years,Pills,1479
2067/68,Lalitpur,<20 Years,Depo,0
2067/68,Lalitpur,>20 years,Depo,5820
2067/68,Lalitpur,<20 Years,IUD,0
2067/68,Lalitpur,>20 years,IUD,2296
2067/68,Lalitpur,<20 Years,Implant,0
2067/68,Lalitpur,>20 years,Implant,666
2067/68,Bhaktapur,,Condom,610
2067/68,Bhaktapur,<20 Years,Pills,43
2067/68,Bhaktapur,>20 years,Pills,810
2067/68,Bhaktapur,<20 Years,Depo,201
2067/68,Bhaktapur,>20 years,Depo,2598
2067/68,Bhaktapur,<20 Years,IUD,2
2067/68,Bhaktapur,>20 years,IUD,281
2067/68,Bhaktapur,<20 Years,Implant,0
2067/68,Bhaktapur,>20 years,Implant,248
2067/68,Kathmandu,,Condom,4496
2067/68,Kathmandu,<20 Years,Pills,471
2067/68,Kathmandu,>20 years,Pills,5029
2067/68,Kathmandu,<20 Years,Depo,1296
2067/68,Kathmandu,>20 years,Depo,11578
2067/68,Kathmandu,<20 Years,IUD,43
2067/68,Kathmandu,>20 years,IUD,2940
2067/68,Kathmandu,<20 Years,Implant,25
2067/68,Kathmandu,>20 years,Implant,1507
2067/68,Nuwakot,,Condom,1354
2067/68,Nuwakot,<20 Years,Pills,1005
2067/68,Nuwakot,>20 years,Pills,940
2067/68,Nuwakot,<20 Years,Depo,368
2067/68,Nuwakot,>20 years,Depo,4397
2067/68,Nuwakot,<20 Years,IUD,1
2067/68,Nuwakot,>20 years,IUD,251
2067/68,Nuwakot,<20 Years,Implant,0
2067/68,Nuwakot,>20 years,Implant,11
2067/68,Rasuwa,,Condom,560
2067/68,Rasuwa,<20 Years,Pills,33
2067/68,Rasuwa,>20 years,Pills,168
2067/68,Rasuwa,<20 Years,Depo,83
2067/68,Rasuwa,>20 years,Depo,660
2067/68,Rasuwa,<20 Years,IUD,0
2067/68,Rasuwa,>20 years,IUD,12
2067/68,Rasuwa,<20 Years,Implant,0
2067/68,Rasuwa,>20 years,Implant,101
2067/68,Dhading,,Condom,6303
2067/68,Dhading,<20 Years,Pills,196
2067/68,Dhading,>20 years,Pills,1969
2067/68,Dhading,<20 Years,Depo,478
2067/68,Dhading,>20 years,Depo,4850
2067/68,Dhading,<20 Years,IUD,12
2067/68,Dhading,>20 years,IUD,716
2067/68,Dhading,<20 Years,Implant,13
2067/68,Dhading,>20 years,Implant,474
2067/68,Makawanpur,,Condom,2693
2067/68,Makawanpur,<20 Years,Pills,163
2067/68,Makawanpur,>20 years,Pills,1391
2067/68,Makawanpur,<20 Years,Depo,641
2067/68,Makawanpur,>20 years,Depo,5419
2067/68,Makawanpur,<20 Years,IUD,0
2067/68,Makawanpur,>20 years,IUD,60
2067/68,Makawanpur,<20 Years,Implant,8
2067/68,Makawanpur,>20 years,Implant,553
2067/68,Rautahat,,Condom,3209
2067/68,Rautahat,<20 Years,Pills,46
2067/68,Rautahat,>20 years,Pills,1374
2067/68,Rautahat,<20 Years,Depo,61
2067/68,Rautahat,>20 years,Depo,2774
2067/68,Rautahat,<20 Years,IUD,0
2067/68,Rautahat,>20 years,IUD,864
2067/68,Rautahat,<20 Years,Implant,9
2067/68,Rautahat,>20 years,Implant,409
2067/68,Bara,,Condom,3634
2067/68,Bara,<20 Years,Pills,53
2067/68,Bara,>20 years,Pills,837
2067/68,Bara,<20 Years,Depo,156
2067/68,Bara,>20 years,Depo,3356
2067/68,Bara,<20 Years,IUD,2
2067/68,Bara,>20 years,IUD,158
2067/68,Bara,<20 Years,Implant,5
2067/68,Bara,>20 years,Implant,417
2067/68,Parsa,,Condom,2398
2067/68,Parsa,<20 Years,Pills,0
2067/68,Parsa,>20 years,Pills,1467
2067/68,Parsa,<20 Years,Depo,0
2067/68,Parsa,>20 years,Depo,2845
2067/68,Parsa,<20 Years,IUD,0
2067/68,Parsa,>20 years,IUD,134
2067/68,Parsa,<20 Years,Implant,0
2067/68,Parsa,>20 years,Implant,216
2067/68,Chitwan,,Condom,3790
2067/68,Chitwan,<20 Years,Pills,136
2067/68,Chitwan,>20 years,Pills,1692
2067/68,Chitwan,<20 Years,Depo,500
2067/68,Chitwan,>20 years,Depo,4864
2067/68,Chitwan,<20 Years,IUD,4
2067/68,Chitwan,>20 years,IUD,335
2067/68,Chitwan,<20 Years,Implant,40
2067/68,Chitwan,>20 years,Implant,234
2067/68,Gorkha,,Condom,1066
2067/68,Gorkha,<20 Years,Pills,130
2067/68,Gorkha,>20 years,Pills,1440
2067/68,Gorkha,<20 Years,Depo,178
2067/68,Gorkha,>20 years,Depo,2598
2067/68,Gorkha,<20 Years,IUD,0
2067/68,Gorkha,>20 years,IUD,69
2067/68,Gorkha,<20 Years,Implant,2
2067/68,Gorkha,>20 years,Implant,94
2067/68,Lamjung,,Condom,1534
2067/68,Lamjung,<20 Years,Pills,25
2067/68,Lamjung,>20 years,Pills,521
2067/68,Lamjung,<20 Years,Depo,442
2067/68,Lamjung,>20 years,Depo,1293
2067/68,Lamjung,<20 Years,IUD,0
2067/68,Lamjung,>20 years,IUD,117
2067/68,Lamjung,<20 Years,Implant,0
2067/68,Lamjung,>20 years,Implant,145
2067/68,Tanahu,,Condom,1937
2067/68,Tanahu,<20 Years,Pills,70
2067/68,Tanahu,>20 years,Pills,1255
2067/68,Tanahu,<20 Years,Depo,178
2067/68,Tanahu,>20 years,Depo,2028
2067/68,Tanahu,<20 Years,IUD,7
2067/68,Tanahu,>20 years,IUD,262
2067/68,Tanahu,<20 Years,Implant,1
2067/68,Tanahu,>20 years,Implant,126
2067/68,Syangja,,Condom,1742
2067/68,Syangja,<20 Years,Pills,137
2067/68,Syangja,>20 years,Pills,905
2067/68,Syangja,<20 Years,Depo,286
2067/68,Syangja,>20 years,Depo,1397
2067/68,Syangja,<20 Years,IUD,2
2067/68,Syangja,>20 years,IUD,63
2067/68,Syangja,<20 Years,Implant,1
2067/68,Syangja,>20 years,Implant,25
2067/68,Kaski,,Condom,2772
2067/68,Kaski,<20 Years,Pills,177
2067/68,Kaski,>20 years,Pills,2188
2067/68,Kaski,<20 Years,Depo,312
2067/68,Kaski,>20 years,Depo,3181
2067/68,Kaski,<20 Years,IUD,11
2067/68,Kaski,>20 years,IUD,319
2067/68,Kaski,<20 Years,Implant,6
2067/68,Kaski,>20 years,Implant,312
2067/68,Manang,,Condom,105
2067/68,Manang,<20 Years,Pills,1
2067/68,Manang,>20 years,Pills,37
2067/68,Manang,<20 Years,Depo,4
2067/68,Manang,>20 years,Depo,68
2067/68,Manang,<20 Years,IUD,0
2067/68,Manang,>20 years,IUD,9
2067/68,Manang,<20 Years,Implant,1
2067/68,Manang,>20 years,Implant,30
2067/68,Mustang,,Condom,162
2067/68,Mustang,<20 Years,Pills,9
2067/68,Mustang,>20 years,Pills,127
2067/68,Mustang,<20 Years,Depo,44
2067/68,Mustang,>20 years,Depo,311
2067/68,Mustang,<20 Years,IUD,0
2067/68,Mustang,>20 years,IUD,63
2067/68,Mustang,<20 Years,Implant,0
2067/68,Mustang,>20 years,Implant,54
2067/68,Myagdi,,Condom,1507
2067/68,Myagdi,<20 Years,Pills,26
2067/68,Myagdi,>20 years,Pills,440
2067/68,Myagdi,<20 Years,Depo,84
2067/68,Myagdi,>20 years,Depo,1055
2067/68,Myagdi,<20 Years,IUD,3
2067/68,Myagdi,>20 years,IUD,72
2067/68,Myagdi,<20 Years,Implant,10
2067/68,Myagdi,>20 years,Implant,150
2067/68,Parbat,,Condom,1081
2067/68,Parbat,<20 Years,Pills,45
2067/68,Parbat,>20 years,Pills,459
2067/68,Parbat,<20 Years,Depo,113
2067/68,Parbat,>20 years,Depo,867
2067/68,Parbat,<20 Years,IUD,0
2067/68,Parbat,>20 years,IUD,89
2067/68,Parbat,<20 Years,Implant,1
2067/68,Parbat,>20 years,Implant,138
2067/68,Baglung,,Condom,1439
2067/68,Baglung,<20 Years,Pills,83
2067/68,Baglung,>20 years,Pills,1450
2067/68,Baglung,<20 Years,Depo,66
2067/68,Baglung,>20 years,Depo,1931
2067/68,Baglung,<20 Years,IUD,0
2067/68,Baglung,>20 years,IUD,80
2067/68,Baglung,<20 Years,Implant,0
2067/68,Baglung,>20 years,Implant,25
2067/68,Gulmi,,Condom,2556
2067/68,Gulmi,<20 Years,Pills,76
2067/68,Gulmi,>20 years,Pills,2027
2067/68,Gulmi,<20 Years,Depo,113
2067/68,Gulmi,>20 years,Depo,3215
2067/68,Gulmi,<20 Years,IUD,0
2067/68,Gulmi,>20 years,IUD,297
2067/68,Gulmi,<20 Years,Implant,0
2067/68,Gulmi,>20 years,Implant,420
2067/68,Palpa,,Condom,2288
2067/68,Palpa,<20 Years,Pills,62
2067/68,Palpa,>20 years,Pills,977
2067/68,Palpa,<20 Years,Depo,129
2067/68,Palpa,>20 years,Depo,1770
2067/68,Palpa,<20 Years,IUD,14
2067/68,Palpa,>20 years,IUD,283
2067/68,Palpa,<20 Years,Implant,15
2067/68,Palpa,>20 years,Implant,271
2067/68,Nawalparasi,,Condom,4436
2067/68,Nawalparasi,<20 Years,Pills,80
2067/68,Nawalparasi,>20 years,Pills,1348
2067/68,Nawalparasi,<20 Years,Depo,274
2067/68,Nawalparasi,>20 years,Depo,3788
2067/68,Nawalparasi,<20 Years,IUD,28
2067/68,Nawalparasi,>20 years,IUD,951
2067/68,Nawalparasi,<20 Years,Implant,11
2067/68,Nawalparasi,>20 years,Implant,181
2067/68,Rupandehi,,Condom,3102
2067/68,Rupandehi,<20 Years,Pills,0
2067/68,Rupandehi,>20 years,Pills,3183
2067/68,Rupandehi,<20 Years,Depo,0
2067/68,Rupandehi,>20 years,Depo,6651
2067/68,Rupandehi,<20 Years,IUD,0
2067/68,Rupandehi,>20 years,IUD,1777
2067/68,Rupandehi,<20 Years,Implant,0
2067/68,Rupandehi,>20 years,Implant,395
2067/68,Kapilvastu,,Condom,2974
2067/68,Kapilvastu,<20 Years,Pills,81
2067/68,Kapilvastu,>20 years,Pills,2561
2067/68,Kapilvastu,<20 Years,Depo,106
2067/68,Kapilvastu,>20 years,Depo,4868
2067/68,Kapilvastu,<20 Years,IUD,0
2067/68,Kapilvastu,>20 years,IUD,202
2067/68,Kapilvastu,<20 Years,Implant,0
2067/68,Kapilvastu,>20 years,Implant,206
2067/68,Arghakhanchi,,Condom,1644
2067/68,Arghakhanchi,<20 Years,Pills,33
2067/68,Arghakhanchi,>20 years,Pills,408
2067/68,Arghakhanchi,<20 Years,Depo,66
2067/68,Arghakhanchi,>20 years,Depo,974
2067/68,Arghakhanchi,<20 Years,IUD,0
2067/68,Arghakhanchi,>20 years,IUD,102
2067/68,Arghakhanchi,<20 Years,Implant,0
2067/68,Arghakhanchi,>20 years,Implant,119
2067/68,Pyuthan,,Condom,4530
2067/68,Pyuthan,<20 Years,Pills,105
2067/68,Pyuthan,>20 years,Pills,1732
2067/68,Pyuthan,<20 Years,Depo,128
2067/68,Pyuthan,>20 years,Depo,2246
2067/68,Pyuthan,<20 Years,IUD,2
2067/68,Pyuthan,>20 years,IUD,86
2067/68,Pyuthan,<20 Years,Implant,4
2067/68,Pyuthan,>20 years,Implant,266
2067/68,Rolpa,,Condom,3908
2067/68,Rolpa,<20 Years,Pills,113
2067/68,Rolpa,>20 years,Pills,941
2067/68,Rolpa,<20 Years,Depo,339
2067/68,Rolpa,>20 years,Depo,2729
2067/68,Rolpa,<20 Years,IUD,14
2067/68,Rolpa,>20 years,IUD,322
2067/68,Rolpa,<20 Years,Implant,50
2067/68,Rolpa,>20 years,Implant,1524
2067/68,Rukum,,Condom,1082
2067/68,Rukum,<20 Years,Pills,181
2067/68,Rukum,>20 years,Pills,1545
2067/68,Rukum,<20 Years,Depo,341
2067/68,Rukum,>20 years,Depo,3303
2067/68,Rukum,<20 Years,IUD,0
2067/68,Rukum,>20 years,IUD,35
2067/68,Rukum,<20 Years,Implant,1
2067/68,Rukum,>20 years,Implant,127
2067/68,Salyan,,Condom,2019
2067/68,Salyan,<20 Years,Pills,75
2067/68,Salyan,>20 years,Pills,854
2067/68,Salyan,<20 Years,Depo,267
2067/68,Salyan,>20 years,Depo,2364
2067/68,Salyan,<20 Years,IUD,3
2067/68,Salyan,>20 years,IUD,125
2067/68,Salyan,<20 Years,Implant,18
2067/68,Salyan,>20 years,Implant,568
2067/68,Dang,,Condom,5305
2067/68,Dang,<20 Years,Pills,475
2067/68,Dang,>20 years,Pills,3284
2067/68,Dang,<20 Years,Depo,603
2067/68,Dang,>20 years,Depo,4405
2067/68,Dang,<20 Years,IUD,53
2067/68,Dang,>20 years,IUD,794
2067/68,Dang,<20 Years,Implant,3
2067/68,Dang,>20 years,Implant,236
2067/68,Banke,,Condom,3933
2067/68,Banke,<20 Years,Pills,140
2067/68,Banke,>20 years,Pills,1749
2067/68,Banke,<20 Years,Depo,450
2067/68,Banke,>20 years,Depo,5653
2067/68,Banke,<20 Years,IUD,64
2067/68,Banke,>20 years,IUD,835
2067/68,Banke,<20 Years,Implant,6
2067/68,Banke,>20 years,Implant,410
2067/68,Bardiya,,Condom,4806
2067/68,Bardiya,<20 Years,Pills,45
2067/68,Bardiya,>20 years,Pills,817
2067/68,Bardiya,<20 Years,Depo,357
2067/68,Bardiya,>20 years,Depo,4024
2067/68,Bardiya,<20 Years,IUD,63
2067/68,Bardiya,>20 years,IUD,1055
2067/68,Bardiya,<20 Years,Implant,48
2067/68,Bardiya,>20 years,Implant,660
2067/68,Surkhet,,Condom,4003
2067/68,Surkhet,<20 Years,Pills,419
2067/68,Surkhet,>20 years,Pills,1715
2067/68,Surkhet,<20 Years,Depo,826
2067/68,Surkhet,>20 years,Depo,3737
2067/68,Surkhet,<20 Years,IUD,59
2067/68,Surkhet,>20 years,IUD,573
2067/68,Surkhet,<20 Years,Implant,31
2067/68,Surkhet,>20 years,Implant,356
2067/68,Dailekh,,Condom,3156
2067/68,Dailekh,<20 Years,Pills,264
2067/68,Dailekh,>20 years,Pills,2425
2067/68,Dailekh,<20 Years,Depo,236
2067/68,Dailekh,>20 years,Depo,3166
2067/68,Dailekh,<20 Years,IUD,2
2067/68,Dailekh,>20 years,IUD,178
2067/68,Dailekh,<20 Years,Implant,2
2067/68,Dailekh,>20 years,Implant,619
2067/68,Jajarkot,,Condom,740
2067/68,Jajarkot,<20 Years,Pills,315
2067/68,Jajarkot,>20 years,Pills,1188
2067/68,Jajarkot,<20 Years,Depo,423
2067/68,Jajarkot,>20 years,Depo,2718
2067/68,Jajarkot,<20 Years,IUD,3
2067/68,Jajarkot,>20 years,IUD,113
2067/68,Jajarkot,<20 Years,Implant,4
2067/68,Jajarkot,>20 years,Implant,482
2067/68,Dolpa,,Condom,661
2067/68,Dolpa,<20 Years,Pills,41
2067/68,Dolpa,>20 years,Pills,548
2067/68,Dolpa,<20 Years,Depo,67
2067/68,Dolpa,>20 years,Depo,793
2067/68,Dolpa,<20 Years,IUD,0
2067/68,Dolpa,>20 years,IUD,11
2067/68,Dolpa,<20 Years,Implant,0
2067/68,Dolpa,>20 years,Implant,2
2067/68,Jumla,,Condom,1001
2067/68,Jumla,<20 Years,Pills,70
2067/68,Jumla,>20 years,Pills,410
2067/68,Jumla,<20 Years,Depo,93
2067/68,Jumla,>20 years,Depo,831
2067/68,Jumla,<20 Years,IUD,0
2067/68,Jumla,>20 years,IUD,27
2067/68,Jumla,<20 Years,Implant,6
2067/68,Jumla,>20 years,Implant,94
2067/68,Kalikot,,Condom,1050
2067/68,Kalikot,<20 Years,Pills,34
2067/68,Kalikot,>20 years,Pills,468
2067/68,Kalikot,<20 Years,Depo,55
2067/68,Kalikot,>20 years,Depo,909
2067/68,Kalikot,<20 Years,IUD,9
2067/68,Kalikot,>20 years,IUD,31
2067/68,Kalikot,<20 Years,Implant,5
2067/68,Kalikot,>20 years,Implant,184
2067/68,Mugu,,Condom,333
2067/68,Mugu,<20 Years,Pills,12
2067/68,Mugu,>20 years,Pills,147
2067/68,Mugu,<20 Years,Depo,24
2067/68,Mugu,>20 years,Depo,496
2067/68,Mugu,<20 Years,IUD,0
2067/68,Mugu,>20 years,IUD,52
2067/68,Mugu,<20 Years,Implant,4
2067/68,Mugu,>20 years,Implant,80
2067/68,Humla,,Condom,385
2067/68,Humla,<20 Years,Pills,150
2067/68,Humla,>20 years,Pills,607
2067/68,Humla,<20 Years,Depo,180
2067/68,Humla,>20 years,Depo,773
2067/68,Humla,<20 Years,IUD,0
2067/68,Humla,>20 years,IUD,11
2067/68,Humla,<20 Years,Implant,0
2067/68,Humla,>20 years,Implant,91
2067/68,Bajura,,Condom,1147
2067/68,Bajura,<20 Years,Pills,36
2067/68,Bajura,>20 years,Pills,680
2067/68,Bajura,<20 Years,Depo,78
2067/68,Bajura,>20 years,Depo,1278
2067/68,Bajura,<20 Years,IUD,1
2067/68,Bajura,>20 years,IUD,85
2067/68,Bajura,<20 Years,Implant,3
2067/68,Bajura,>20 years,Implant,270
2067/68,Bajhang,,Condom,1505
2067/68,Bajhang,<20 Years,Pills,62
2067/68,Bajhang,>20 years,Pills,597
2067/68,Bajhang,<20 Years,Depo,54
2067/68,Bajhang,>20 years,Depo,1445
2067/68,Bajhang,<20 Years,IUD,1
2067/68,Bajhang,>20 years,IUD,39
2067/68,Bajhang,<20 Years,Implant,0
2067/68,Bajhang,>20 years,Implant,257
2067/68,Achham,,Condom,2681
2067/68,Achham,<20 Years,Pills,43
2067/68,Achham,>20 years,Pills,1068
2067/68,Achham,<20 Years,Depo,65
2067/68,Achham,>20 years,Depo,2453
2067/68,Achham,<20 Years,IUD,11
2067/68,Achham,>20 years,IUD,66
2067/68,Achham,<20 Years,Implant,26
2067/68,Achham,>20 years,Implant,358
2067/68,Doti,,Condom,2551
2067/68,Doti,<20 Years,Pills,65
2067/68,Doti,>20 years,Pills,1238
2067/68,Doti,<20 Years,Depo,87
2067/68,Doti,>20 years,Depo,2595
2067/68,Doti,<20 Years,IUD,15
2067/68,Doti,>20 years,IUD,158
2067/68,Doti,<20 Years,Implant,1
2067/68,Doti,>20 years,Implant,169
2067/68,Kailali,,Condom,7410
2067/68,Kailali,<20 Years,Pills,133
2067/68,Kailali,>20 years,Pills,2945
2067/68,Kailali,<20 Years,Depo,338
2067/68,Kailali,>20 years,Depo,6965
2067/68,Kailali,<20 Years,IUD,105
2067/68,Kailali,>20 years,IUD,300
2067/68,Kailali,<20 Years,Implant,7
2067/68,Kailali,>20 years,Implant,631
2067/68,Kanchanpur,,Condom,5875
2067/68,Kanchanpur,<20 Years,Pills,267
2067/68,Kanchanpur,>20 years,Pills,1764
2067/68,Kanchanpur,<20 Years,Depo,369
2067/68,Kanchanpur,>20 years,Depo,4178
2067/68,Kanchanpur,<20 Years,IUD,1
2067/68,Kanchanpur,>20 years,IUD,202
2067/68,Kanchanpur,<20 Years,Implant,5
2067/68,Kanchanpur,>20 years,Implant,642
2067/68,Dadeldhura,,Condom,1102
2067/68,Dadeldhura,<20 Years,Pills,19
2067/68,Dadeldhura,>20 years,Pills,476
2067/68,Dadeldhura,<20 Years,Depo,82
2067/68,Dadeldhura,>20 years,Depo,1532
2067/68,Dadeldhura,<20 Years,IUD,71
2067/68,Dadeldhura,>20 years,IUD,171
2067/68,Dadeldhura,<20 Years,Implant,3
2067/68,Dadeldhura,>20 years,Implant,239
2067/68,Baitadi,,Condom,2275
2067/68,Baitadi,<20 Years,Pills,45
2067/68,Baitadi,>20 years,Pills,1372
2067/68,Baitadi,<20 Years,Depo,23
2067/68,Baitadi,>20 years,Depo,2392
2067/68,Baitadi,<20 Years,IUD,0
2067/68,Baitadi,>20 years,IUD,153
2067/68,Baitadi,<20 Years,Implant,7
2067/68,Baitadi,>20 years,Implant,430
2067/68,Darchula,,Condom,875
2067/68,Darchula,<20 Years,Pills,133
2067/68,Darchula,>20 years,Pills,703
2067/68,Darchula,<20 Years,Depo,133
2067/68,Darchula,>20 years,Depo,3105
2067/68,Darchula,<20 Years,IUD,0
2067/68,Darchula,>20 years,IUD,136
2067/68,Darchula,<20 Years,Implant,0
2067/68,Darchula,>20 years,Implant,245
2068/69,Taplejung,,Condom,750
2068/69,Taplejung,<20 Years,Pills,43
2068/69,Taplejung,>20 years,Pills,622
2068/69,Taplejung,<20 Years,Depo,284
2068/69,Taplejung,>20 years,Depo,1745
2068/69,Taplejung,<20 Years,IUD,0
2068/69,Taplejung,>20 years,IUD,198
2068/69,Taplejung,<20 Years,Implant,0
2068/69,Taplejung,>20 years,Implant,88
2068/69,Panchthar,,Condom,1360
2068/69,Panchthar,<20 Years,Pills,80
2068/69,Panchthar,>20 years,Pills,837
2068/69,Panchthar,<20 Years,Depo,116
2068/69,Panchthar,>20 years,Depo,1959
2068/69,Panchthar,<20 Years,IUD,30
2068/69,Panchthar,>20 years,IUD,298
2068/69,Panchthar,<20 Years,Implant,5
2068/69,Panchthar,>20 years,Implant,162
2068/69,Ilam,,Condom,2036
2068/69,Ilam,<20 Years,Pills,119
2068/69,Ilam,>20 years,Pills,1403
2068/69,Ilam,<20 Years,Depo,350
2068/69,Ilam,>20 years,Depo,2761
2068/69,Ilam,<20 Years,IUD,12
2068/69,Ilam,>20 years,IUD,558
2068/69,Ilam,<20 Years,Implant,0
2068/69,Ilam,>20 years,Implant,197
2068/69,Jhapa,,Condom,3173
2068/69,Jhapa,<20 Years,Pills,273
2068/69,Jhapa,>20 years,Pills,4515
2068/69,Jhapa,<20 Years,Depo,645
2068/69,Jhapa,>20 years,Depo,6623
2068/69,Jhapa,<20 Years,IUD,16
2068/69,Jhapa,>20 years,IUD,779
2068/69,Jhapa,<20 Years,Implant,22
2068/69,Jhapa,>20 years,Implant,872
2068/69,Morang,,Condom,4200
2068/69,Morang,<20 Years,Pills,156
2068/69,Morang,>20 years,Pills,2306
2068/69,Morang,<20 Years,Depo,656
2068/69,Morang,>20 years,Depo,6406
2068/69,Morang,<20 Years,IUD,6
2068/69,Morang,>20 years,IUD,1805
2068/69,Morang,<20 Years,Implant,14
2068/69,Morang,>20 years,Implant,691
2068/69,Sunsari,,Condom,4086
2068/69,Sunsari,<20 Years,Pills,75
2068/69,Sunsari,>20 years,Pills,1174
2068/69,Sunsari,<20 Years,Depo,323
2068/69,Sunsari,>20 years,Depo,4172
2068/69,Sunsari,<20 Years,IUD,7
2068/69,Sunsari,>20 years,IUD,348
2068/69,Sunsari,<20 Years,Implant,8
2068/69,Sunsari,>20 years,Implant,399
2068/69,Dhankuta,,Condom,1375
2068/69,Dhankuta,<20 Years,Pills,176
2068/69,Dhankuta,>20 years,Pills,1490
2068/69,Dhankuta,<20 Years,Depo,128
2068/69,Dhankuta,>20 years,Depo,2389
2068/69,Dhankuta,<20 Years,IUD,2
2068/69,Dhankuta,>20 years,IUD,116
2068/69,Dhankuta,<20 Years,Implant,7
2068/69,Dhankuta,>20 years,Implant,139
2068/69,Teharthum,,Condom,903
2068/69,Teharthum,<20 Years,Pills,31
2068/69,Teharthum,>20 years,Pills,421
2068/69,Teharthum,<20 Years,Depo,63
2068/69,Teharthum,>20 years,Depo,979
2068/69,Teharthum,<20 Years,IUD,0
2068/69,Teharthum,>20 years,IUD,21
2068/69,Teharthum,<20 Years,Implant,0
2068/69,Teharthum,>20 years,Implant,62
2068/69,Sankhuwasabha,,Condom,913
2068/69,Sankhuwasabha,<20 Years,Pills,61
2068/69,Sankhuwasabha,>20 years,Pills,636
2068/69,Sankhuwasabha,<20 Years,Depo,176
2068/69,Sankhuwasabha,>20 years,Depo,1663
2068/69,Sankhuwasabha,<20 Years,IUD,93
2068/69,Sankhuwasabha,>20 years,IUD,54
2068/69,Sankhuwasabha,<20 Years,Implant,8
2068/69,Sankhuwasabha,>20 years,Implant,229
2068/69,Bhojpur,,Condom,1316
2068/69,Bhojpur,<20 Years,Pills,40
2068/69,Bhojpur,>20 years,Pills,510
2068/69,Bhojpur,<20 Years,Depo,97
2068/69,Bhojpur,>20 years,Depo,1260
2068/69,Bhojpur,<20 Years,IUD,0
2068/69,Bhojpur,>20 years,IUD,124
2068/69,Bhojpur,<20 Years,Implant,0
2068/69,Bhojpur,>20 years,Implant,234
2068/69,Solukhumbu,,Condom,1092
2068/69,Solukhumbu,<20 Years,Pills,77
2068/69,Solukhumbu,>20 years,Pills,1104
2068/69,Solukhumbu,<20 Years,Depo,137
2068/69,Solukhumbu,>20 years,Depo,2444
2068/69,Solukhumbu,<20 Years,IUD,0
2068/69,Solukhumbu,>20 years,IUD,25
2068/69,Solukhumbu,<20 Years,Implant,1
2068/69,Solukhumbu,>20 years,Implant,276
2068/69,Okhaldhunga,,Condom,757
2068/69,Okhaldhunga,<20 Years,Pills,75
2068/69,Okhaldhunga,>20 years,Pills,814
2068/69,Okhaldhunga,<20 Years,Depo,151
2068/69,Okhaldhunga,>20 years,Depo,1986
2068/69,Okhaldhunga,<20 Years,IUD,0
2068/69,Okhaldhunga,>20 years,IUD,28
2068/69,Okhaldhunga,<20 Years,Implant,5
2068/69,Okhaldhunga,>20 years,Implant,215
2068/69,Khotang,,Condom,1134
2068/69,Khotang,<20 Years,Pills,115
2068/69,Khotang,>20 years,Pills,1000
2068/69,Khotang,<20 Years,Depo,130
2068/69,Khotang,>20 years,Depo,1670
2068/69,Khotang,<20 Years,IUD,2
2068/69,Khotang,>20 years,IUD,268
2068/69,Khotang,<20 Years,Implant,3
2068/69,Khotang,>20 years,Implant,165
2068/69,Udaypur,,Condom,882
2068/69,Udaypur,<20 Years,Pills,116
2068/69,Udaypur,>20 years,Pills,1147
2068/69,Udaypur,<20 Years,Depo,295
2068/69,Udaypur,>20 years,Depo,2722
2068/69,Udaypur,<20 Years,IUD,5
2068/69,Udaypur,>20 years,IUD,207
2068/69,Udaypur,<20 Years,Implant,0
2068/69,Udaypur,>20 years,Implant,93
2068/69,Saptari,,Condom,3689
2068/69,Saptari,<20 Years,Pills,76
2068/69,Saptari,>20 years,Pills,2387
2068/69,Saptari,<20 Years,Depo,60
2068/69,Saptari,>20 years,Depo,4355
2068/69,Saptari,<20 Years,IUD,0
2068/69,Saptari,>20 years,IUD,126
2068/69,Saptari,<20 Years,Implant,0
2068/69,Saptari,>20 years,Implant,43
2068/69,Siraha,,Condom,3744
2068/69,Siraha,<20 Years,Pills,471
2068/69,Siraha,>20 years,Pills,2092
2068/69,Siraha,<20 Years,Depo,88
2068/69,Siraha,>20 years,Depo,6438
2068/69,Siraha,<20 Years,IUD,15
2068/69,Siraha,>20 years,IUD,672
2068/69,Siraha,<20 Years,Implant,17
2068/69,Siraha,>20 years,Implant,404
2068/69,Dhanusha,,Condom,4140
2068/69,Dhanusha,<20 Years,Pills,152
2068/69,Dhanusha,>20 years,Pills,1924
2068/69,Dhanusha,<20 Years,Depo,188
2068/69,Dhanusha,>20 years,Depo,4995
2068/69,Dhanusha,<20 Years,IUD,39
2068/69,Dhanusha,>20 years,IUD,361
2068/69,Dhanusha,<20 Years,Implant,16
2068/69,Dhanusha,>20 years,Implant,166
2068/69,Mahottari,,Condom,3423
2068/69,Mahottari,<20 Years,Pills,134
2068/69,Mahottari,>20 years,Pills,2085
2068/69,Mahottari,<20 Years,Depo,270
2068/69,Mahottari,>20 years,Depo,4108
2068/69,Mahottari,<20 Years,IUD,253
2068/69,Mahottari,>20 years,IUD,759
2068/69,Mahottari,<20 Years,Implant,1
2068/69,Mahottari,>20 years,Implant,179
2068/69,Sarlahi,,Condom,3674
2068/69,Sarlahi,<20 Years,Pills,354
2068/69,Sarlahi,>20 years,Pills,4039
2068/69,Sarlahi,<20 Years,Depo,441
2068/69,Sarlahi,>20 years,Depo,4460
2068/69,Sarlahi,<20 Years,IUD,7
2068/69,Sarlahi,>20 years,IUD,1182
2068/69,Sarlahi,<20 Years,Implant,26
2068/69,Sarlahi,>20 years,Implant,950
2068/69,Sindhuli,,Condom,1315
2068/69,Sindhuli,<20 Years,Pills,90
2068/69,Sindhuli,>20 years,Pills,1034
2068/69,Sindhuli,<20 Years,Depo,182
2068/69,Sindhuli,>20 years,Depo,2155
2068/69,Sindhuli,<20 Years,IUD,4
2068/69,Sindhuli,>20 years,IUD,104
2068/69,Sindhuli,<20 Years,Implant,8
2068/69,Sindhuli,>20 years,Implant,363
2068/69,Ramechhap,,Condom,836
2068/69,Ramechhap,<20 Years,Pills,22
2068/69,Ramechhap,>20 years,Pills,236
2068/69,Ramechhap,<20 Years,Depo,116
2068/69,Ramechhap,>20 years,Depo,1493
2068/69,Ramechhap,<20 Years,IUD,3
2068/69,Ramechhap,>20 years,IUD,225
2068/69,Ramechhap,<20 Years,Implant,9
2068/69,Ramechhap,>20 years,Implant,258
2068/69,Dolkha,,Condom,879
2068/69,Dolkha,<20 Years,Pills,80
2068/69,Dolkha,>20 years,Pills,1218
2068/69,Dolkha,<20 Years,Depo,217
2068/69,Dolkha,>20 years,Depo,3442
2068/69,Dolkha,<20 Years,IUD,0
2068/69,Dolkha,>20 years,IUD,114
2068/69,Dolkha,<20 Years,Implant,2
2068/69,Dolkha,>20 years,Implant,223
2068/69,Sindhupalchowk,,Condom,1048
2068/69,Sindhupalchowk,<20 Years,Pills,46
2068/69,Sindhupalchowk,>20 years,Pills,660
2068/69,Sindhupalchowk,<20 Years,Depo,258
2068/69,Sindhupalchowk,>20 years,Depo,2457
2068/69,Sindhupalchowk,<20 Years,IUD,44
2068/69,Sindhupalchowk,>20 years,IUD,709
2068/69,Sindhupalchowk,<20 Years,Implant,4
2068/69,Sindhupalchowk,>20 years,Implant,189
2068/69,Kavre,,Condom,2631
2068/69,Kavre,<20 Years,Pills,103
2068/69,Kavre,>20 years,Pills,1383
2068/69,Kavre,<20 Years,Depo,345
2068/69,Kavre,>20 years,Depo,4273
2068/69,Kavre,<20 Years,IUD,38
2068/69,Kavre,>20 years,IUD,800
2068/69,Kavre,<20 Years,Implant,17
2068/69,Kavre,>20 years,Implant,1227
2068/69,Lalitpur,,Condom,2193
2068/69,Lalitpur,<20 Years,Pills,0
2068/69,Lalitpur,>20 years,Pills,1992
2068/69,Lalitpur,<20 Years,Depo,0
2068/69,Lalitpur,>20 years,Depo,5017
2068/69,Lalitpur,<20 Years,IUD,0
2068/69,Lalitpur,>20 years,IUD,1470
2068/69,Lalitpur,<20 Years,Implant,0
2068/69,Lalitpur,>20 years,Implant,665
2068/69,Bhaktapur,,Condom,813
2068/69,Bhaktapur,<20 Years,Pills,35
2068/69,Bhaktapur,>20 years,Pills,937
2068/69,Bhaktapur,<20 Years,Depo,270
2068/69,Bhaktapur,>20 years,Depo,2827
2068/69,Bhaktapur,<20 Years,IUD,28
2068/69,Bhaktapur,>20 years,IUD,674
2068/69,Bhaktapur,<20 Years,Implant,5
2068/69,Bhaktapur,>20 years,Implant,363
2068/69,Kathmandu,,Condom,3458
2068/69,Kathmandu,<20 Years,Pills,369
2068/69,Kathmandu,>20 years,Pills,4475
2068/69,Kathmandu,<20 Years,Depo,1160
2068/69,Kathmandu,>20 years,Depo,10976
2068/69,Kathmandu,<20 Years,IUD,35
2068/69,Kathmandu,>20 years,IUD,2517
2068/69,Kathmandu,<20 Years,Implant,71
2068/69,Kathmandu,>20 years,Implant,2054
2068/69,Nuwakot,,Condom,1190
2068/69,Nuwakot,<20 Years,Pills,102
2068/69,Nuwakot,>20 years,Pills,962
2068/69,Nuwakot,<20 Years,Depo,267
2068/69,Nuwakot,>20 years,Depo,3068
2068/69,Nuwakot,<20 Years,IUD,102
2068/69,Nuwakot,>20 years,IUD,767
2068/69,Nuwakot,<20 Years,Implant,0
2068/69,Nuwakot,>20 years,Implant,166
2068/69,Rasuwa,,Condom,542
2068/69,Rasuwa,<20 Years,Pills,18
2068/69,Rasuwa,>20 years,Pills,237
2068/69,Rasuwa,<20 Years,Depo,76
2068/69,Rasuwa,>20 years,Depo,699
2068/69,Rasuwa,<20 Years,IUD,0
2068/69,Rasuwa,>20 years,IUD,7
2068/69,Rasuwa,<20 Years,Implant,0
2068/69,Rasuwa,>20 years,Implant,58
2068/69,Dhading,,Condom,4124
2068/69,Dhading,<20 Years,Pills,167
2068/69,Dhading,>20 years,Pills,1409
2068/69,Dhading,<20 Years,Depo,429
2068/69,Dhading,>20 years,Depo,3847
2068/69,Dhading,<20 Years,IUD,28
2068/69,Dhading,>20 years,IUD,744
2068/69,Dhading,<20 Years,Implant,19
2068/69,Dhading,>20 years,Implant,613
2068/69,Makawanpur,,Condom,3016
2068/69,Makawanpur,<20 Years,Pills,185
2068/69,Makawanpur,>20 years,Pills,1566
2068/69,Makawanpur,<20 Years,Depo,880
2068/69,Makawanpur,>20 years,Depo,5557
2068/69,Makawanpur,<20 Years,IUD,33
2068/69,Makawanpur,>20 years,IUD,428
2068/69,Makawanpur,<20 Years,Implant,12
2068/69,Makawanpur,>20 years,Implant,1382
2068/69,Rautahat,,Condom,3224
2068/69,Rautahat,<20 Years,Pills,65
2068/69,Rautahat,>20 years,Pills,1360
2068/69,Rautahat,<20 Years,Depo,181
2068/69,Rautahat,>20 years,Depo,4317
2068/69,Rautahat,<20 Years,IUD,61
2068/69,Rautahat,>20 years,IUD,435
2068/69,Rautahat,<20 Years,Implant,1
2068/69,Rautahat,>20 years,Implant,508
2068/69,Bara,,Condom,3654
2068/69,Bara,<20 Years,Pills,32
2068/69,Bara,>20 years,Pills,862
2068/69,Bara,<20 Years,Depo,77
2068/69,Bara,>20 years,Depo,3625
2068/69,Bara,<20 Years,IUD,0
2068/69,Bara,>20 years,IUD,1005
2068/69,Bara,<20 Years,Implant,0
2068/69,Bara,>20 years,Implant,209
2068/69,Parsa,,Condom,2382
2068/69,Parsa,<20 Years,Pills,0
2068/69,Parsa,>20 years,Pills,1146
2068/69,Parsa,<20 Years,Depo,0
2068/69,Parsa,>20 years,Depo,3000
2068/69,Parsa,<20 Years,IUD,0
2068/69,Parsa,>20 years,IUD,87
2068/69,Parsa,<20 Years,Implant,0
2068/69,Parsa,>20 years,Implant,133
2068/69,Chitwan,,Condom,3045
2068/69,Chitwan,<20 Years,Pills,119
2068/69,Chitwan,>20 years,Pills,1384
2068/69,Chitwan,<20 Years,Depo,497
2068/69,Chitwan,>20 years,Depo,3064
2068/69,Chitwan,<20 Years,IUD,39
2068/69,Chitwan,>20 years,IUD,856
2068/69,Chitwan,<20 Years,Implant,17
2068/69,Chitwan,>20 years,Implant,497
2068/69,Gorkha,,Condom,1153
2068/69,Gorkha,<20 Years,Pills,113
2068/69,Gorkha,>20 years,Pills,1374
2068/69,Gorkha,<20 Years,Depo,227
2068/69,Gorkha,>20 years,Depo,2825
2068/69,Gorkha,<20 Years,IUD,0
2068/69,Gorkha,>20 years,IUD,62
2068/69,Gorkha,<20 Years,Implant,0
2068/69,Gorkha,>20 years,Implant,128
2068/69,Lamjung,,Condom,1528
2068/69,Lamjung,<20 Years,Pills,60
2068/69,Lamjung,>20 years,Pills,650
2068/69,Lamjung,<20 Years,Depo,120
2068/69,Lamjung,>20 years,Depo,1353
2068/69,Lamjung,<20 Years,IUD,9
2068/69,Lamjung,>20 years,IUD,383
2068/69,Lamjung,<20 Years,Implant,1
2068/69,Lamjung,>20 years,Implant,443
2068/69,Tanahu,,Condom,2127
2068/69,Tanahu,<20 Years,Pills,96
2068/69,Tanahu,>20 years,Pills,1317
2068/69,Tanahu,<20 Years,Depo,193
2068/69,Tanahu,>20 years,Depo,1757
2068/69,Tanahu,<20 Years,IUD,2
2068/69,Tanahu,>20 years,IUD,232
2068/69,Tanahu,<20 Years,Implant,1
2068/69,Tanahu,>20 years,Implant,103
2068/69,Syangja,,Condom,1854
2068/69,Syangja,<20 Years,Pills,44
2068/69,Syangja,>20 years,Pills,881
2068/69,Syangja,<20 Years,Depo,46
2068/69,Syangja,>20 years,Depo,1293
2068/69,Syangja,<20 Years,IUD,3
2068/69,Syangja,>20 years,IUD,258
2068/69,Syangja,<20 Years,Implant,1
2068/69,Syangja,>20 years,Implant,35
2068/69,Kaski,,Condom,2906
2068/69,Kaski,<20 Years,Pills,173
2068/69,Kaski,>20 years,Pills,2098
2068/69,Kaski,<20 Years,Depo,313
2068/69,Kaski,>20 years,Depo,2928
2068/69,Kaski,<20 Years,IUD,19
2068/69,Kaski,>20 years,IUD,1143
2068/69,Kaski,<20 Years,Implant,17
2068/69,Kaski,>20 years,Implant,331
2068/69,Manang,,Condom,141
2068/69,Manang,<20 Years,Pills,4
2068/69,Manang,>20 years,Pills,79
2068/69,Manang,<20 Years,Depo,6
2068/69,Manang,>20 years,Depo,63
2068/69,Manang,<20 Years,IUD,0
2068/69,Manang,>20 years,IUD,0
2068/69,Manang,<20 Years,Implant,0
2068/69,Manang,>20 years,Implant,66
2068/69,Mustang,,Condom,227
2068/69,Mustang,<20 Years,Pills,7
2068/69,Mustang,>20 years,Pills,97
2068/69,Mustang,<20 Years,Depo,21
2068/69,Mustang,>20 years,Depo,201
2068/69,Mustang,<20 Years,IUD,0
2068/69,Mustang,>20 years,IUD,47
2068/69,Mustang,<20 Years,Implant,0
2068/69,Mustang,>20 years,Implant,52
2068/69,Myagdi,,Condom,1436
2068/69,Myagdi,<20 Years,Pills,33
2068/69,Myagdi,>20 years,Pills,1033
2068/69,Myagdi,<20 Years,Depo,103
2068/69,Myagdi,>20 years,Depo,1030
2068/69,Myagdi,<20 Years,IUD,4
2068/69,Myagdi,>20 years,IUD,138
2068/69,Myagdi,<20 Years,Implant,12
2068/69,Myagdi,>20 years,Implant,272
2068/69,Parbat,,Condom,1154
2068/69,Parbat,<20 Years,Pills,37
2068/69,Parbat,>20 years,Pills,514
2068/69,Parbat,<20 Years,Depo,68
2068/69,Parbat,>20 years,Depo,809
2068/69,Parbat,<20 Years,IUD,8
2068/69,Parbat,>20 years,IUD,373
2068/69,Parbat,<20 Years,Implant,1
2068/69,Parbat,>20 years,Implant,93
2068/69,Baglung,,Condom,1742
2068/69,Baglung,<20 Years,Pills,77
2068/69,Baglung,>20 years,Pills,2491
2068/69,Baglung,<20 Years,Depo,104
2068/69,Baglung,>20 years,Depo,2263
2068/69,Baglung,<20 Years,IUD,1
2068/69,Baglung,>20 years,IUD,367
2068/69,Baglung,<20 Years,Implant,0
2068/69,Baglung,>20 years,Implant,375
2068/69,Gulmi,,Condom,3821
2068/69,Gulmi,<20 Years,Pills,61
2068/69,Gulmi,>20 years,Pills,2188
2068/69,Gulmi,<20 Years,Depo,99
2068/69,Gulmi,>20 years,Depo,3019
2068/69,Gulmi,<20 Years,IUD,0
2068/69,Gulmi,>20 years,IUD,134
2068/69,Gulmi,<20 Years,Implant,0
2068/69,Gulmi,>20 years,Implant,138
2068/69,Palpa,,Condom,1970
2068/69,Palpa,<20 Years,Pills,50
2068/69,Palpa,>20 years,Pills,630
2068/69,Palpa,<20 Years,Depo,170
2068/69,Palpa,>20 years,Depo,1615
2068/69,Palpa,<20 Years,IUD,31
2068/69,Palpa,>20 years,IUD,313
2068/69,Palpa,<20 Years,Implant,11
2068/69,Palpa,>20 years,Implant,206
2068/69,Nawalparasi,,Condom,4536
2068/69,Nawalparasi,<20 Years,Pills,104
2068/69,Nawalparasi,>20 years,Pills,1405
2068/69,Nawalparasi,<20 Years,Depo,265
2068/69,Nawalparasi,>20 years,Depo,3679
2068/69,Nawalparasi,<20 Years,IUD,33
2068/69,Nawalparasi,>20 years,IUD,485
2068/69,Nawalparasi,<20 Years,Implant,10
2068/69,Nawalparasi,>20 years,Implant,330
2068/69,Rupandehi,,Condom,5665
2068/69,Rupandehi,<20 Years,Pills,0
2068/69,Rupandehi,>20 years,Pills,4189
2068/69,Rupandehi,<20 Years,Depo,0
2068/69,Rupandehi,>20 years,Depo,8163
2068/69,Rupandehi,<20 Years,IUD,0
2068/69,Rupandehi,>20 years,IUD,681
2068/69,Rupandehi,<20 Years,Implant,0
2068/69,Rupandehi,>20 years,Implant,247
2068/69,Kapilvastu,,Condom,3236
2068/69,Kapilvastu,<20 Years,Pills,186
2068/69,Kapilvastu,>20 years,Pills,2896
2068/69,Kapilvastu,<20 Years,Depo,247
2068/69,Kapilvastu,>20 years,Depo,6902
2068/69,Kapilvastu,<20 Years,IUD,18
2068/69,Kapilvastu,>20 years,IUD,485
2068/69,Kapilvastu,<20 Years,Implant,86
2068/69,Kapilvastu,>20 years,Implant,58
2068/69,Arghakhanchi,,Condom,1813
2068/69,Arghakhanchi,<20 Years,Pills,44
2068/69,Arghakhanchi,>20 years,Pills,627
2068/69,Arghakhanchi,<20 Years,Depo,59
2068/69,Arghakhanchi,>20 years,Depo,999
2068/69,Arghakhanchi,<20 Years,IUD,0
2068/69,Arghakhanchi,>20 years,IUD,94
2068/69,Arghakhanchi,<20 Years,Implant,3
2068/69,Arghakhanchi,>20 years,Implant,122
2068/69,Pyuthan,,Condom,4353
2068/69,Pyuthan,<20 Years,Pills,95
2068/69,Pyuthan,>20 years,Pills,1429
2068/69,Pyuthan,<20 Years,Depo,150
2068/69,Pyuthan,>20 years,Depo,1956
2068/69,Pyuthan,<20 Years,IUD,2
2068/69,Pyuthan,>20 years,IUD,93
2068/69,Pyuthan,<20 Years,Implant,3
2068/69,Pyuthan,>20 years,Implant,269
2068/69,Rolpa,,Condom,3979
2068/69,Rolpa,<20 Years,Pills,123
2068/69,Rolpa,>20 years,Pills,996
2068/69,Rolpa,<20 Years,Depo,437
2068/69,Rolpa,>20 years,Depo,3341
2068/69,Rolpa,<20 Years,IUD,389
2068/69,Rolpa,>20 years,IUD,222
2068/69,Rolpa,<20 Years,Implant,63
2068/69,Rolpa,>20 years,Implant,1230
2068/69,Rukum,,Condom,829
2068/69,Rukum,<20 Years,Pills,561
2068/69,Rukum,>20 years,Pills,1999
2068/69,Rukum,<20 Years,Depo,433
2068/69,Rukum,>20 years,Depo,3442
2068/69,Rukum,<20 Years,IUD,1
2068/69,Rukum,>20 years,IUD,21
2068/69,Rukum,<20 Years,Implant,3
2068/69,Rukum,>20 years,Implant,247
2068/69,Salyan,,Condom,1924
2068/69,Salyan,<20 Years,Pills,63
2068/69,Salyan,>20 years,Pills,856
2068/69,Salyan,<20 Years,Depo,257
2068/69,Salyan,>20 years,Depo,2291
2068/69,Salyan,<20 Years,IUD,4
2068/69,Salyan,>20 years,IUD,360
2068/69,Salyan,<20 Years,Implant,464
2068/69,Salyan,>20 years,Implant,519
2068/69,Dang,,Condom,3922
2068/69,Dang,<20 Years,Pills,209
2068/69,Dang,>20 years,Pills,1416
2068/69,Dang,<20 Years,Depo,662
2068/69,Dang,>20 years,Depo,3335
2068/69,Dang,<20 Years,IUD,87
2068/69,Dang,>20 years,IUD,732
2068/69,Dang,<20 Years,Implant,31
2068/69,Dang,>20 years,Implant,346
2068/69,Banke,,Condom,4462
2068/69,Banke,<20 Years,Pills,141
2068/69,Banke,>20 years,Pills,1881
2068/69,Banke,<20 Years,Depo,441
2068/69,Banke,>20 years,Depo,5981
2068/69,Banke,<20 Years,IUD,90
2068/69,Banke,>20 years,IUD,889
2068/69,Banke,<20 Years,Implant,22
2068/69,Banke,>20 years,Implant,560
2068/69,Bardiya,,Condom,5603
2068/69,Bardiya,<20 Years,Pills,78
2068/69,Bardiya,>20 years,Pills,1019
2068/69,Bardiya,<20 Years,Depo,473
2068/69,Bardiya,>20 years,Depo,3943
2068/69,Bardiya,<20 Years,IUD,50
2068/69,Bardiya,>20 years,IUD,574
2068/69,Bardiya,<20 Years,Implant,55
2068/69,Bardiya,>20 years,Implant,615
2068/69,Surkhet,,Condom,3934
2068/69,Surkhet,<20 Years,Pills,341
2068/69,Surkhet,>20 years,Pills,2045
2068/69,Surkhet,<20 Years,Depo,768
2068/69,Surkhet,>20 years,Depo,4039
2068/69,Surkhet,<20 Years,IUD,55
2068/69,Surkhet,>20 years,IUD,489
2068/69,Surkhet,<20 Years,Implant,30
2068/69,Surkhet,>20 years,Implant,518
2068/69,Dailekh,,Condom,3224
2068/69,Dailekh,<20 Years,Pills,265
2068/69,Dailekh,>20 years,Pills,2240
2068/69,Dailekh,<20 Years,Depo,307
2068/69,Dailekh,>20 years,Depo,3298
2068/69,Dailekh,<20 Years,IUD,0
2068/69,Dailekh,>20 years,IUD,119
2068/69,Dailekh,<20 Years,Implant,3
2068/69,Dailekh,>20 years,Implant,594
2068/69,Jajarkot,,Condom,670
2068/69,Jajarkot,<20 Years,Pills,261
2068/69,Jajarkot,>20 years,Pills,1219
2068/69,Jajarkot,<20 Years,Depo,530
2068/69,Jajarkot,>20 years,Depo,2994
2068/69,Jajarkot,<20 Years,IUD,85
2068/69,Jajarkot,>20 years,IUD,431
2068/69,Jajarkot,<20 Years,Implant,91
2068/69,Jajarkot,>20 years,Implant,181
2068/69,Dolpa,,Condom,840
2068/69,Dolpa,<20 Years,Pills,16
2068/69,Dolpa,>20 years,Pills,334
2068/69,Dolpa,<20 Years,Depo,36
2068/69,Dolpa,>20 years,Depo,657
2068/69,Dolpa,<20 Years,IUD,1
2068/69,Dolpa,>20 years,IUD,36
2068/69,Dolpa,<20 Years,Implant,0
2068/69,Dolpa,>20 years,Implant,0
2068/69,Jumla,,Condom,1478
2068/69,Jumla,<20 Years,Pills,82
2068/69,Jumla,>20 years,Pills,530
2068/69,Jumla,<20 Years,Depo,206
2068/69,Jumla,>20 years,Depo,932
2068/69,Jumla,<20 Years,IUD,1
2068/69,Jumla,>20 years,IUD,111
2068/69,Jumla,<20 Years,Implant,10
2068/69,Jumla,>20 years,Implant,192
2068/69,Kalikot,,Condom,1391
2068/69,Kalikot,<20 Years,Pills,30
2068/69,Kalikot,>20 years,Pills,431
2068/69,Kalikot,<20 Years,Depo,41
2068/69,Kalikot,>20 years,Depo,1099
2068/69,Kalikot,<20 Years,IUD,0
2068/69,Kalikot,>20 years,IUD,54
2068/69,Kalikot,<20 Years,Implant,4
2068/69,Kalikot,>20 years,Implant,229
2068/69,Mugu,,Condom,382
2068/69,Mugu,<20 Years,Pills,21
2068/69,Mugu,>20 years,Pills,202
2068/69,Mugu,<20 Years,Depo,64
2068/69,Mugu,>20 years,Depo,516
2068/69,Mugu,<20 Years,IUD,3
2068/69,Mugu,>20 years,IUD,44
2068/69,Mugu,<20 Years,Implant,0
2068/69,Mugu,>20 years,Implant,40
2068/69,Humla,,Condom,275
2068/69,Humla,<20 Years,Pills,118
2068/69,Humla,>20 years,Pills,508
2068/69,Humla,<20 Years,Depo,122
2068/69,Humla,>20 years,Depo,937
2068/69,Humla,<20 Years,IUD,0
2068/69,Humla,>20 years,IUD,19
2068/69,Humla,<20 Years,Implant,3
2068/69,Humla,>20 years,Implant,204
2068/69,Bajura,,Condom,1304
2068/69,Bajura,<20 Years,Pills,32
2068/69,Bajura,>20 years,Pills,593
2068/69,Bajura,<20 Years,Depo,67
2068/69,Bajura,>20 years,Depo,1321
2068/69,Bajura,<20 Years,IUD,1
2068/69,Bajura,>20 years,IUD,36
2068/69,Bajura,<20 Years,Implant,2
2068/69,Bajura,>20 years,Implant,296
2068/69,Bajhang,,Condom,1874
2068/69,Bajhang,<20 Years,Pills,40
2068/69,Bajhang,>20 years,Pills,392
2068/69,Bajhang,<20 Years,Depo,60
2068/69,Bajhang,>20 years,Depo,1469
2068/69,Bajhang,<20 Years,IUD,0
2068/69,Bajhang,>20 years,IUD,35
2068/69,Bajhang,<20 Years,Implant,6
2068/69,Bajhang,>20 years,Implant,221
2068/69,Achham,,Condom,2842
2068/69,Achham,<20 Years,Pills,68
2068/69,Achham,>20 years,Pills,1088
2068/69,Achham,<20 Years,Depo,69
2068/69,Achham,>20 years,Depo,2507
2068/69,Achham,<20 Years,IUD,0
2068/69,Achham,>20 years,IUD,107
2068/69,Achham,<20 Years,Implant,1
2068/69,Achham,>20 years,Implant,174
2068/69,Doti,,Condom,2982
2068/69,Doti,<20 Years,Pills,27
2068/69,Doti,>20 years,Pills,1477
2068/69,Doti,<20 Years,Depo,45
2068/69,Doti,>20 years,Depo,2420
2068/69,Doti,<20 Years,IUD,2
2068/69,Doti,>20 years,IUD,91
2068/69,Doti,<20 Years,Implant,0
2068/69,Doti,>20 years,Implant,185
2068/69,Kailali,,Condom,7606
2068/69,Kailali,<20 Years,Pills,126
2068/69,Kailali,>20 years,Pills,2433
2068/69,Kailali,<20 Years,Depo,448
2068/69,Kailali,>20 years,Depo,6638
2068/69,Kailali,<20 Years,IUD,60
2068/69,Kailali,>20 years,IUD,538
2068/69,Kailali,<20 Years,Implant,17
2068/69,Kailali,>20 years,Implant,750
2068/69,Kanchanpur,,Condom,5361
2068/69,Kanchanpur,<20 Years,Pills,287
2068/69,Kanchanpur,>20 years,Pills,1451
2068/69,Kanchanpur,<20 Years,Depo,370
2068/69,Kanchanpur,>20 years,Depo,3841
2068/69,Kanchanpur,<20 Years,IUD,107
2068/69,Kanchanpur,>20 years,IUD,1149
2068/69,Kanchanpur,<20 Years,Implant,10
2068/69,Kanchanpur,>20 years,Implant,548
2068/69,Dadeldhura,,Condom,1294
2068/69,Dadeldhura,<20 Years,Pills,67
2068/69,Dadeldhura,>20 years,Pills,753
2068/69,Dadeldhura,<20 Years,Depo,42
2068/69,Dadeldhura,>20 years,Depo,1846
2068/69,Dadeldhura,<20 Years,IUD,83
2068/69,Dadeldhura,>20 years,IUD,33
2068/69,Dadeldhura,<20 Years,Implant,1
2068/69,Dadeldhura,>20 years,Implant,166
2068/69,Baitadi,,Condom,6070
2068/69,Baitadi,<20 Years,Pills,70
2068/69,Baitadi,>20 years,Pills,4227
2068/69,Baitadi,<20 Years,Depo,48
2068/69,Baitadi,>20 years,Depo,5590
2068/69,Baitadi,<20 Years,IUD,5
2068/69,Baitadi,>20 years,IUD,305
2068/69,Baitadi,<20 Years,Implant,1
2068/69,Baitadi,>20 years,Implant,799
2068/69,Darchula,,Condom,1018
2068/69,Darchula,<20 Years,Pills,31
2068/69,Darchula,>20 years,Pills,983
2068/69,Darchula,<20 Years,Depo,36
2068/69,Darchula,>20 years,Depo,1472
2068/69,Darchula,<20 Years,IUD,0
2068/69,Darchula,>20 years,IUD,122
2068/69,Darchula,<20 Years,Implant,0
2068/69,Darchula,>20 years,Implant,242
2069/70,Taplejung,,Condom,738
2069/70,Taplejung,<20 Years,Pills,93
2069/70,Taplejung,>20 years,Pills,589
2069/70,Taplejung,<20 Years,Depo,152
2069/70,Taplejung,>20 years,Depo,1470
2069/70,Taplejung,<20 Years,IUD,13
2069/70,Taplejung,>20 years,IUD,110
2069/70,Taplejung,<20 Years,Implant,0
2069/70,Taplejung,>20 years,Implant,19
2069/70,Panchthar,,Condom,1703
2069/70,Panchthar,<20 Years,Pills,67
2069/70,Panchthar,>20 years,Pills,765
2069/70,Panchthar,<20 Years,Depo,189
2069/70,Panchthar,>20 years,Depo,2040
2069/70,Panchthar,<20 Years,IUD,0
2069/70,Panchthar,>20 years,IUD,28
2069/70,Panchthar,<20 Years,Implant,2
2069/70,Panchthar,>20 years,Implant,191
2069/70,Ilam,,Condom,1804
2069/70,Ilam,<20 Years,Pills,127
2069/70,Ilam,>20 years,Pills,1333
2069/70,Ilam,<20 Years,Depo,296
2069/70,Ilam,>20 years,Depo,2524
2069/70,Ilam,<20 Years,IUD,3
2069/70,Ilam,>20 years,IUD,325
2069/70,Ilam,<20 Years,Implant,7
2069/70,Ilam,>20 years,Implant,477
2069/70,Jhapa,,Condom,5262
2069/70,Jhapa,<20 Years,Pills,340
2069/70,Jhapa,>20 years,Pills,3169
2069/70,Jhapa,<20 Years,Depo,703
2069/70,Jhapa,>20 years,Depo,6810
2069/70,Jhapa,<20 Years,IUD,17
2069/70,Jhapa,>20 years,IUD,464
2069/70,Jhapa,<20 Years,Implant,53
2069/70,Jhapa,>20 years,Implant,1667
2069/70,Morang,,Condom,4145
2069/70,Morang,<20 Years,Pills,1715
2069/70,Morang,>20 years,Pills,2979
2069/70,Morang,<20 Years,Depo,613
2069/70,Morang,>20 years,Depo,6575
2069/70,Morang,<20 Years,IUD,228
2069/70,Morang,>20 years,IUD,1415
2069/70,Morang,<20 Years,Implant,32
2069/70,Morang,>20 years,Implant,787
2069/70,Sunsari,,Condom,3757
2069/70,Sunsari,<20 Years,Pills,270
2069/70,Sunsari,>20 years,Pills,1046
2069/70,Sunsari,<20 Years,Depo,526
2069/70,Sunsari,>20 years,Depo,4287
2069/70,Sunsari,<20 Years,IUD,10
2069/70,Sunsari,>20 years,IUD,812
2069/70,Sunsari,<20 Years,Implant,13
2069/70,Sunsari,>20 years,Implant,1254
2069/70,Dhankuta,,Condom,1489
2069/70,Dhankuta,<20 Years,Pills,201
2069/70,Dhankuta,>20 years,Pills,1628
2069/70,Dhankuta,<20 Years,Depo,154
2069/70,Dhankuta,>20 years,Depo,2176
2069/70,Dhankuta,<20 Years,IUD,7
2069/70,Dhankuta,>20 years,IUD,144
2069/70,Dhankuta,<20 Years,Implant,27
2069/70,Dhankuta,>20 years,Implant,388
2069/70,Teharthum,,Condom,1102
2069/70,Teharthum,<20 Years,Pills,41
2069/70,Teharthum,>20 years,Pills,408
2069/70,Teharthum,<20 Years,Depo,97
2069/70,Teharthum,>20 years,Depo,1091
2069/70,Teharthum,<20 Years,IUD,0
2069/70,Teharthum,>20 years,IUD,41
2069/70,Teharthum,<20 Years,Implant,1
2069/70,Teharthum,>20 years,Implant,46
2069/70,Sankhuwasabha,,Condom,1083
2069/70,Sankhuwasabha,<20 Years,Pills,61
2069/70,Sankhuwasabha,>20 years,Pills,633
2069/70,Sankhuwasabha,<20 Years,Depo,239
2069/70,Sankhuwasabha,>20 years,Depo,2228
2069/70,Sankhuwasabha,<20 Years,IUD,0
2069/70,Sankhuwasabha,>20 years,IUD,35
2069/70,Sankhuwasabha,<20 Years,Implant,8
2069/70,Sankhuwasabha,>20 years,Implant,177
2069/70,Bhojpur,,Condom,1113
2069/70,Bhojpur,<20 Years,Pills,94
2069/70,Bhojpur,>20 years,Pills,410
2069/70,Bhojpur,<20 Years,Depo,129
2069/70,Bhojpur,>20 years,Depo,1080
2069/70,Bhojpur,<20 Years,IUD,25
2069/70,Bhojpur,>20 years,IUD,9
2069/70,Bhojpur,<20 Years,Implant,1
2069/70,Bhojpur,>20 years,Implant,141
2069/70,Solukhumbu,,Condom,938
2069/70,Solukhumbu,<20 Years,Pills,55
2069/70,Solukhumbu,>20 years,Pills,1023
2069/70,Solukhumbu,<20 Years,Depo,114
2069/70,Solukhumbu,>20 years,Depo,2830
2069/70,Solukhumbu,<20 Years,IUD,0
2069/70,Solukhumbu,>20 years,IUD,80
2069/70,Solukhumbu,<20 Years,Implant,5
2069/70,Solukhumbu,>20 years,Implant,185
2069/70,Okhaldhunga,,Condom,795
2069/70,Okhaldhunga,<20 Years,Pills,182
2069/70,Okhaldhunga,>20 years,Pills,896
2069/70,Okhaldhunga,<20 Years,Depo,218
2069/70,Okhaldhunga,>20 years,Depo,2000
2069/70,Okhaldhunga,<20 Years,IUD,10
2069/70,Okhaldhunga,>20 years,IUD,18
2069/70,Okhaldhunga,<20 Years,Implant,5
2069/70,Okhaldhunga,>20 years,Implant,186
2069/70,Khotang,,Condom,1086
2069/70,Khotang,<20 Years,Pills,153
2069/70,Khotang,>20 years,Pills,1029
2069/70,Khotang,<20 Years,Depo,127
2069/70,Khotang,>20 years,Depo,1689
2069/70,Khotang,<20 Years,IUD,11
2069/70,Khotang,>20 years,IUD,94
2069/70,Khotang,<20 Years,Implant,0
2069/70,Khotang,>20 years,Implant,27
2069/70,Udaypur,,Condom,965
2069/70,Udaypur,<20 Years,Pills,84
2069/70,Udaypur,>20 years,Pills,844
2069/70,Udaypur,<20 Years,Depo,257
2069/70,Udaypur,>20 years,Depo,2595
2069/70,Udaypur,<20 Years,IUD,17
2069/70,Udaypur,>20 years,IUD,722
2069/70,Udaypur,<20 Years,Implant,0
2069/70,Udaypur,>20 years,Implant,26
2069/70,Saptari,,Condom,4535
2069/70,Saptari,<20 Years,Pills,147
2069/70,Saptari,>20 years,Pills,2953
2069/70,Saptari,<20 Years,Depo,117
2069/70,Saptari,>20 years,Depo,5380
2069/70,Saptari,<20 Years,IUD,3
2069/70,Saptari,>20 years,IUD,152
2069/70,Saptari,<20 Years,Implant,4
2069/70,Saptari,>20 years,Implant,332
2069/70,Siraha,,Condom,3924
2069/70,Siraha,<20 Years,Pills,59
2069/70,Siraha,>20 years,Pills,1895
2069/70,Siraha,<20 Years,Depo,123
2069/70,Siraha,>20 years,Depo,4323
2069/70,Siraha,<20 Years,IUD,97
2069/70,Siraha,>20 years,IUD,616
2069/70,Siraha,<20 Years,Implant,16
2069/70,Siraha,>20 years,Implant,277
2069/70,Dhanusha,,Condom,3841
2069/70,Dhanusha,<20 Years,Pills,196
2069/70,Dhanusha,>20 years,Pills,1580
2069/70,Dhanusha,<20 Years,Depo,243
2069/70,Dhanusha,>20 years,Depo,4248
2069/70,Dhanusha,<20 Years,IUD,2
2069/70,Dhanusha,>20 years,IUD,186
2069/70,Dhanusha,<20 Years,Implant,1
2069/70,Dhanusha,>20 years,Implant,112
2069/70,Mahottari,,Condom,5011
2069/70,Mahottari,<20 Years,Pills,236
2069/70,Mahottari,>20 years,Pills,2282
2069/70,Mahottari,<20 Years,Depo,502
2069/70,Mahottari,>20 years,Depo,4647
2069/70,Mahottari,<20 Years,IUD,167
2069/70,Mahottari,>20 years,IUD,470
2069/70,Mahottari,<20 Years,Implant,11
2069/70,Mahottari,>20 years,Implant,159
2069/70,Sarlahi,,Condom,2142
2069/70,Sarlahi,<20 Years,Pills,409
2069/70,Sarlahi,>20 years,Pills,2489
2069/70,Sarlahi,<20 Years,Depo,452
2069/70,Sarlahi,>20 years,Depo,3604
2069/70,Sarlahi,<20 Years,IUD,27
2069/70,Sarlahi,>20 years,IUD,1234
2069/70,Sarlahi,<20 Years,Implant,4
2069/70,Sarlahi,>20 years,Implant,719
2069/70,Sindhuli,,Condom,1595
2069/70,Sindhuli,<20 Years,Pills,68
2069/70,Sindhuli,>20 years,Pills,877
2069/70,Sindhuli,<20 Years,Depo,136
2069/70,Sindhuli,>20 years,Depo,1755
2069/70,Sindhuli,<20 Years,IUD,0
2069/70,Sindhuli,>20 years,IUD,71
2069/70,Sindhuli,<20 Years,Implant,3
2069/70,Sindhuli,>20 years,Implant,154
2069/70,Ramechhap,,Condom,982
2069/70,Ramechhap,<20 Years,Pills,12
2069/70,Ramechhap,>20 years,Pills,244
2069/70,Ramechhap,<20 Years,Depo,143
2069/70,Ramechhap,>20 years,Depo,1317
2069/70,Ramechhap,<20 Years,IUD,18
2069/70,Ramechhap,>20 years,IUD,112
2069/70,Ramechhap,<20 Years,Implant,8
2069/70,Ramechhap,>20 years,Implant,531
2069/70,Dolkha,,Condom,1091
2069/70,Dolkha,<20 Years,Pills,175
2069/70,Dolkha,>20 years,Pills,1887
2069/70,Dolkha,<20 Years,Depo,297
2069/70,Dolkha,>20 years,Depo,3644
2069/70,Dolkha,<20 Years,IUD,25
2069/70,Dolkha,>20 years,IUD,388
2069/70,Dolkha,<20 Years,Implant,18
2069/70,Dolkha,>20 years,Implant,624
2069/70,Sindhupalchowk,,Condom,1284
2069/70,Sindhupalchowk,<20 Years,Pills,55
2069/70,Sindhupalchowk,>20 years,Pills,594
2069/70,Sindhupalchowk,<20 Years,Depo,254
2069/70,Sindhupalchowk,>20 years,Depo,2141
2069/70,Sindhupalchowk,<20 Years,IUD,10
2069/70,Sindhupalchowk,>20 years,IUD,164
2069/70,Sindhupalchowk,<20 Years,Implant,0
2069/70,Sindhupalchowk,>20 years,Implant,221
2069/70,Kavre,,Condom,2552
2069/70,Kavre,<20 Years,Pills,89
2069/70,Kavre,>20 years,Pills,894
2069/70,Kavre,<20 Years,Depo,393
2069/70,Kavre,>20 years,Depo,3412
2069/70,Kavre,<20 Years,IUD,46
2069/70,Kavre,>20 years,IUD,810
2069/70,Kavre,<20 Years,Implant,69
2069/70,Kavre,>20 years,Implant,2330
2069/70,Lalitpur,,Condom,3074
2069/70,Lalitpur,<20 Years,Pills,0
2069/70,Lalitpur,>20 years,Pills,1818
2069/70,Lalitpur,<20 Years,Depo,0
2069/70,Lalitpur,>20 years,Depo,4064
2069/70,Lalitpur,<20 Years,IUD,0
2069/70,Lalitpur,>20 years,IUD,876
2069/70,Lalitpur,<20 Years,Implant,0
2069/70,Lalitpur,>20 years,Implant,887
2069/70,Bhaktapur,,Condom,1496
2069/70,Bhaktapur,<20 Years,Pills,24
2069/70,Bhaktapur,>20 years,Pills,806
2069/70,Bhaktapur,<20 Years,Depo,170
2069/70,Bhaktapur,>20 years,Depo,3139
2069/70,Bhaktapur,<20 Years,IUD,71
2069/70,Bhaktapur,>20 years,IUD,1076
2069/70,Bhaktapur,<20 Years,Implant,4
2069/70,Bhaktapur,>20 years,Implant,843
2069/70,Kathmandu,,Condom,3797
2069/70,Kathmandu,<20 Years,Pills,416
2069/70,Kathmandu,>20 years,Pills,4428
2069/70,Kathmandu,<20 Years,Depo,967
2069/70,Kathmandu,>20 years,Depo,10059
2069/70,Kathmandu,<20 Years,IUD,20
2069/70,Kathmandu,>20 years,IUD,2358
2069/70,Kathmandu,<20 Years,Implant,61
2069/70,Kathmandu,>20 years,Implant,2649
2069/70,Nuwakot,,Condom,1329
2069/70,Nuwakot,<20 Years,Pills,191
2069/70,Nuwakot,>20 years,Pills,1225
2069/70,Nuwakot,<20 Years,Depo,315
2069/70,Nuwakot,>20 years,Depo,3265
2069/70,Nuwakot,<20 Years,IUD,78
2069/70,Nuwakot,>20 years,IUD,451
2069/70,Nuwakot,<20 Years,Implant,0
2069/70,Nuwakot,>20 years,Implant,369
2069/70,Rasuwa,,Condom,792
2069/70,Rasuwa,<20 Years,Pills,8
2069/70,Rasuwa,>20 years,Pills,157
2069/70,Rasuwa,<20 Years,Depo,59
2069/70,Rasuwa,>20 years,Depo,672
2069/70,Rasuwa,<20 Years,IUD,1
2069/70,Rasuwa,>20 years,IUD,4
2069/70,Rasuwa,<20 Years,Implant,0
2069/70,Rasuwa,>20 years,Implant,45
2069/70,Dhading,,Condom,5562
2069/70,Dhading,<20 Years,Pills,252
2069/70,Dhading,>20 years,Pills,1768
2069/70,Dhading,<20 Years,Depo,557
2069/70,Dhading,>20 years,Depo,4028
2069/70,Dhading,<20 Years,IUD,42
2069/70,Dhading,>20 years,IUD,822
2069/70,Dhading,<20 Years,Implant,13
2069/70,Dhading,>20 years,Implant,653
2069/70,Makawanpur,,Condom,3015
2069/70,Makawanpur,<20 Years,Pills,208
2069/70,Makawanpur,>20 years,Pills,1664
2069/70,Makawanpur,<20 Years,Depo,955
2069/70,Makawanpur,>20 years,Depo,6193
2069/70,Makawanpur,<20 Years,IUD,60
2069/70,Makawanpur,>20 years,IUD,274
2069/70,Makawanpur,<20 Years,Implant,89
2069/70,Makawanpur,>20 years,Implant,2570
2069/70,Rautahat,,Condom,5937
2069/70,Rautahat,<20 Years,Pills,86
2069/70,Rautahat,>20 years,Pills,1956
2069/70,Rautahat,<20 Years,Depo,142
2069/70,Rautahat,>20 years,Depo,4226
2069/70,Rautahat,<20 Years,IUD,1
2069/70,Rautahat,>20 years,IUD,1759
2069/70,Rautahat,<20 Years,Implant,1
2069/70,Rautahat,>20 years,Implant,765
2069/70,Bara,,Condom,4305
2069/70,Bara,<20 Years,Pills,58
2069/70,Bara,>20 years,Pills,1104
2069/70,Bara,<20 Years,Depo,122
2069/70,Bara,>20 years,Depo,3506
2069/70,Bara,<20 Years,IUD,11
2069/70,Bara,>20 years,IUD,768
2069/70,Bara,<20 Years,Implant,1
2069/70,Bara,>20 years,Implant,232
2069/70,Parsa,,Condom,2651
2069/70,Parsa,<20 Years,Pills,0
2069/70,Parsa,>20 years,Pills,2726
2069/70,Parsa,<20 Years,Depo,0
2069/70,Parsa,>20 years,Depo,4691
2069/70,Parsa,<20 Years,IUD,0
2069/70,Parsa,>20 years,IUD,853
2069/70,Parsa,<20 Years,Implant,0
2069/70,Parsa,>20 years,Implant,641
2069/70,Chitwan,,Condom,5222
2069/70,Chitwan,<20 Years,Pills,202
2069/70,Chitwan,>20 years,Pills,1775
2069/70,Chitwan,<20 Years,Depo,494
2069/70,Chitwan,>20 years,Depo,3455
2069/70,Chitwan,<20 Years,IUD,10
2069/70,Chitwan,>20 years,IUD,546
2069/70,Chitwan,<20 Years,Implant,19
2069/70,Chitwan,>20 years,Implant,635
2069/70,Gorkha,,Condom,1329
2069/70,Gorkha,<20 Years,Pills,108
2069/70,Gorkha,>20 years,Pills,1229
2069/70,Gorkha,<20 Years,Depo,209
2069/70,Gorkha,>20 years,Depo,2686
2069/70,Gorkha,<20 Years,IUD,1
2069/70,Gorkha,>20 years,IUD,41
2069/70,Gorkha,<20 Years,Implant,1
2069/70,Gorkha,>20 years,Implant,165
2069/70,Lamjung,,Condom,1317
2069/70,Lamjung,<20 Years,Pills,81
2069/70,Lamjung,>20 years,Pills,606
2069/70,Lamjung,<20 Years,Depo,134
2069/70,Lamjung,>20 years,Depo,1219
2069/70,Lamjung,<20 Years,IUD,18
2069/70,Lamjung,>20 years,IUD,184
2069/70,Lamjung,<20 Years,Implant,2
2069/70,Lamjung,>20 years,Implant,105
2069/70,Tanahu,,Condom,2330
2069/70,Tanahu,<20 Years,Pills,117
2069/70,Tanahu,>20 years,Pills,1158
2069/70,Tanahu,<20 Years,Depo,171
2069/70,Tanahu,>20 years,Depo,1574
2069/70,Tanahu,<20 Years,IUD,17
2069/70,Tanahu,>20 years,IUD,436
2069/70,Tanahu,<20 Years,Implant,5
2069/70,Tanahu,>20 years,Implant,111
2069/70,Syangja,,Condom,1897
2069/70,Syangja,<20 Years,Pills,88
2069/70,Syangja,>20 years,Pills,742
2069/70,Syangja,<20 Years,Depo,98
2069/70,Syangja,>20 years,Depo,1098
2069/70,Syangja,<20 Years,IUD,3
2069/70,Syangja,>20 years,IUD,160
2069/70,Syangja,<20 Years,Implant,1
2069/70,Syangja,>20 years,Implant,40
2069/70,Kaski,,Condom,3441
2069/70,Kaski,<20 Years,Pills,288
2069/70,Kaski,>20 years,Pills,2460
2069/70,Kaski,<20 Years,Depo,292
2069/70,Kaski,>20 years,Depo,2743
2069/70,Kaski,<20 Years,IUD,40
2069/70,Kaski,>20 years,IUD,1039
2069/70,Kaski,<20 Years,Implant,3
2069/70,Kaski,>20 years,Implant,290
2069/70,Manang,,Condom,152
2069/70,Manang,<20 Years,Pills,0
2069/70,Manang,>20 years,Pills,27
2069/70,Manang,<20 Years,Depo,3
2069/70,Manang,>20 years,Depo,56
2069/70,Manang,<20 Years,IUD,0
2069/70,Manang,>20 years,IUD,1
2069/70,Manang,<20 Years,Implant,1
2069/70,Manang,>20 years,Implant,20
2069/70,Mustang,,Condom,272
2069/70,Mustang,<20 Years,Pills,8
2069/70,Mustang,>20 years,Pills,110
2069/70,Mustang,<20 Years,Depo,16
2069/70,Mustang,>20 years,Depo,287
2069/70,Mustang,<20 Years,IUD,0
2069/70,Mustang,>20 years,IUD,25
2069/70,Mustang,<20 Years,Implant,0
2069/70,Mustang,>20 years,Implant,16
2069/70,Myagdi,,Condom,1313
2069/70,Myagdi,<20 Years,Pills,53
2069/70,Myagdi,>20 years,Pills,481
2069/70,Myagdi,<20 Years,Depo,96
2069/70,Myagdi,>20 years,Depo,965
2069/70,Myagdi,<20 Years,IUD,12
2069/70,Myagdi,>20 years,IUD,170
2069/70,Myagdi,<20 Years,Implant,10
2069/70,Myagdi,>20 years,Implant,255
2069/70,Parbat,,Condom,1660
2069/70,Parbat,<20 Years,Pills,20
2069/70,Parbat,>20 years,Pills,435
2069/70,Parbat,<20 Years,Depo,62
2069/70,Parbat,>20 years,Depo,704
2069/70,Parbat,<20 Years,IUD,9
2069/70,Parbat,>20 years,IUD,387
2069/70,Parbat,<20 Years,Implant,2
2069/70,Parbat,>20 years,Implant,121
2069/70,Baglung,,Condom,1941
2069/70,Baglung,<20 Years,Pills,100
2069/70,Baglung,>20 years,Pills,1719
2069/70,Baglung,<20 Years,Depo,206
2069/70,Baglung,>20 years,Depo,2034
2069/70,Baglung,<20 Years,IUD,29
2069/70,Baglung,>20 years,IUD,368
2069/70,Baglung,<20 Years,Implant,0
2069/70,Baglung,>20 years,Implant,402
2069/70,Gulmi,,Condom,4062
2069/70,Gulmi,<20 Years,Pills,52
2069/70,Gulmi,>20 years,Pills,1964
2069/70,Gulmi,<20 Years,Depo,110
2069/70,Gulmi,>20 years,Depo,3161
2069/70,Gulmi,<20 Years,IUD,0
2069/70,Gulmi,>20 years,IUD,128
2069/70,Gulmi,<20 Years,Implant,2
2069/70,Gulmi,>20 years,Implant,115
2069/70,Palpa,,Condom,2068
2069/70,Palpa,<20 Years,Pills,34
2069/70,Palpa,>20 years,Pills,679
2069/70,Palpa,<20 Years,Depo,135
2069/70,Palpa,>20 years,Depo,1451
2069/70,Palpa,<20 Years,IUD,20
2069/70,Palpa,>20 years,IUD,269
2069/70,Palpa,<20 Years,Implant,89
2069/70,Palpa,>20 years,Implant,366
2069/70,Nawalparasi,,Condom,5129
2069/70,Nawalparasi,<20 Years,Pills,126
2069/70,Nawalparasi,>20 years,Pills,2248
2069/70,Nawalparasi,<20 Years,Depo,276
2069/70,Nawalparasi,>20 years,Depo,4175
2069/70,Nawalparasi,<20 Years,IUD,7
2069/70,Nawalparasi,>20 years,IUD,511
2069/70,Nawalparasi,<20 Years,Implant,2
2069/70,Nawalparasi,>20 years,Implant,583
2069/70,Rupandehi,,Condom,7936
2069/70,Rupandehi,<20 Years,Pills,0
2069/70,Rupandehi,>20 years,Pills,3699
2069/70,Rupandehi,<20 Years,Depo,0
2069/70,Rupandehi,>20 years,Depo,6990
2069/70,Rupandehi,<20 Years,IUD,0
2069/70,Rupandehi,>20 years,IUD,512
2069/70,Rupandehi,<20 Years,Implant,0
2069/70,Rupandehi,>20 years,Implant,958
2069/70,Kapilvastu,,Condom,2998
2069/70,Kapilvastu,<20 Years,Pills,44
2069/70,Kapilvastu,>20 years,Pills,2195
2069/70,Kapilvastu,<20 Years,Depo,89
2069/70,Kapilvastu,>20 years,Depo,4972
2069/70,Kapilvastu,<20 Years,IUD,0
2069/70,Kapilvastu,>20 years,IUD,155
2069/70,Kapilvastu,<20 Years,Implant,0
2069/70,Kapilvastu,>20 years,Implant,193
2069/70,Arghakhanchi,,Condom,1750
2069/70,Arghakhanchi,<20 Years,Pills,27
2069/70,Arghakhanchi,>20 years,Pills,516
2069/70,Arghakhanchi,<20 Years,Depo,37
2069/70,Arghakhanchi,>20 years,Depo,1059
2069/70,Arghakhanchi,<20 Years,IUD,31
2069/70,Arghakhanchi,>20 years,IUD,200
2069/70,Arghakhanchi,<20 Years,Implant,1
2069/70,Arghakhanchi,>20 years,Implant,275
2069/70,Pyuthan,,Condom,4370
2069/70,Pyuthan,<20 Years,Pills,107
2069/70,Pyuthan,>20 years,Pills,1276
2069/70,Pyuthan,<20 Years,Depo,206
2069/70,Pyuthan,>20 years,Depo,2080
2069/70,Pyuthan,<20 Years,IUD,3
2069/70,Pyuthan,>20 years,IUD,70
2069/70,Pyuthan,<20 Years,Implant,7
2069/70,Pyuthan,>20 years,Implant,237
2069/70,Rolpa,,Condom,4569
2069/70,Rolpa,<20 Years,Pills,136
2069/70,Rolpa,>20 years,Pills,819
2069/70,Rolpa,<20 Years,Depo,406
2069/70,Rolpa,>20 years,Depo,2965
2069/70,Rolpa,<20 Years,IUD,3
2069/70,Rolpa,>20 years,IUD,43
2069/70,Rolpa,<20 Years,Implant,53
2069/70,Rolpa,>20 years,Implant,1035
2069/70,Rukum,,Condom,1068
2069/70,Rukum,<20 Years,Pills,273
2069/70,Rukum,>20 years,Pills,2460
2069/70,Rukum,<20 Years,Depo,478
2069/70,Rukum,>20 years,Depo,4753
2069/70,Rukum,<20 Years,IUD,0
2069/70,Rukum,>20 years,IUD,16
2069/70,Rukum,<20 Years,Implant,3
2069/70,Rukum,>20 years,Implant,195
2069/70,Salyan,,Condom,2198
2069/70,Salyan,<20 Years,Pills,58
2069/70,Salyan,>20 years,Pills,581
2069/70,Salyan,<20 Years,Depo,258
2069/70,Salyan,>20 years,Depo,1991
2069/70,Salyan,<20 Years,IUD,39
2069/70,Salyan,>20 years,IUD,342
2069/70,Salyan,<20 Years,Implant,14
2069/70,Salyan,>20 years,Implant,480
2069/70,Dang,,Condom,4469
2069/70,Dang,<20 Years,Pills,230
2069/70,Dang,>20 years,Pills,1070
2069/70,Dang,<20 Years,Depo,632
2069/70,Dang,>20 years,Depo,3000
2069/70,Dang,<20 Years,IUD,111
2069/70,Dang,>20 years,IUD,1140
2069/70,Dang,<20 Years,Implant,92
2069/70,Dang,>20 years,Implant,428
2069/70,Banke,,Condom,4638
2069/70,Banke,<20 Years,Pills,247
2069/70,Banke,>20 years,Pills,2314
2069/70,Banke,<20 Years,Depo,540
2069/70,Banke,>20 years,Depo,6407
2069/70,Banke,<20 Years,IUD,73
2069/70,Banke,>20 years,IUD,868
2069/70,Banke,<20 Years,Implant,62
2069/70,Banke,>20 years,Implant,975
2069/70,Bardiya,,Condom,5931
2069/70,Bardiya,<20 Years,Pills,88
2069/70,Bardiya,>20 years,Pills,1105
2069/70,Bardiya,<20 Years,Depo,543
2069/70,Bardiya,>20 years,Depo,4029
2069/70,Bardiya,<20 Years,IUD,75
2069/70,Bardiya,>20 years,IUD,736
2069/70,Bardiya,<20 Years,Implant,61
2069/70,Bardiya,>20 years,Implant,635
2069/70,Surkhet,,Condom,4161
2069/70,Surkhet,<20 Years,Pills,250
2069/70,Surkhet,>20 years,Pills,1704
2069/70,Surkhet,<20 Years,Depo,646
2069/70,Surkhet,>20 years,Depo,3422
2069/70,Surkhet,<20 Years,IUD,45
2069/70,Surkhet,>20 years,IUD,418
2069/70,Surkhet,<20 Years,Implant,21
2069/70,Surkhet,>20 years,Implant,651
2069/70,Dailekh,,Condom,2925
2069/70,Dailekh,<20 Years,Pills,165
2069/70,Dailekh,>20 years,Pills,1504
2069/70,Dailekh,<20 Years,Depo,277
2069/70,Dailekh,>20 years,Depo,2908
2069/70,Dailekh,<20 Years,IUD,0
2069/70,Dailekh,>20 years,IUD,36
2069/70,Dailekh,<20 Years,Implant,9
2069/70,Dailekh,>20 years,Implant,468
2069/70,Jajarkot,,Condom,671
2069/70,Jajarkot,<20 Years,Pills,927
2069/70,Jajarkot,>20 years,Pills,1150
2069/70,Jajarkot,<20 Years,Depo,461
2069/70,Jajarkot,>20 years,Depo,2382
2069/70,Jajarkot,<20 Years,IUD,382
2069/70,Jajarkot,>20 years,IUD,441
2069/70,Jajarkot,<20 Years,Implant,86
2069/70,Jajarkot,>20 years,Implant,260
2069/70,Dolpa,,Condom,382
2069/70,Dolpa,<20 Years,Pills,432
2069/70,Dolpa,>20 years,Pills,384
2069/70,Dolpa,<20 Years,Depo,94
2069/70,Dolpa,>20 years,Depo,584
2069/70,Dolpa,<20 Years,IUD,31
2069/70,Dolpa,>20 years,IUD,52
2069/70,Dolpa,<20 Years,Implant,2
2069/70,Dolpa,>20 years,Implant,0
2069/70,Jumla,,Condom,1098
2069/70,Jumla,<20 Years,Pills,135
2069/70,Jumla,>20 years,Pills,462
2069/70,Jumla,<20 Years,Depo,130
2069/70,Jumla,>20 years,Depo,960
2069/70,Jumla,<20 Years,IUD,4
2069/70,Jumla,>20 years,IUD,29
2069/70,Jumla,<20 Years,Implant,3
2069/70,Jumla,>20 years,Implant,65
2069/70,Kalikot,,Condom,1406
2069/70,Kalikot,<20 Years,Pills,52
2069/70,Kalikot,>20 years,Pills,585
2069/70,Kalikot,<20 Years,Depo,123
2069/70,Kalikot,>20 years,Depo,1725
2069/70,Kalikot,<20 Years,IUD,0
2069/70,Kalikot,>20 years,IUD,8
2069/70,Kalikot,<20 Years,Implant,0
2069/70,Kalikot,>20 years,Implant,70
2069/70,Mugu,,Condom,287
2069/70,Mugu,<20 Years,Pills,36
2069/70,Mugu,>20 years,Pills,271
2069/70,Mugu,<20 Years,Depo,108
2069/70,Mugu,>20 years,Depo,793
2069/70,Mugu,<20 Years,IUD,23
2069/70,Mugu,>20 years,IUD,50
2069/70,Mugu,<20 Years,Implant,0
2069/70,Mugu,>20 years,Implant,93
2069/70,Humla,,Condom,340
2069/70,Humla,<20 Years,Pills,198
2069/70,Humla,>20 years,Pills,895
2069/70,Humla,<20 Years,Depo,177
2069/70,Humla,>20 years,Depo,1246
2069/70,Humla,<20 Years,IUD,2
2069/70,Humla,>20 years,IUD,1
2069/70,Humla,<20 Years,Implant,0
2069/70,Humla,>20 years,Implant,36
2069/70,Bajura,,Condom,1725
2069/70,Bajura,<20 Years,Pills,57
2069/70,Bajura,>20 years,Pills,653
2069/70,Bajura,<20 Years,Depo,91
2069/70,Bajura,>20 years,Depo,1514
2069/70,Bajura,<20 Years,IUD,0
2069/70,Bajura,>20 years,IUD,37
2069/70,Bajura,<20 Years,Implant,8
2069/70,Bajura,>20 years,Implant,271
2069/70,Bajhang,,Condom,1601
2069/70,Bajhang,<20 Years,Pills,40
2069/70,Bajhang,>20 years,Pills,588
2069/70,Bajhang,<20 Years,Depo,40
2069/70,Bajhang,>20 years,Depo,1571
2069/70,Bajhang,<20 Years,IUD,13
2069/70,Bajhang,>20 years,IUD,38
2069/70,Bajhang,<20 Years,Implant,6
2069/70,Bajhang,>20 years,Implant,194
2069/70,Achham,,Condom,4424
2069/70,Achham,<20 Years,Pills,45
2069/70,Achham,>20 years,Pills,1466
2069/70,Achham,<20 Years,Depo,78
2069/70,Achham,>20 years,Depo,2846
2069/70,Achham,<20 Years,IUD,0
2069/70,Achham,>20 years,IUD,169
2069/70,Achham,<20 Years,Implant,0
2069/70,Achham,>20 years,Implant,300
2069/70,Doti,,Condom,2707
2069/70,Doti,<20 Years,Pills,29
2069/70,Doti,>20 years,Pills,1498
2069/70,Doti,<20 Years,Depo,100
2069/70,Doti,>20 years,Depo,3462
2069/70,Doti,<20 Years,IUD,0
2069/70,Doti,>20 years,IUD,205
2069/70,Doti,<20 Years,Implant,9
2069/70,Doti,>20 years,Implant,374
2069/70,Kailali,,Condom,7924
2069/70,Kailali,<20 Years,Pills,121
2069/70,Kailali,>20 years,Pills,2346
2069/70,Kailali,<20 Years,Depo,420
2069/70,Kailali,>20 years,Depo,6406
2069/70,Kailali,<20 Years,IUD,15
2069/70,Kailali,>20 years,IUD,576
2069/70,Kailali,<20 Years,Implant,31
2069/70,Kailali,>20 years,Implant,1006
2069/70,Kanchanpur,,Condom,5221
2069/70,Kanchanpur,<20 Years,Pills,387
2069/70,Kanchanpur,>20 years,Pills,1923
2069/70,Kanchanpur,<20 Years,Depo,344
2069/70,Kanchanpur,>20 years,Depo,4270
2069/70,Kanchanpur,<20 Years,IUD,11
2069/70,Kanchanpur,>20 years,IUD,733
2069/70,Kanchanpur,<20 Years,Implant,5
2069/70,Kanchanpur,>20 years,Implant,479
2069/70,Dadeldhura,,Condom,1105
2069/70,Dadeldhura,<20 Years,Pills,103
2069/70,Dadeldhura,>20 years,Pills,905
2069/70,Dadeldhura,<20 Years,Depo,55
2069/70,Dadeldhura,>20 years,Depo,1682
2069/70,Dadeldhura,<20 Years,IUD,73
2069/70,Dadeldhura,>20 years,IUD,31
2069/70,Dadeldhura,<20 Years,Implant,1
2069/70,Dadeldhura,>20 years,Implant,117
2069/70,Baitadi,,Condom,3086
2069/70,Baitadi,<20 Years,Pills,23
2069/70,Baitadi,>20 years,Pills,1838
2069/70,Baitadi,<20 Years,Depo,57
2069/70,Baitadi,>20 years,Depo,2786
2069/70,Baitadi,<20 Years,IUD,54
2069/70,Baitadi,>20 years,IUD,114
2069/70,Baitadi,<20 Years,Implant,2
2069/70,Baitadi,>20 years,Implant,813
2069/70,Darchula,,Condom,1074
2069/70,Darchula,<20 Years,Pills,15
2069/70,Darchula,>20 years,Pills,1023
2069/70,Darchula,<20 Years,Depo,36
2069/70,Darchula,>20 years,Depo,1676
2069/70,Darchula,<20 Years,IUD,4
2069/70,Darchula,>20 years,IUD,61
2069/70,Darchula,<20 Years,Implant,0
2069/70,Darchula,>20 years,Implant,98
