District,Year,Oral Problem,Number of people
Bhojpur,2066/67,Dental Carries/ Toothache,3705
Bhojpur,2066/67,Periodontal diseases (gum diseases),386
Bhojpur,2066/67,Other disorder of teeth,359
Bhojpur,2066/67,"Oral ulcer,mucosa and other related disease",1170
Dhankuta,2066/67,Dental Carries/ Toothache,2141
Dhankuta,2066/67,Periodontal diseases (gum diseases),410
Dhankuta,2066/67,Other disorder of teeth,280
Dhankuta,2066/67,"Oral ulcer,mucosa and other related disease",816
Ilam,2066/67,Dental Carries/ Toothache,3648
Ilam,2066/67,Periodontal diseases (gum diseases),1403
Ilam,2066/67,Other disorder of teeth,624
Ilam,2066/67,"Oral ulcer,mucosa and other related disease",1280
Jhapa,2066/67,Dental Carries/ Toothache,7688
Jhapa,2066/67,Periodontal diseases (gum diseases),2762
Jhapa,2066/67,Other disorder of teeth,1178
Jhapa,2066/67,"Oral ulcer,mucosa and other related disease",2761
Khotang,2066/67,Dental Carries/ Toothache,4440
Khotang,2066/67,Periodontal diseases (gum diseases),594
Khotang,2066/67,Other disorder of teeth,507
Khotang,2066/67,"Oral ulcer,mucosa and other related disease",878
Morang,2066/67,Dental Carries/ Toothache,8550
Morang,2066/67,Periodontal diseases (gum diseases),1394
Morang,2066/67,Other disorder of teeth,822
Morang,2066/67,"Oral ulcer,mucosa and other related disease",2961
Okhaldhunga,2066/67,Dental Carries/ Toothache,5873
Okhaldhunga,2066/67,Periodontal diseases (gum diseases),1210
Okhaldhunga,2066/67,Other disorder of teeth,692
Okhaldhunga,2066/67,"Oral ulcer,mucosa and other related disease",1684
Panchthar,2066/67,Dental Carries/ Toothache,2718
Panchthar,2066/67,Periodontal diseases (gum diseases),443
Panchthar,2066/67,Other disorder of teeth,260
Panchthar,2066/67,"Oral ulcer,mucosa and other related disease",691
Sankhuwasabha,2066/67,Dental Carries/ Toothache,3815
Sankhuwasabha,2066/67,Periodontal diseases (gum diseases),420
Sankhuwasabha,2066/67,Other disorder of teeth,311
Sankhuwasabha,2066/67,"Oral ulcer,mucosa and other related disease",1000
Saptari,2066/67,Dental Carries/ Toothache,12542
Saptari,2066/67,Periodontal diseases (gum diseases),1630
Saptari,2066/67,Other disorder of teeth,1552
Saptari,2066/67,"Oral ulcer,mucosa and other related disease",2890
Siraha,2066/67,Dental Carries/ Toothache,13535
Siraha,2066/67,Periodontal diseases (gum diseases),2059
Siraha,2066/67,Other disorder of teeth,1620
Siraha,2066/67,"Oral ulcer,mucosa and other related disease",3538
Solukhumbu,2066/67,Dental Carries/ Toothache,3379
Solukhumbu,2066/67,Periodontal diseases (gum diseases),629
Solukhumbu,2066/67,Other disorder of teeth,412
Solukhumbu,2066/67,"Oral ulcer,mucosa and other related disease",648
Sunsari,2066/67,Dental Carries/ Toothache,8328
Sunsari,2066/67,Periodontal diseases (gum diseases),1713
Sunsari,2066/67,Other disorder of teeth,819
Sunsari,2066/67,"Oral ulcer,mucosa and other related disease",4623
Taplejung,2066/67,Dental Carries/ Toothache,3894
Taplejung,2066/67,Periodontal diseases (gum diseases),683
Taplejung,2066/67,Other disorder of teeth,621
Taplejung,2066/67,"Oral ulcer,mucosa and other related disease",642
Teharthum,2066/67,Dental Carries/ Toothache,2359
Teharthum,2066/67,Periodontal diseases (gum diseases),444
Teharthum,2066/67,Other disorder of teeth,289
Teharthum,2066/67,"Oral ulcer,mucosa and other related disease",670
Udaypur,2066/67,Dental Carries/ Toothache,3583
Udaypur,2066/67,Periodontal diseases (gum diseases),889
Udaypur,2066/67,Other disorder of teeth,529
Udaypur,2066/67,"Oral ulcer,mucosa and other related disease",1064
Bara,2066/67,Dental Carries/ Toothache,8257
Bara,2066/67,Periodontal diseases (gum diseases),1483
Bara,2066/67,Other disorder of teeth,1226
Bara,2066/67,"Oral ulcer,mucosa and other related disease",1555
Bhaktapur,2066/67,Dental Carries/ Toothache,3800
Bhaktapur,2066/67,Periodontal diseases (gum diseases),1970
Bhaktapur,2066/67,Other disorder of teeth,1217
Bhaktapur,2066/67,"Oral ulcer,mucosa and other related disease",1238
Chitwan,2066/67,Dental Carries/ Toothache,5769
Chitwan,2066/67,Periodontal diseases (gum diseases),2513
Chitwan,2066/67,Other disorder of teeth,1208
Chitwan,2066/67,"Oral ulcer,mucosa and other related disease",3525
Dhading,2066/67,Dental Carries/ Toothache,5537
Dhading,2066/67,Periodontal diseases (gum diseases),840
Dhading,2066/67,Other disorder of teeth,344
Dhading,2066/67,"Oral ulcer,mucosa and other related disease",1917
Dhanusha,2066/67,Dental Carries/ Toothache,15814
Dhanusha,2066/67,Periodontal diseases (gum diseases),2707
Dhanusha,2066/67,Other disorder of teeth,2632
Dhanusha,2066/67,"Oral ulcer,mucosa and other related disease",2943
Dolkha,2066/67,Dental Carries/ Toothache,6814
Dolkha,2066/67,Periodontal diseases (gum diseases),2770
Dolkha,2066/67,Other disorder of teeth,2721
Dolkha,2066/67,"Oral ulcer,mucosa and other related disease",2313
Kathmandu,2066/67,Dental Carries/ Toothache,24497
Kathmandu,2066/67,Periodontal diseases (gum diseases),8150
Kathmandu,2066/67,Other disorder of teeth,6678
Kathmandu,2066/67,"Oral ulcer,mucosa and other related disease",4448
Kavre,2066/67,Dental Carries/ Toothache,8950
Kavre,2066/67,Periodontal diseases (gum diseases),1891
Kavre,2066/67,Other disorder of teeth,1000
Kavre,2066/67,"Oral ulcer,mucosa and other related disease",3175
Lalitpur,2066/67,Dental Carries/ Toothache,0
Lalitpur,2066/67,Periodontal diseases (gum diseases),0
Lalitpur,2066/67,Other disorder of teeth,0
Lalitpur,2066/67,"Oral ulcer,mucosa and other related disease",0
Mahottari,2066/67,Dental Carries/ Toothache,9595
Mahottari,2066/67,Periodontal diseases (gum diseases),1576
Mahottari,2066/67,Other disorder of teeth,1252
Mahottari,2066/67,"Oral ulcer,mucosa and other related disease",1649
Makawanpur,2066/67,Dental Carries/ Toothache,3557
Makawanpur,2066/67,Periodontal diseases (gum diseases),647
Makawanpur,2066/67,Other disorder of teeth,224
Makawanpur,2066/67,"Oral ulcer,mucosa and other related disease",1771
Nuwakot,2066/67,Dental Carries/ Toothache,3214
Nuwakot,2066/67,Periodontal diseases (gum diseases),672
Nuwakot,2066/67,Other disorder of teeth,459
Nuwakot,2066/67,"Oral ulcer,mucosa and other related disease",1468
Parsa,2066/67,Dental Carries/ Toothache,0
Parsa,2066/67,Periodontal diseases (gum diseases),0
Parsa,2066/67,Other disorder of teeth,0
Parsa,2066/67,"Oral ulcer,mucosa and other related disease",0
Ramechhap,2066/67,Dental Carries/ Toothache,6164
Ramechhap,2066/67,Periodontal diseases (gum diseases),507
Ramechhap,2066/67,Other disorder of teeth,199
Ramechhap,2066/67,"Oral ulcer,mucosa and other related disease",941
Rasuwa,2066/67,Dental Carries/ Toothache,783
Rasuwa,2066/67,Periodontal diseases (gum diseases),59
Rasuwa,2066/67,Other disorder of teeth,96
Rasuwa,2066/67,"Oral ulcer,mucosa and other related disease",416
Rautahat,2066/67,Dental Carries/ Toothache,7454
Rautahat,2066/67,Periodontal diseases (gum diseases),988
Rautahat,2066/67,Other disorder of teeth,2428
Rautahat,2066/67,"Oral ulcer,mucosa and other related disease",1319
Sarlahi,2066/67,Dental Carries/ Toothache,11188
Sarlahi,2066/67,Periodontal diseases (gum diseases),1863
Sarlahi,2066/67,Other disorder of teeth,1456
Sarlahi,2066/67,"Oral ulcer,mucosa and other related disease",2458
Sindhuli,2066/67,Dental Carries/ Toothache,2931
Sindhuli,2066/67,Periodontal diseases (gum diseases),509
Sindhuli,2066/67,Other disorder of teeth,549
Sindhuli,2066/67,"Oral ulcer,mucosa and other related disease",946
Sindhupalchowk,2066/67,Dental Carries/ Toothache,4777
Sindhupalchowk,2066/67,Periodontal diseases (gum diseases),645
Sindhupalchowk,2066/67,Other disorder of teeth,460
Sindhupalchowk,2066/67,"Oral ulcer,mucosa and other related disease",1577
Arghakhanchi,2066/67,Dental Carries/ Toothache,3593
Arghakhanchi,2066/67,Periodontal diseases (gum diseases),666
Arghakhanchi,2066/67,Other disorder of teeth,359
Arghakhanchi,2066/67,"Oral ulcer,mucosa and other related disease",959
Baglung,2066/67,Dental Carries/ Toothache,5797
Baglung,2066/67,Periodontal diseases (gum diseases),716
Baglung,2066/67,Other disorder of teeth,749
Baglung,2066/67,"Oral ulcer,mucosa and other related disease",1291
Gorkha,2066/67,Dental Carries/ Toothache,6548
Gorkha,2066/67,Periodontal diseases (gum diseases),787
Gorkha,2066/67,Other disorder of teeth,651
Gorkha,2066/67,"Oral ulcer,mucosa and other related disease",1633
Gulmi,2066/67,Dental Carries/ Toothache,6186
Gulmi,2066/67,Periodontal diseases (gum diseases),949
Gulmi,2066/67,Other disorder of teeth,903
Gulmi,2066/67,"Oral ulcer,mucosa and other related disease",1833
Kapilvastu,2066/67,Dental Carries/ Toothache,8002
Kapilvastu,2066/67,Periodontal diseases (gum diseases),1591
Kapilvastu,2066/67,Other disorder of teeth,2283
Kapilvastu,2066/67,"Oral ulcer,mucosa and other related disease",2683
Kaski,2066/67,Dental Carries/ Toothache,7982
Kaski,2066/67,Periodontal diseases (gum diseases),1886
Kaski,2066/67,Other disorder of teeth,8679
Kaski,2066/67,"Oral ulcer,mucosa and other related disease",4999
Lamjung,2066/67,Dental Carries/ Toothache,3864
Lamjung,2066/67,Periodontal diseases (gum diseases),685
Lamjung,2066/67,Other disorder of teeth,747
Lamjung,2066/67,"Oral ulcer,mucosa and other related disease",1011
Manang,2066/67,Dental Carries/ Toothache,372
Manang,2066/67,Periodontal diseases (gum diseases),23
Manang,2066/67,Other disorder of teeth,42
Manang,2066/67,"Oral ulcer,mucosa and other related disease",69
Mustang,2066/67,Dental Carries/ Toothache,849
Mustang,2066/67,Periodontal diseases (gum diseases),50
Mustang,2066/67,Other disorder of teeth,10
Mustang,2066/67,"Oral ulcer,mucosa and other related disease",207
Myagdi,2066/67,Dental Carries/ Toothache,3602
Myagdi,2066/67,Periodontal diseases (gum diseases),749
Myagdi,2066/67,Other disorder of teeth,406
Myagdi,2066/67,"Oral ulcer,mucosa and other related disease",772
Nawalparasi,2066/67,Dental Carries/ Toothache,5271
Nawalparasi,2066/67,Periodontal diseases (gum diseases),985
Nawalparasi,2066/67,Other disorder of teeth,210
Nawalparasi,2066/67,"Oral ulcer,mucosa and other related disease",1737
Palpa,2066/67,Dental Carries/ Toothache,5957
Palpa,2066/67,Periodontal diseases (gum diseases),1317
Palpa,2066/67,Other disorder of teeth,1996
Palpa,2066/67,"Oral ulcer,mucosa and other related disease",933
Parbat,2066/67,Dental Carries/ Toothache,4738
Parbat,2066/67,Periodontal diseases (gum diseases),515
Parbat,2066/67,Other disorder of teeth,203
Parbat,2066/67,"Oral ulcer,mucosa and other related disease",610
Rupandehi,2066/67,Dental Carries/ Toothache,0
Rupandehi,2066/67,Periodontal diseases (gum diseases),0
Rupandehi,2066/67,Other disorder of teeth,0
Rupandehi,2066/67,"Oral ulcer,mucosa and other related disease",0
Syangja,2066/67,Dental Carries/ Toothache,7019
Syangja,2066/67,Periodontal diseases (gum diseases),1000
Syangja,2066/67,Other disorder of teeth,368
Syangja,2066/67,"Oral ulcer,mucosa and other related disease",1538
Tanahu,2066/67,Dental Carries/ Toothache,5642
Tanahu,2066/67,Periodontal diseases (gum diseases),313
Tanahu,2066/67,Other disorder of teeth,335
Tanahu,2066/67,"Oral ulcer,mucosa and other related disease",590
Banke,2066/67,Dental Carries/ Toothache,5303
Banke,2066/67,Periodontal diseases (gum diseases),824
Banke,2066/67,Other disorder of teeth,184
Banke,2066/67,"Oral ulcer,mucosa and other related disease",5488
Bardiya,2066/67,Dental Carries/ Toothache,4710
Bardiya,2066/67,Periodontal diseases (gum diseases),968
Bardiya,2066/67,Other disorder of teeth,432
Bardiya,2066/67,"Oral ulcer,mucosa and other related disease",3646
Dailekh,2066/67,Dental Carries/ Toothache,5204
Dailekh,2066/67,Periodontal diseases (gum diseases),591
Dailekh,2066/67,Other disorder of teeth,459
Dailekh,2066/67,"Oral ulcer,mucosa and other related disease",1213
Dang,2066/67,Dental Carries/ Toothache,5312
Dang,2066/67,Periodontal diseases (gum diseases),1410
Dang,2066/67,Other disorder of teeth,2266
Dang,2066/67,"Oral ulcer,mucosa and other related disease",2054
Dolpa,2066/67,Dental Carries/ Toothache,801
Dolpa,2066/67,Periodontal diseases (gum diseases),171
Dolpa,2066/67,Other disorder of teeth,215
Dolpa,2066/67,"Oral ulcer,mucosa and other related disease",117
Humla,2066/67,Dental Carries/ Toothache,2848
Humla,2066/67,Periodontal diseases (gum diseases),654
Humla,2066/67,Other disorder of teeth,589
Humla,2066/67,"Oral ulcer,mucosa and other related disease",638
Jajarkot,2066/67,Dental Carries/ Toothache,3697
Jajarkot,2066/67,Periodontal diseases (gum diseases),494
Jajarkot,2066/67,Other disorder of teeth,267
Jajarkot,2066/67,"Oral ulcer,mucosa and other related disease",461
Jumla,2066/67,Dental Carries/ Toothache,2482
Jumla,2066/67,Periodontal diseases (gum diseases),292
Jumla,2066/67,Other disorder of teeth,139
Jumla,2066/67,"Oral ulcer,mucosa and other related disease",252
Kalikot,2066/67,Dental Carries/ Toothache,2185
Kalikot,2066/67,Periodontal diseases (gum diseases),385
Kalikot,2066/67,Other disorder of teeth,226
Kalikot,2066/67,"Oral ulcer,mucosa and other related disease",501
Mugu,2066/67,Dental Carries/ Toothache,1466
Mugu,2066/67,Periodontal diseases (gum diseases),299
Mugu,2066/67,Other disorder of teeth,112
Mugu,2066/67,"Oral ulcer,mucosa and other related disease",119
Pyuthan,2066/67,Dental Carries/ Toothache,4159
Pyuthan,2066/67,Periodontal diseases (gum diseases),630
Pyuthan,2066/67,Other disorder of teeth,303
Pyuthan,2066/67,"Oral ulcer,mucosa and other related disease",1258
Rolpa,2066/67,Dental Carries/ Toothache,3298
Rolpa,2066/67,Periodontal diseases (gum diseases),364
Rolpa,2066/67,Other disorder of teeth,142
Rolpa,2066/67,"Oral ulcer,mucosa and other related disease",1634
Rukum,2066/67,Dental Carries/ Toothache,4781
Rukum,2066/67,Periodontal diseases (gum diseases),976
Rukum,2066/67,Other disorder of teeth,598
Rukum,2066/67,"Oral ulcer,mucosa and other related disease",970
Salyan,2066/67,Dental Carries/ Toothache,5402
Salyan,2066/67,Periodontal diseases (gum diseases),775
Salyan,2066/67,Other disorder of teeth,410
Salyan,2066/67,"Oral ulcer,mucosa and other related disease",1459
Surkhet,2066/67,Dental Carries/ Toothache,6082
Surkhet,2066/67,Periodontal diseases (gum diseases),1189
Surkhet,2066/67,Other disorder of teeth,627
Surkhet,2066/67,"Oral ulcer,mucosa and other related disease",2139
Achham,2066/67,Dental Carries/ Toothache,4644
Achham,2066/67,Periodontal diseases (gum diseases),556
Achham,2066/67,Other disorder of teeth,262
Achham,2066/67,"Oral ulcer,mucosa and other related disease",1399
Baitadi,2066/67,Dental Carries/ Toothache,8190
Baitadi,2066/67,Periodontal diseases (gum diseases),439
Baitadi,2066/67,Other disorder of teeth,481
Baitadi,2066/67,"Oral ulcer,mucosa and other related disease",1493
Bajhang,2066/67,Dental Carries/ Toothache,3916
Bajhang,2066/67,Periodontal diseases (gum diseases),268
Bajhang,2066/67,Other disorder of teeth,244
Bajhang,2066/67,"Oral ulcer,mucosa and other related disease",571
Bajura,2066/67,Dental Carries/ Toothache,3362
Bajura,2066/67,Periodontal diseases (gum diseases),372
Bajura,2066/67,Other disorder of teeth,253
Bajura,2066/67,"Oral ulcer,mucosa and other related disease",451
Dadeldhura,2066/67,Dental Carries/ Toothache,3701
Dadeldhura,2066/67,Periodontal diseases (gum diseases),435
Dadeldhura,2066/67,Other disorder of teeth,250
Dadeldhura,2066/67,"Oral ulcer,mucosa and other related disease",601
Darchula,2066/67,Dental Carries/ Toothache,5781
Darchula,2066/67,Periodontal diseases (gum diseases),534
Darchula,2066/67,Other disorder of teeth,202
Darchula,2066/67,"Oral ulcer,mucosa and other related disease",452
Doti,2066/67,Dental Carries/ Toothache,4363
Doti,2066/67,Periodontal diseases (gum diseases),385
Doti,2066/67,Other disorder of teeth,384
Doti,2066/67,"Oral ulcer,mucosa and other related disease",619
Kailali,2066/67,Dental Carries/ Toothache,4038
Kailali,2066/67,Periodontal diseases (gum diseases),767
Kailali,2066/67,Other disorder of teeth,523
Kailali,2066/67,"Oral ulcer,mucosa and other related disease",2486
Kanchanpur,2066/67,Dental Carries/ Toothache,2385
Kanchanpur,2066/67,Periodontal diseases (gum diseases),440
Kanchanpur,2066/67,Other disorder of teeth,214
Kanchanpur,2066/67,"Oral ulcer,mucosa and other related disease",1958
Taplejung,2067/68,Dental Carries/ Toothache,3868
Taplejung,2067/68,Periodontal diseases (gum diseases),673
Taplejung,2067/68,Other disorder of teeth,653
Taplejung,2067/68,"Oral ulcer,mucosa and other related disease",885
Panchthar,2067/68,Dental Carries/ Toothache,2165
Panchthar,2067/68,Periodontal diseases (gum diseases),573
Panchthar,2067/68,Other disorder of teeth,238
Panchthar,2067/68,"Oral ulcer,mucosa and other related disease",734
Ilam,2067/68,Dental Carries/ Toothache,3223
Ilam,2067/68,Periodontal diseases (gum diseases),890
Ilam,2067/68,Other disorder of teeth,426
Ilam,2067/68,"Oral ulcer,mucosa and other related disease",1503
Jhapa,2067/68,Dental Carries/ Toothache,8576
Jhapa,2067/68,Periodontal diseases (gum diseases),2682
Jhapa,2067/68,Other disorder of teeth,1071
Jhapa,2067/68,"Oral ulcer,mucosa and other related disease",2961
Morang,2067/68,Dental Carries/ Toothache,8247
Morang,2067/68,Periodontal diseases (gum diseases),1447
Morang,2067/68,Other disorder of teeth,784
Morang,2067/68,"Oral ulcer,mucosa and other related disease",3264
Sunsari,2067/68,Dental Carries/ Toothache,8806
Sunsari,2067/68,Periodontal diseases (gum diseases),1784
Sunsari,2067/68,Other disorder of teeth,1038
Sunsari,2067/68,"Oral ulcer,mucosa and other related disease",3839
Dhankuta,2067/68,Dental Carries/ Toothache,1987
Dhankuta,2067/68,Periodontal diseases (gum diseases),375
Dhankuta,2067/68,Other disorder of teeth,210
Dhankuta,2067/68,"Oral ulcer,mucosa and other related disease",893
Teharthum,2067/68,Dental Carries/ Toothache,2645
Teharthum,2067/68,Periodontal diseases (gum diseases),437
Teharthum,2067/68,Other disorder of teeth,205
Teharthum,2067/68,"Oral ulcer,mucosa and other related disease",721
Sankhuwasabha,2067/68,Dental Carries/ Toothache,4042
Sankhuwasabha,2067/68,Periodontal diseases (gum diseases),462
Sankhuwasabha,2067/68,Other disorder of teeth,385
Sankhuwasabha,2067/68,"Oral ulcer,mucosa and other related disease",1355
Bhojpur,2067/68,Dental Carries/ Toothache,4055
Bhojpur,2067/68,Periodontal diseases (gum diseases),555
Bhojpur,2067/68,Other disorder of teeth,319
Bhojpur,2067/68,"Oral ulcer,mucosa and other related disease",998
Solukhumbu,2067/68,Dental Carries/ Toothache,3683
Solukhumbu,2067/68,Periodontal diseases (gum diseases),544
Solukhumbu,2067/68,Other disorder of teeth,440
Solukhumbu,2067/68,"Oral ulcer,mucosa and other related disease",723
Okhaldhunga,2067/68,Dental Carries/ Toothache,4818
Okhaldhunga,2067/68,Periodontal diseases (gum diseases),883
Okhaldhunga,2067/68,Other disorder of teeth,643
Okhaldhunga,2067/68,"Oral ulcer,mucosa and other related disease",1530
Khotang,2067/68,Dental Carries/ Toothache,4062
Khotang,2067/68,Periodontal diseases (gum diseases),791
Khotang,2067/68,Other disorder of teeth,419
Khotang,2067/68,"Oral ulcer,mucosa and other related disease",873
Udaypur,2067/68,Dental Carries/ Toothache,4421
Udaypur,2067/68,Periodontal diseases (gum diseases),886
Udaypur,2067/68,Other disorder of teeth,531
Udaypur,2067/68,"Oral ulcer,mucosa and other related disease",1680
Saptari,2067/68,Dental Carries/ Toothache,11128
Saptari,2067/68,Periodontal diseases (gum diseases),1478
Saptari,2067/68,Other disorder of teeth,1298
Saptari,2067/68,"Oral ulcer,mucosa and other related disease",2417
Siraha,2067/68,Dental Carries/ Toothache,12937
Siraha,2067/68,Periodontal diseases (gum diseases),1567
Siraha,2067/68,Other disorder of teeth,1218
Siraha,2067/68,"Oral ulcer,mucosa and other related disease",2492
Dhanusha,2067/68,Dental Carries/ Toothache,15600
Dhanusha,2067/68,Periodontal diseases (gum diseases),2504
Dhanusha,2067/68,Other disorder of teeth,1943
Dhanusha,2067/68,"Oral ulcer,mucosa and other related disease",2787
Mahottari,2067/68,Dental Carries/ Toothache,9438
Mahottari,2067/68,Periodontal diseases (gum diseases),1383
Mahottari,2067/68,Other disorder of teeth,1182
Mahottari,2067/68,"Oral ulcer,mucosa and other related disease",1538
Sarlahi,2067/68,Dental Carries/ Toothache,10883
Sarlahi,2067/68,Periodontal diseases (gum diseases),2003
Sarlahi,2067/68,Other disorder of teeth,1577
Sarlahi,2067/68,"Oral ulcer,mucosa and other related disease",1943
Sindhuli,2067/68,Dental Carries/ Toothache,2914
Sindhuli,2067/68,Periodontal diseases (gum diseases),542
Sindhuli,2067/68,Other disorder of teeth,259
Sindhuli,2067/68,"Oral ulcer,mucosa and other related disease",896
Ramechhap,2067/68,Dental Carries/ Toothache,5694
Ramechhap,2067/68,Periodontal diseases (gum diseases),687
Ramechhap,2067/68,Other disorder of teeth,92
Ramechhap,2067/68,"Oral ulcer,mucosa and other related disease",1007
Dolkha,2067/68,Dental Carries/ Toothache,6625
Dolkha,2067/68,Periodontal diseases (gum diseases),2691
Dolkha,2067/68,Other disorder of teeth,1801
Dolkha,2067/68,"Oral ulcer,mucosa and other related disease",2742
Sindhupalchowk,2067/68,Dental Carries/ Toothache,4589
Sindhupalchowk,2067/68,Periodontal diseases (gum diseases),749
Sindhupalchowk,2067/68,Other disorder of teeth,315
Sindhupalchowk,2067/68,"Oral ulcer,mucosa and other related disease",1413
Kavre,2067/68,Dental Carries/ Toothache,9001
Kavre,2067/68,Periodontal diseases (gum diseases),1820
Kavre,2067/68,Other disorder of teeth,1830
Kavre,2067/68,"Oral ulcer,mucosa and other related disease",3309
Lalitpur,2067/68,Dental Carries/ Toothache,0
Lalitpur,2067/68,Periodontal diseases (gum diseases),0
Lalitpur,2067/68,Other disorder of teeth,0
Lalitpur,2067/68,"Oral ulcer,mucosa and other related disease",0
Bhaktapur,2067/68,Dental Carries/ Toothache,8001
Bhaktapur,2067/68,Periodontal diseases (gum diseases),2799
Bhaktapur,2067/68,Other disorder of teeth,1521
Bhaktapur,2067/68,"Oral ulcer,mucosa and other related disease",1539
Kathmandu,2067/68,Dental Carries/ Toothache,23415
Kathmandu,2067/68,Periodontal diseases (gum diseases),7709
Kathmandu,2067/68,Other disorder of teeth,6799
Kathmandu,2067/68,"Oral ulcer,mucosa and other related disease",6726
Nuwakot,2067/68,Dental Carries/ Toothache,3515
Nuwakot,2067/68,Periodontal diseases (gum diseases),713
Nuwakot,2067/68,Other disorder of teeth,494
Nuwakot,2067/68,"Oral ulcer,mucosa and other related disease",1434
Rasuwa,2067/68,Dental Carries/ Toothache,863
Rasuwa,2067/68,Periodontal diseases (gum diseases),131
Rasuwa,2067/68,Other disorder of teeth,52
Rasuwa,2067/68,"Oral ulcer,mucosa and other related disease",400
Dhading,2067/68,Dental Carries/ Toothache,6395
Dhading,2067/68,Periodontal diseases (gum diseases),1078
Dhading,2067/68,Other disorder of teeth,512
Dhading,2067/68,"Oral ulcer,mucosa and other related disease",2367
Makawanpur,2067/68,Dental Carries/ Toothache,3207
Makawanpur,2067/68,Periodontal diseases (gum diseases),614
Makawanpur,2067/68,Other disorder of teeth,203
Makawanpur,2067/68,"Oral ulcer,mucosa and other related disease",2094
Rautahat,2067/68,Dental Carries/ Toothache,7621
Rautahat,2067/68,Periodontal diseases (gum diseases),1322
Rautahat,2067/68,Other disorder of teeth,1197
Rautahat,2067/68,"Oral ulcer,mucosa and other related disease",984
Bara,2067/68,Dental Carries/ Toothache,10193
Bara,2067/68,Periodontal diseases (gum diseases),1451
Bara,2067/68,Other disorder of teeth,1000
Bara,2067/68,"Oral ulcer,mucosa and other related disease",1624
Parsa,2067/68,Dental Carries/ Toothache,0
Parsa,2067/68,Periodontal diseases (gum diseases),0
Parsa,2067/68,Other disorder of teeth,0
Parsa,2067/68,"Oral ulcer,mucosa and other related disease",0
Chitwan,2067/68,Dental Carries/ Toothache,7521
Chitwan,2067/68,Periodontal diseases (gum diseases),3864
Chitwan,2067/68,Other disorder of teeth,2498
Chitwan,2067/68,"Oral ulcer,mucosa and other related disease",4101
Gorkha,2067/68,Dental Carries/ Toothache,6793
Gorkha,2067/68,Periodontal diseases (gum diseases),969
Gorkha,2067/68,Other disorder of teeth,636
Gorkha,2067/68,"Oral ulcer,mucosa and other related disease",1823
Lamjung,2067/68,Dental Carries/ Toothache,4333
Lamjung,2067/68,Periodontal diseases (gum diseases),626
Lamjung,2067/68,Other disorder of teeth,368
Lamjung,2067/68,"Oral ulcer,mucosa and other related disease",1139
Tanahu,2067/68,Dental Carries/ Toothache,4630
Tanahu,2067/68,Periodontal diseases (gum diseases),278
Tanahu,2067/68,Other disorder of teeth,337
Tanahu,2067/68,"Oral ulcer,mucosa and other related disease",791
Syangja,2067/68,Dental Carries/ Toothache,6730
Syangja,2067/68,Periodontal diseases (gum diseases),852
Syangja,2067/68,Other disorder of teeth,496
Syangja,2067/68,"Oral ulcer,mucosa and other related disease",1489
Kaski,2067/68,Dental Carries/ Toothache,9006
Kaski,2067/68,Periodontal diseases (gum diseases),1920
Kaski,2067/68,Other disorder of teeth,8412
Kaski,2067/68,"Oral ulcer,mucosa and other related disease",5578
Manang,2067/68,Dental Carries/ Toothache,405
Manang,2067/68,Periodontal diseases (gum diseases),26
Manang,2067/68,Other disorder of teeth,14
Manang,2067/68,"Oral ulcer,mucosa and other related disease",77
Mustang,2067/68,Dental Carries/ Toothache,781
Mustang,2067/68,Periodontal diseases (gum diseases),20
Mustang,2067/68,Other disorder of teeth,8
Mustang,2067/68,"Oral ulcer,mucosa and other related disease",142
Myagdi,2067/68,Dental Carries/ Toothache,3200
Myagdi,2067/68,Periodontal diseases (gum diseases),515
Myagdi,2067/68,Other disorder of teeth,180
Myagdi,2067/68,"Oral ulcer,mucosa and other related disease",645
Parbat,2067/68,Dental Carries/ Toothache,4602
Parbat,2067/68,Periodontal diseases (gum diseases),499
Parbat,2067/68,Other disorder of teeth,251
Parbat,2067/68,"Oral ulcer,mucosa and other related disease",749
Baglung,2067/68,Dental Carries/ Toothache,7391
Baglung,2067/68,Periodontal diseases (gum diseases),833
Baglung,2067/68,Other disorder of teeth,501
Baglung,2067/68,"Oral ulcer,mucosa and other related disease",1239
Gulmi,2067/68,Dental Carries/ Toothache,7212
Gulmi,2067/68,Periodontal diseases (gum diseases),901
Gulmi,2067/68,Other disorder of teeth,530
Gulmi,2067/68,"Oral ulcer,mucosa and other related disease",1440
Palpa,2067/68,Dental Carries/ Toothache,6754
Palpa,2067/68,Periodontal diseases (gum diseases),1375
Palpa,2067/68,Other disorder of teeth,2399
Palpa,2067/68,"Oral ulcer,mucosa and other related disease",938
Nawalparasi,2067/68,Dental Carries/ Toothache,4730
Nawalparasi,2067/68,Periodontal diseases (gum diseases),898
Nawalparasi,2067/68,Other disorder of teeth,256
Nawalparasi,2067/68,"Oral ulcer,mucosa and other related disease",1906
Rupandehi,2067/68,Dental Carries/ Toothache,0
Rupandehi,2067/68,Periodontal diseases (gum diseases),0
Rupandehi,2067/68,Other disorder of teeth,0
Rupandehi,2067/68,"Oral ulcer,mucosa and other related disease",0
Kapilvastu,2067/68,Dental Carries/ Toothache,7695
Kapilvastu,2067/68,Periodontal diseases (gum diseases),2592
Kapilvastu,2067/68,Other disorder of teeth,1295
Kapilvastu,2067/68,"Oral ulcer,mucosa and other related disease",2625
Arghakhanchi,2067/68,Dental Carries/ Toothache,3515
Arghakhanchi,2067/68,Periodontal diseases (gum diseases),700
Arghakhanchi,2067/68,Other disorder of teeth,577
Arghakhanchi,2067/68,"Oral ulcer,mucosa and other related disease",1011
Pyuthan,2067/68,Dental Carries/ Toothache,3867
Pyuthan,2067/68,Periodontal diseases (gum diseases),445
Pyuthan,2067/68,Other disorder of teeth,230
Pyuthan,2067/68,"Oral ulcer,mucosa and other related disease",941
Rolpa,2067/68,Dental Carries/ Toothache,3764
Rolpa,2067/68,Periodontal diseases (gum diseases),365
Rolpa,2067/68,Other disorder of teeth,119
Rolpa,2067/68,"Oral ulcer,mucosa and other related disease",849
Rukum,2067/68,Dental Carries/ Toothache,4412
Rukum,2067/68,Periodontal diseases (gum diseases),837
Rukum,2067/68,Other disorder of teeth,522
Rukum,2067/68,"Oral ulcer,mucosa and other related disease",674
Salyan,2067/68,Dental Carries/ Toothache,5745
Salyan,2067/68,Periodontal diseases (gum diseases),1004
Salyan,2067/68,Other disorder of teeth,612
Salyan,2067/68,"Oral ulcer,mucosa and other related disease",1544
Dang,2067/68,Dental Carries/ Toothache,6244
Dang,2067/68,Periodontal diseases (gum diseases),1616
Dang,2067/68,Other disorder of teeth,1083
Dang,2067/68,"Oral ulcer,mucosa and other related disease",2378
Banke,2067/68,Dental Carries/ Toothache,6614
Banke,2067/68,Periodontal diseases (gum diseases),1356
Banke,2067/68,Other disorder of teeth,339
Banke,2067/68,"Oral ulcer,mucosa and other related disease",4776
Bardiya,2067/68,Dental Carries/ Toothache,4825
Bardiya,2067/68,Periodontal diseases (gum diseases),949
Bardiya,2067/68,Other disorder of teeth,356
Bardiya,2067/68,"Oral ulcer,mucosa and other related disease",3770
Surkhet,2067/68,Dental Carries/ Toothache,5990
Surkhet,2067/68,Periodontal diseases (gum diseases),862
Surkhet,2067/68,Other disorder of teeth,460
Surkhet,2067/68,"Oral ulcer,mucosa and other related disease",2275
Dailekh,2067/68,Dental Carries/ Toothache,5245
Dailekh,2067/68,Periodontal diseases (gum diseases),507
Dailekh,2067/68,Other disorder of teeth,325
Dailekh,2067/68,"Oral ulcer,mucosa and other related disease",1210
Jajarkot,2067/68,Dental Carries/ Toothache,4081
Jajarkot,2067/68,Periodontal diseases (gum diseases),645
Jajarkot,2067/68,Other disorder of teeth,291
Jajarkot,2067/68,"Oral ulcer,mucosa and other related disease",822
Dolpa,2067/68,Dental Carries/ Toothache,771
Dolpa,2067/68,Periodontal diseases (gum diseases),145
Dolpa,2067/68,Other disorder of teeth,143
Dolpa,2067/68,"Oral ulcer,mucosa and other related disease",72
Jumla,2067/68,Dental Carries/ Toothache,2608
Jumla,2067/68,Periodontal diseases (gum diseases),339
Jumla,2067/68,Other disorder of teeth,116
Jumla,2067/68,"Oral ulcer,mucosa and other related disease",251
Kalikot,2067/68,Dental Carries/ Toothache,2116
Kalikot,2067/68,Periodontal diseases (gum diseases),335
Kalikot,2067/68,Other disorder of teeth,240
Kalikot,2067/68,"Oral ulcer,mucosa and other related disease",517
Mugu,2067/68,Dental Carries/ Toothache,1666
Mugu,2067/68,Periodontal diseases (gum diseases),177
Mugu,2067/68,Other disorder of teeth,88
Mugu,2067/68,"Oral ulcer,mucosa and other related disease",105
Humla,2067/68,Dental Carries/ Toothache,2184
Humla,2067/68,Periodontal diseases (gum diseases),473
Humla,2067/68,Other disorder of teeth,278
Humla,2067/68,"Oral ulcer,mucosa and other related disease",579
Bajura,2067/68,Dental Carries/ Toothache,3098
Bajura,2067/68,Periodontal diseases (gum diseases),195
Bajura,2067/68,Other disorder of teeth,258
Bajura,2067/68,"Oral ulcer,mucosa and other related disease",485
Bajhang,2067/68,Dental Carries/ Toothache,4791
Bajhang,2067/68,Periodontal diseases (gum diseases),320
Bajhang,2067/68,Other disorder of teeth,232
Bajhang,2067/68,"Oral ulcer,mucosa and other related disease",630
Achham,2067/68,Dental Carries/ Toothache,4584
Achham,2067/68,Periodontal diseases (gum diseases),364
Achham,2067/68,Other disorder of teeth,249
Achham,2067/68,"Oral ulcer,mucosa and other related disease",959
Doti,2067/68,Dental Carries/ Toothache,4490
Doti,2067/68,Periodontal diseases (gum diseases),229
Doti,2067/68,Other disorder of teeth,295
Doti,2067/68,"Oral ulcer,mucosa and other related disease",656
Kailali,2067/68,Dental Carries/ Toothache,3691
Kailali,2067/68,Periodontal diseases (gum diseases),827
Kailali,2067/68,Other disorder of teeth,530
Kailali,2067/68,"Oral ulcer,mucosa and other related disease",2305
Kanchanpur,2067/68,Dental Carries/ Toothache,3624
Kanchanpur,2067/68,Periodontal diseases (gum diseases),380
Kanchanpur,2067/68,Other disorder of teeth,354
Kanchanpur,2067/68,"Oral ulcer,mucosa and other related disease",2366
Dadeldhura,2067/68,Dental Carries/ Toothache,3117
Dadeldhura,2067/68,Periodontal diseases (gum diseases),418
Dadeldhura,2067/68,Other disorder of teeth,181
Dadeldhura,2067/68,"Oral ulcer,mucosa and other related disease",777
Baitadi,2067/68,Dental Carries/ Toothache,8258
Baitadi,2067/68,Periodontal diseases (gum diseases),416
Baitadi,2067/68,Other disorder of teeth,372
Baitadi,2067/68,"Oral ulcer,mucosa and other related disease",1536
Darchula,2067/68,Dental Carries/ Toothache,4442
Darchula,2067/68,Periodontal diseases (gum diseases),804
Darchula,2067/68,Other disorder of teeth,262
Darchula,2067/68,"Oral ulcer,mucosa and other related disease",333
Taplejung,2068/69,Dental Carries/ Toothache,2968
Taplejung,2068/69,Periodontal diseases (gum diseases),511
Taplejung,2068/69,Other disorder of teeth,550
Taplejung,2068/69,"Oral ulcer,mucosa and other related disease",881
Panchthar,2068/69,Dental Carries/ Toothache,2302
Panchthar,2068/69,Periodontal diseases (gum diseases),513
Panchthar,2068/69,Other disorder of teeth,91
Panchthar,2068/69,"Oral ulcer,mucosa and other related disease",604
Ilam,2068/69,Dental Carries/ Toothache,2965
Ilam,2068/69,Periodontal diseases (gum diseases),569
Ilam,2068/69,Other disorder of teeth,376
Ilam,2068/69,"Oral ulcer,mucosa and other related disease",1435
Jhapa,2068/69,Dental Carries/ Toothache,10371
Jhapa,2068/69,Periodontal diseases (gum diseases),4050
Jhapa,2068/69,Other disorder of teeth,1798
Jhapa,2068/69,"Oral ulcer,mucosa and other related disease",3181
Morang,2068/69,Dental Carries/ Toothache,9208
Morang,2068/69,Periodontal diseases (gum diseases),1499
Morang,2068/69,Other disorder of teeth,965
Morang,2068/69,"Oral ulcer,mucosa and other related disease",4284
Sunsari,2068/69,Dental Carries/ Toothache,9279
Sunsari,2068/69,Periodontal diseases (gum diseases),2012
Sunsari,2068/69,Other disorder of teeth,1061
Sunsari,2068/69,"Oral ulcer,mucosa and other related disease",4396
Dhankuta,2068/69,Dental Carries/ Toothache,2467
Dhankuta,2068/69,Periodontal diseases (gum diseases),604
Dhankuta,2068/69,Other disorder of teeth,336
Dhankuta,2068/69,"Oral ulcer,mucosa and other related disease",940
Teharthum,2068/69,Dental Carries/ Toothache,2548
Teharthum,2068/69,Periodontal diseases (gum diseases),390
Teharthum,2068/69,Other disorder of teeth,175
Teharthum,2068/69,"Oral ulcer,mucosa and other related disease",776
Sankhuwasabha,2068/69,Dental Carries/ Toothache,3081
Sankhuwasabha,2068/69,Periodontal diseases (gum diseases),413
Sankhuwasabha,2068/69,Other disorder of teeth,341
Sankhuwasabha,2068/69,"Oral ulcer,mucosa and other related disease",1165
Bhojpur,2068/69,Dental Carries/ Toothache,4014
Bhojpur,2068/69,Periodontal diseases (gum diseases),645
Bhojpur,2068/69,Other disorder of teeth,272
Bhojpur,2068/69,"Oral ulcer,mucosa and other related disease",1434
Solukhumbu,2068/69,Dental Carries/ Toothache,3831
Solukhumbu,2068/69,Periodontal diseases (gum diseases),493
Solukhumbu,2068/69,Other disorder of teeth,409
Solukhumbu,2068/69,"Oral ulcer,mucosa and other related disease",704
Okhaldhunga,2068/69,Dental Carries/ Toothache,4608
Okhaldhunga,2068/69,Periodontal diseases (gum diseases),667
Okhaldhunga,2068/69,Other disorder of teeth,384
Okhaldhunga,2068/69,"Oral ulcer,mucosa and other related disease",932
Khotang,2068/69,Dental Carries/ Toothache,5371
Khotang,2068/69,Periodontal diseases (gum diseases),1025
Khotang,2068/69,Other disorder of teeth,429
Khotang,2068/69,"Oral ulcer,mucosa and other related disease",1067
Udaypur,2068/69,Dental Carries/ Toothache,4050
Udaypur,2068/69,Periodontal diseases (gum diseases),993
Udaypur,2068/69,Other disorder of teeth,411
Udaypur,2068/69,"Oral ulcer,mucosa and other related disease",1509
Saptari,2068/69,Dental Carries/ Toothache,10144
Saptari,2068/69,Periodontal diseases (gum diseases),1754
Saptari,2068/69,Other disorder of teeth,1598
Saptari,2068/69,"Oral ulcer,mucosa and other related disease",2572
Siraha,2068/69,Dental Carries/ Toothache,10541
Siraha,2068/69,Periodontal diseases (gum diseases),1458
Siraha,2068/69,Other disorder of teeth,1116
Siraha,2068/69,"Oral ulcer,mucosa and other related disease",2080
Dhanusha,2068/69,Dental Carries/ Toothache,14974
Dhanusha,2068/69,Periodontal diseases (gum diseases),2213
Dhanusha,2068/69,Other disorder of teeth,1477
Dhanusha,2068/69,"Oral ulcer,mucosa and other related disease",2682
Mahottari,2068/69,Dental Carries/ Toothache,9828
Mahottari,2068/69,Periodontal diseases (gum diseases),1584
Mahottari,2068/69,Other disorder of teeth,1199
Mahottari,2068/69,"Oral ulcer,mucosa and other related disease",1610
Sarlahi,2068/69,Dental Carries/ Toothache,12573
Sarlahi,2068/69,Periodontal diseases (gum diseases),2144
Sarlahi,2068/69,Other disorder of teeth,1680
Sarlahi,2068/69,"Oral ulcer,mucosa and other related disease",2280
Sindhuli,2068/69,Dental Carries/ Toothache,3127
Sindhuli,2068/69,Periodontal diseases (gum diseases),602
Sindhuli,2068/69,Other disorder of teeth,313
Sindhuli,2068/69,"Oral ulcer,mucosa and other related disease",1120
Ramechhap,2068/69,Dental Carries/ Toothache,6611
Ramechhap,2068/69,Periodontal diseases (gum diseases),816
Ramechhap,2068/69,Other disorder of teeth,275
Ramechhap,2068/69,"Oral ulcer,mucosa and other related disease",1169
Dolkha,2068/69,Dental Carries/ Toothache,5088
Dolkha,2068/69,Periodontal diseases (gum diseases),864
Dolkha,2068/69,Other disorder of teeth,532
Dolkha,2068/69,"Oral ulcer,mucosa and other related disease",1549
Sindhupalchowk,2068/69,Dental Carries/ Toothache,5383
Sindhupalchowk,2068/69,Periodontal diseases (gum diseases),1043
Sindhupalchowk,2068/69,Other disorder of teeth,745
Sindhupalchowk,2068/69,"Oral ulcer,mucosa and other related disease",4805
Kavre,2068/69,Dental Carries/ Toothache,9264
Kavre,2068/69,Periodontal diseases (gum diseases),1823
Kavre,2068/69,Other disorder of teeth,2358
Kavre,2068/69,"Oral ulcer,mucosa and other related disease",3965
Lalitpur,2068/69,Dental Carries/ Toothache,0
Lalitpur,2068/69,Periodontal diseases (gum diseases),0
Lalitpur,2068/69,Other disorder of teeth,0
Lalitpur,2068/69,"Oral ulcer,mucosa and other related disease",0
Bhaktapur,2068/69,Dental Carries/ Toothache,7660
Bhaktapur,2068/69,Periodontal diseases (gum diseases),3343
Bhaktapur,2068/69,Other disorder of teeth,3243
Bhaktapur,2068/69,"Oral ulcer,mucosa and other related disease",1889
Kathmandu,2068/69,Dental Carries/ Toothache,23299
Kathmandu,2068/69,Periodontal diseases (gum diseases),8260
Kathmandu,2068/69,Other disorder of teeth,10539
Kathmandu,2068/69,"Oral ulcer,mucosa and other related disease",10714
Nuwakot,2068/69,Dental Carries/ Toothache,3306
Nuwakot,2068/69,Periodontal diseases (gum diseases),659
Nuwakot,2068/69,Other disorder of teeth,250
Nuwakot,2068/69,"Oral ulcer,mucosa and other related disease",1328
Rasuwa,2068/69,Dental Carries/ Toothache,1000
Rasuwa,2068/69,Periodontal diseases (gum diseases),114
Rasuwa,2068/69,Other disorder of teeth,153
Rasuwa,2068/69,"Oral ulcer,mucosa and other related disease",411
Dhading,2068/69,Dental Carries/ Toothache,6651
Dhading,2068/69,Periodontal diseases (gum diseases),1335
Dhading,2068/69,Other disorder of teeth,461
Dhading,2068/69,"Oral ulcer,mucosa and other related disease",2795
Makawanpur,2068/69,Dental Carries/ Toothache,3280
Makawanpur,2068/69,Periodontal diseases (gum diseases),805
Makawanpur,2068/69,Other disorder of teeth,310
Makawanpur,2068/69,"Oral ulcer,mucosa and other related disease",2301
Rautahat,2068/69,Dental Carries/ Toothache,9243
Rautahat,2068/69,Periodontal diseases (gum diseases),1270
Rautahat,2068/69,Other disorder of teeth,1084
Rautahat,2068/69,"Oral ulcer,mucosa and other related disease",1036
Bara,2068/69,Dental Carries/ Toothache,11199
Bara,2068/69,Periodontal diseases (gum diseases),1433
Bara,2068/69,Other disorder of teeth,996
Bara,2068/69,"Oral ulcer,mucosa and other related disease",2164
Parsa,2068/69,Dental Carries/ Toothache,0
Parsa,2068/69,Periodontal diseases (gum diseases),0
Parsa,2068/69,Other disorder of teeth,0
Parsa,2068/69,"Oral ulcer,mucosa and other related disease",0
Chitwan,2068/69,Dental Carries/ Toothache,10573
Chitwan,2068/69,Periodontal diseases (gum diseases),3892
Chitwan,2068/69,Other disorder of teeth,2539
Chitwan,2068/69,"Oral ulcer,mucosa and other related disease",3958
Gorkha,2068/69,Dental Carries/ Toothache,6958
Gorkha,2068/69,Periodontal diseases (gum diseases),931
Gorkha,2068/69,Other disorder of teeth,466
Gorkha,2068/69,"Oral ulcer,mucosa and other related disease",1906
Lamjung,2068/69,Dental Carries/ Toothache,4449
Lamjung,2068/69,Periodontal diseases (gum diseases),812
Lamjung,2068/69,Other disorder of teeth,355
Lamjung,2068/69,"Oral ulcer,mucosa and other related disease",1237
Tanahu,2068/69,Dental Carries/ Toothache,5320
Tanahu,2068/69,Periodontal diseases (gum diseases),381
Tanahu,2068/69,Other disorder of teeth,416
Tanahu,2068/69,"Oral ulcer,mucosa and other related disease",680
Syangja,2068/69,Dental Carries/ Toothache,8393
Syangja,2068/69,Periodontal diseases (gum diseases),1026
Syangja,2068/69,Other disorder of teeth,553
Syangja,2068/69,"Oral ulcer,mucosa and other related disease",1720
Kaski,2068/69,Dental Carries/ Toothache,10047
Kaski,2068/69,Periodontal diseases (gum diseases),2314
Kaski,2068/69,Other disorder of teeth,11533
Kaski,2068/69,"Oral ulcer,mucosa and other related disease",1734
Manang,2068/69,Dental Carries/ Toothache,371
Manang,2068/69,Periodontal diseases (gum diseases),23
Manang,2068/69,Other disorder of teeth,5
Manang,2068/69,"Oral ulcer,mucosa and other related disease",47
Mustang,2068/69,Dental Carries/ Toothache,779
Mustang,2068/69,Periodontal diseases (gum diseases),34
Mustang,2068/69,Other disorder of teeth,12
Mustang,2068/69,"Oral ulcer,mucosa and other related disease",216
Myagdi,2068/69,Dental Carries/ Toothache,2955
Myagdi,2068/69,Periodontal diseases (gum diseases),430
Myagdi,2068/69,Other disorder of teeth,215
Myagdi,2068/69,"Oral ulcer,mucosa and other related disease",760
Parbat,2068/69,Dental Carries/ Toothache,4089
Parbat,2068/69,Periodontal diseases (gum diseases),433
Parbat,2068/69,Other disorder of teeth,135
Parbat,2068/69,"Oral ulcer,mucosa and other related disease",691
Baglung,2068/69,Dental Carries/ Toothache,5842
Baglung,2068/69,Periodontal diseases (gum diseases),649
Baglung,2068/69,Other disorder of teeth,340
Baglung,2068/69,"Oral ulcer,mucosa and other related disease",1428
Gulmi,2068/69,Dental Carries/ Toothache,5820
Gulmi,2068/69,Periodontal diseases (gum diseases),801
Gulmi,2068/69,Other disorder of teeth,474
Gulmi,2068/69,"Oral ulcer,mucosa and other related disease",1004
Palpa,2068/69,Dental Carries/ Toothache,8108
Palpa,2068/69,Periodontal diseases (gum diseases),1985
Palpa,2068/69,Other disorder of teeth,2226
Palpa,2068/69,"Oral ulcer,mucosa and other related disease",1254
Nawalparasi,2068/69,Dental Carries/ Toothache,5381
Nawalparasi,2068/69,Periodontal diseases (gum diseases),899
Nawalparasi,2068/69,Other disorder of teeth,330
Nawalparasi,2068/69,"Oral ulcer,mucosa and other related disease",1830
Rupandehi,2068/69,Dental Carries/ Toothache,0
Rupandehi,2068/69,Periodontal diseases (gum diseases),0
Rupandehi,2068/69,Other disorder of teeth,0
Rupandehi,2068/69,"Oral ulcer,mucosa and other related disease",0
Kapilvastu,2068/69,Dental Carries/ Toothache,8846
Kapilvastu,2068/69,Periodontal diseases (gum diseases),1913
Kapilvastu,2068/69,Other disorder of teeth,1274
Kapilvastu,2068/69,"Oral ulcer,mucosa and other related disease",2785
Arghakhanchi,2068/69,Dental Carries/ Toothache,3625
Arghakhanchi,2068/69,Periodontal diseases (gum diseases),554
Arghakhanchi,2068/69,Other disorder of teeth,266
Arghakhanchi,2068/69,"Oral ulcer,mucosa and other related disease",836
Pyuthan,2068/69,Dental Carries/ Toothache,4070
Pyuthan,2068/69,Periodontal diseases (gum diseases),357
Pyuthan,2068/69,Other disorder of teeth,125
Pyuthan,2068/69,"Oral ulcer,mucosa and other related disease",836
Rolpa,2068/69,Dental Carries/ Toothache,3115
Rolpa,2068/69,Periodontal diseases (gum diseases),298
Rolpa,2068/69,Other disorder of teeth,109
Rolpa,2068/69,"Oral ulcer,mucosa and other related disease",1256
Rukum,2068/69,Dental Carries/ Toothache,4994
Rukum,2068/69,Periodontal diseases (gum diseases),728
Rukum,2068/69,Other disorder of teeth,490
Rukum,2068/69,"Oral ulcer,mucosa and other related disease",893
Salyan,2068/69,Dental Carries/ Toothache,5780
Salyan,2068/69,Periodontal diseases (gum diseases),898
Salyan,2068/69,Other disorder of teeth,460
Salyan,2068/69,"Oral ulcer,mucosa and other related disease",1092
Dang,2068/69,Dental Carries/ Toothache,6865
Dang,2068/69,Periodontal diseases (gum diseases),1636
Dang,2068/69,Other disorder of teeth,976
Dang,2068/69,"Oral ulcer,mucosa and other related disease",2222
Banke,2068/69,Dental Carries/ Toothache,7131
Banke,2068/69,Periodontal diseases (gum diseases),1572
Banke,2068/69,Other disorder of teeth,402
Banke,2068/69,"Oral ulcer,mucosa and other related disease",5836
Bardiya,2068/69,Dental Carries/ Toothache,5200
Bardiya,2068/69,Periodontal diseases (gum diseases),1310
Bardiya,2068/69,Other disorder of teeth,492
Bardiya,2068/69,"Oral ulcer,mucosa and other related disease",3762
Surkhet,2068/69,Dental Carries/ Toothache,6875
Surkhet,2068/69,Periodontal diseases (gum diseases),847
Surkhet,2068/69,Other disorder of teeth,348
Surkhet,2068/69,"Oral ulcer,mucosa and other related disease",2020
Dailekh,2068/69,Dental Carries/ Toothache,5338
Dailekh,2068/69,Periodontal diseases (gum diseases),456
Dailekh,2068/69,Other disorder of teeth,434
Dailekh,2068/69,"Oral ulcer,mucosa and other related disease",1573
Jajarkot,2068/69,Dental Carries/ Toothache,4246
Jajarkot,2068/69,Periodontal diseases (gum diseases),697
Jajarkot,2068/69,Other disorder of teeth,308
Jajarkot,2068/69,"Oral ulcer,mucosa and other related disease",797
Dolpa,2068/69,Dental Carries/ Toothache,725
Dolpa,2068/69,Periodontal diseases (gum diseases),114
Dolpa,2068/69,Other disorder of teeth,84
Dolpa,2068/69,"Oral ulcer,mucosa and other related disease",82
Jumla,2068/69,Dental Carries/ Toothache,2629
Jumla,2068/69,Periodontal diseases (gum diseases),272
Jumla,2068/69,Other disorder of teeth,115
Jumla,2068/69,"Oral ulcer,mucosa and other related disease",336
Kalikot,2068/69,Dental Carries/ Toothache,1756
Kalikot,2068/69,Periodontal diseases (gum diseases),257
Kalikot,2068/69,Other disorder of teeth,167
Kalikot,2068/69,"Oral ulcer,mucosa and other related disease",459
Mugu,2068/69,Dental Carries/ Toothache,1674
Mugu,2068/69,Periodontal diseases (gum diseases),175
Mugu,2068/69,Other disorder of teeth,107
Mugu,2068/69,"Oral ulcer,mucosa and other related disease",126
Humla,2068/69,Dental Carries/ Toothache,2213
Humla,2068/69,Periodontal diseases (gum diseases),385
Humla,2068/69,Other disorder of teeth,319
Humla,2068/69,"Oral ulcer,mucosa and other related disease",429
Bajura,2068/69,Dental Carries/ Toothache,3364
Bajura,2068/69,Periodontal diseases (gum diseases),311
Bajura,2068/69,Other disorder of teeth,187
Bajura,2068/69,"Oral ulcer,mucosa and other related disease",535
Bajhang,2068/69,Dental Carries/ Toothache,4692
Bajhang,2068/69,Periodontal diseases (gum diseases),435
Bajhang,2068/69,Other disorder of teeth,167
Bajhang,2068/69,"Oral ulcer,mucosa and other related disease",515
Achham,2068/69,Dental Carries/ Toothache,4868
Achham,2068/69,Periodontal diseases (gum diseases),242
Achham,2068/69,Other disorder of teeth,205
Achham,2068/69,"Oral ulcer,mucosa and other related disease",976
Doti,2068/69,Dental Carries/ Toothache,5272
Doti,2068/69,Periodontal diseases (gum diseases),350
Doti,2068/69,Other disorder of teeth,635
Doti,2068/69,"Oral ulcer,mucosa and other related disease",676
Kailali,2068/69,Dental Carries/ Toothache,4589
Kailali,2068/69,Periodontal diseases (gum diseases),833
Kailali,2068/69,Other disorder of teeth,685
Kailali,2068/69,"Oral ulcer,mucosa and other related disease",2533
Kanchanpur,2068/69,Dental Carries/ Toothache,3949
Kanchanpur,2068/69,Periodontal diseases (gum diseases),504
Kanchanpur,2068/69,Other disorder of teeth,236
Kanchanpur,2068/69,"Oral ulcer,mucosa and other related disease",1996
Dadeldhura,2068/69,Dental Carries/ Toothache,4592
Dadeldhura,2068/69,Periodontal diseases (gum diseases),609
Dadeldhura,2068/69,Other disorder of teeth,401
Dadeldhura,2068/69,"Oral ulcer,mucosa and other related disease",1129
Baitadi,2068/69,Dental Carries/ Toothache,8637
Baitadi,2068/69,Periodontal diseases (gum diseases),546
Baitadi,2068/69,Other disorder of teeth,441
Baitadi,2068/69,"Oral ulcer,mucosa and other related disease",1875
Darchula,2068/69,Dental Carries/ Toothache,6669
Darchula,2068/69,Periodontal diseases (gum diseases),547
Darchula,2068/69,Other disorder of teeth,287
Darchula,2068/69,"Oral ulcer,mucosa and other related disease",510
Taplejung,2069/70,Dental Carries/ Toothache,2754
Taplejung,2069/70,Periodontal diseases (gum diseases),353
Taplejung,2069/70,Other disorder of teeth,589
Taplejung,2069/70,"Oral ulcer,mucosa and other related disease",470
Panchthar,2069/70,Dental Carries/ Toothache,2244
Panchthar,2069/70,Periodontal diseases (gum diseases),512
Panchthar,2069/70,Other disorder of teeth,148
Panchthar,2069/70,"Oral ulcer,mucosa and other related disease",779
Ilam,2069/70,Dental Carries/ Toothache,2866
Ilam,2069/70,Periodontal diseases (gum diseases),944
Ilam,2069/70,Other disorder of teeth,653
Ilam,2069/70,"Oral ulcer,mucosa and other related disease",1794
Jhapa,2069/70,Dental Carries/ Toothache,9704
Jhapa,2069/70,Periodontal diseases (gum diseases),3048
Jhapa,2069/70,Other disorder of teeth,1406
Jhapa,2069/70,"Oral ulcer,mucosa and other related disease",4139
Morang,2069/70,Dental Carries/ Toothache,10808
Morang,2069/70,Periodontal diseases (gum diseases),2649
Morang,2069/70,Other disorder of teeth,1732
Morang,2069/70,"Oral ulcer,mucosa and other related disease",4238
Sunsari,2069/70,Dental Carries/ Toothache,10610
Sunsari,2069/70,Periodontal diseases (gum diseases),1723
Sunsari,2069/70,Other disorder of teeth,863
Sunsari,2069/70,"Oral ulcer,mucosa and other related disease",4103
Dhankuta,2069/70,Dental Carries/ Toothache,2697
Dhankuta,2069/70,Periodontal diseases (gum diseases),783
Dhankuta,2069/70,Other disorder of teeth,327
Dhankuta,2069/70,"Oral ulcer,mucosa and other related disease",1157
Teharthum,2069/70,Dental Carries/ Toothache,2205
Teharthum,2069/70,Periodontal diseases (gum diseases),400
Teharthum,2069/70,Other disorder of teeth,193
Teharthum,2069/70,"Oral ulcer,mucosa and other related disease",600
Sankhuwasabha,2069/70,Dental Carries/ Toothache,3013
Sankhuwasabha,2069/70,Periodontal diseases (gum diseases),366
Sankhuwasabha,2069/70,Other disorder of teeth,127
Sankhuwasabha,2069/70,"Oral ulcer,mucosa and other related disease",1456
Bhojpur,2069/70,Dental Carries/ Toothache,3880
Bhojpur,2069/70,Periodontal diseases (gum diseases),483
Bhojpur,2069/70,Other disorder of teeth,185
Bhojpur,2069/70,"Oral ulcer,mucosa and other related disease",1087
Solukhumbu,2069/70,Dental Carries/ Toothache,3967
Solukhumbu,2069/70,Periodontal diseases (gum diseases),744
Solukhumbu,2069/70,Other disorder of teeth,444
Solukhumbu,2069/70,"Oral ulcer,mucosa and other related disease",765
Okhaldhunga,2069/70,Dental Carries/ Toothache,3748
Okhaldhunga,2069/70,Periodontal diseases (gum diseases),588
Okhaldhunga,2069/70,Other disorder of teeth,195
Okhaldhunga,2069/70,"Oral ulcer,mucosa and other related disease",830
Khotang,2069/70,Dental Carries/ Toothache,5119
Khotang,2069/70,Periodontal diseases (gum diseases),872
Khotang,2069/70,Other disorder of teeth,529
Khotang,2069/70,"Oral ulcer,mucosa and other related disease",1528
Udaypur,2069/70,Dental Carries/ Toothache,3836
Udaypur,2069/70,Periodontal diseases (gum diseases),1126
Udaypur,2069/70,Other disorder of teeth,547
Udaypur,2069/70,"Oral ulcer,mucosa and other related disease",1608
Saptari,2069/70,Dental Carries/ Toothache,10659
Saptari,2069/70,Periodontal diseases (gum diseases),1787
Saptari,2069/70,Other disorder of teeth,1332
Saptari,2069/70,"Oral ulcer,mucosa and other related disease",3606
Siraha,2069/70,Dental Carries/ Toothache,11364
Siraha,2069/70,Periodontal diseases (gum diseases),1819
Siraha,2069/70,Other disorder of teeth,905
Siraha,2069/70,"Oral ulcer,mucosa and other related disease",2859
Dhanusha,2069/70,Dental Carries/ Toothache,13020
Dhanusha,2069/70,Periodontal diseases (gum diseases),1902
Dhanusha,2069/70,Other disorder of teeth,1044
Dhanusha,2069/70,"Oral ulcer,mucosa and other related disease",2144
Mahottari,2069/70,Dental Carries/ Toothache,12140
Mahottari,2069/70,Periodontal diseases (gum diseases),1820
Mahottari,2069/70,Other disorder of teeth,1141
Mahottari,2069/70,"Oral ulcer,mucosa and other related disease",2359
Sarlahi,2069/70,Dental Carries/ Toothache,13014
Sarlahi,2069/70,Periodontal diseases (gum diseases),2202
Sarlahi,2069/70,Other disorder of teeth,1862
Sarlahi,2069/70,"Oral ulcer,mucosa and other related disease",1991
Sindhuli,2069/70,Dental Carries/ Toothache,2885
Sindhuli,2069/70,Periodontal diseases (gum diseases),577
Sindhuli,2069/70,Other disorder of teeth,221
Sindhuli,2069/70,"Oral ulcer,mucosa and other related disease",1077
Ramechhap,2069/70,Dental Carries/ Toothache,6145
Ramechhap,2069/70,Periodontal diseases (gum diseases),644
Ramechhap,2069/70,Other disorder of teeth,432
Ramechhap,2069/70,"Oral ulcer,mucosa and other related disease",1029
Dolkha,2069/70,Dental Carries/ Toothache,6532
Dolkha,2069/70,Periodontal diseases (gum diseases),1435
Dolkha,2069/70,Other disorder of teeth,1159
Dolkha,2069/70,"Oral ulcer,mucosa and other related disease",1866
Sindhupalchowk,2069/70,Dental Carries/ Toothache,5402
Sindhupalchowk,2069/70,Periodontal diseases (gum diseases),688
Sindhupalchowk,2069/70,Other disorder of teeth,406
Sindhupalchowk,2069/70,"Oral ulcer,mucosa and other related disease",1683
Kavre,2069/70,Dental Carries/ Toothache,12027
Kavre,2069/70,Periodontal diseases (gum diseases),2244
Kavre,2069/70,Other disorder of teeth,1951
Kavre,2069/70,"Oral ulcer,mucosa and other related disease",4280
Lalitpur,2069/70,Dental Carries/ Toothache,0
Lalitpur,2069/70,Periodontal diseases (gum diseases),0
Lalitpur,2069/70,Other disorder of teeth,0
Lalitpur,2069/70,"Oral ulcer,mucosa and other related disease",0
Bhaktapur,2069/70,Dental Carries/ Toothache,7866
Bhaktapur,2069/70,Periodontal diseases (gum diseases),3774
Bhaktapur,2069/70,Other disorder of teeth,2969
Bhaktapur,2069/70,"Oral ulcer,mucosa and other related disease",2077
Kathmandu,2069/70,Dental Carries/ Toothache,30650
Kathmandu,2069/70,Periodontal diseases (gum diseases),6031
Kathmandu,2069/70,Other disorder of teeth,7307
Kathmandu,2069/70,"Oral ulcer,mucosa and other related disease",6578
Nuwakot,2069/70,Dental Carries/ Toothache,5631
Nuwakot,2069/70,Periodontal diseases (gum diseases),1126
Nuwakot,2069/70,Other disorder of teeth,659
Nuwakot,2069/70,"Oral ulcer,mucosa and other related disease",1900
Rasuwa,2069/70,Dental Carries/ Toothache,969
Rasuwa,2069/70,Periodontal diseases (gum diseases),92
Rasuwa,2069/70,Other disorder of teeth,15
Rasuwa,2069/70,"Oral ulcer,mucosa and other related disease",466
Dhading,2069/70,Dental Carries/ Toothache,6497
Dhading,2069/70,Periodontal diseases (gum diseases),1363
Dhading,2069/70,Other disorder of teeth,872
Dhading,2069/70,"Oral ulcer,mucosa and other related disease",2782
Makawanpur,2069/70,Dental Carries/ Toothache,3806
Makawanpur,2069/70,Periodontal diseases (gum diseases),889
Makawanpur,2069/70,Other disorder of teeth,398
Makawanpur,2069/70,"Oral ulcer,mucosa and other related disease",2653
Rautahat,2069/70,Dental Carries/ Toothache,14988
Rautahat,2069/70,Periodontal diseases (gum diseases),1753
Rautahat,2069/70,Other disorder of teeth,1573
Rautahat,2069/70,"Oral ulcer,mucosa and other related disease",2199
Bara,2069/70,Dental Carries/ Toothache,11802
Bara,2069/70,Periodontal diseases (gum diseases),1627
Bara,2069/70,Other disorder of teeth,947
Bara,2069/70,"Oral ulcer,mucosa and other related disease",2177
Parsa,2069/70,Dental Carries/ Toothache,0
Parsa,2069/70,Periodontal diseases (gum diseases),0
Parsa,2069/70,Other disorder of teeth,0
Parsa,2069/70,"Oral ulcer,mucosa and other related disease",0
Chitwan,2069/70,Dental Carries/ Toothache,11581
Chitwan,2069/70,Periodontal diseases (gum diseases),3951
Chitwan,2069/70,Other disorder of teeth,1712
Chitwan,2069/70,"Oral ulcer,mucosa and other related disease",4770
Gorkha,2069/70,Dental Carries/ Toothache,6699
Gorkha,2069/70,Periodontal diseases (gum diseases),855
Gorkha,2069/70,Other disorder of teeth,284
Gorkha,2069/70,"Oral ulcer,mucosa and other related disease",2015
Lamjung,2069/70,Dental Carries/ Toothache,6423
Lamjung,2069/70,Periodontal diseases (gum diseases),1420
Lamjung,2069/70,Other disorder of teeth,760
Lamjung,2069/70,"Oral ulcer,mucosa and other related disease",1512
Tanahu,2069/70,Dental Carries/ Toothache,4772
Tanahu,2069/70,Periodontal diseases (gum diseases),569
Tanahu,2069/70,Other disorder of teeth,1223
Tanahu,2069/70,"Oral ulcer,mucosa and other related disease",861
Syangja,2069/70,Dental Carries/ Toothache,5426
Syangja,2069/70,Periodontal diseases (gum diseases),641
Syangja,2069/70,Other disorder of teeth,215
Syangja,2069/70,"Oral ulcer,mucosa and other related disease",1292
Kaski,2069/70,Dental Carries/ Toothache,10706
Kaski,2069/70,Periodontal diseases (gum diseases),2187
Kaski,2069/70,Other disorder of teeth,10583
Kaski,2069/70,"Oral ulcer,mucosa and other related disease",2011
Manang,2069/70,Dental Carries/ Toothache,370
Manang,2069/70,Periodontal diseases (gum diseases),46
Manang,2069/70,Other disorder of teeth,11
Manang,2069/70,"Oral ulcer,mucosa and other related disease",80
Mustang,2069/70,Dental Carries/ Toothache,571
Mustang,2069/70,Periodontal diseases (gum diseases),17
Mustang,2069/70,Other disorder of teeth,37
Mustang,2069/70,"Oral ulcer,mucosa and other related disease",228
Myagdi,2069/70,Dental Carries/ Toothache,2636
Myagdi,2069/70,Periodontal diseases (gum diseases),335
Myagdi,2069/70,Other disorder of teeth,376
Myagdi,2069/70,"Oral ulcer,mucosa and other related disease",685
Parbat,2069/70,Dental Carries/ Toothache,3811
Parbat,2069/70,Periodontal diseases (gum diseases),442
Parbat,2069/70,Other disorder of teeth,134
Parbat,2069/70,"Oral ulcer,mucosa and other related disease",625
Baglung,2069/70,Dental Carries/ Toothache,6340
Baglung,2069/70,Periodontal diseases (gum diseases),556
Baglung,2069/70,Other disorder of teeth,258
Baglung,2069/70,"Oral ulcer,mucosa and other related disease",1502
Gulmi,2069/70,Dental Carries/ Toothache,3304
Gulmi,2069/70,Periodontal diseases (gum diseases),343
Gulmi,2069/70,Other disorder of teeth,251
Gulmi,2069/70,"Oral ulcer,mucosa and other related disease",647
Palpa,2069/70,Dental Carries/ Toothache,7429
Palpa,2069/70,Periodontal diseases (gum diseases),1842
Palpa,2069/70,Other disorder of teeth,2139
Palpa,2069/70,"Oral ulcer,mucosa and other related disease",1653
Nawalparasi,2069/70,Dental Carries/ Toothache,5873
Nawalparasi,2069/70,Periodontal diseases (gum diseases),993
Nawalparasi,2069/70,Other disorder of teeth,403
Nawalparasi,2069/70,"Oral ulcer,mucosa and other related disease",2460
Rupandehi,2069/70,Dental Carries/ Toothache,0
Rupandehi,2069/70,Periodontal diseases (gum diseases),0
Rupandehi,2069/70,Other disorder of teeth,0
Rupandehi,2069/70,"Oral ulcer,mucosa and other related disease",0
Kapilvastu,2069/70,Dental Carries/ Toothache,9109
Kapilvastu,2069/70,Periodontal diseases (gum diseases),2185
Kapilvastu,2069/70,Other disorder of teeth,1515
Kapilvastu,2069/70,"Oral ulcer,mucosa and other related disease",3109
Arghakhanchi,2069/70,Dental Carries/ Toothache,3264
Arghakhanchi,2069/70,Periodontal diseases (gum diseases),493
Arghakhanchi,2069/70,Other disorder of teeth,169
Arghakhanchi,2069/70,"Oral ulcer,mucosa and other related disease",721
Pyuthan,2069/70,Dental Carries/ Toothache,4274
Pyuthan,2069/70,Periodontal diseases (gum diseases),462
Pyuthan,2069/70,Other disorder of teeth,180
Pyuthan,2069/70,"Oral ulcer,mucosa and other related disease",1117
Rolpa,2069/70,Dental Carries/ Toothache,2852
Rolpa,2069/70,Periodontal diseases (gum diseases),222
Rolpa,2069/70,Other disorder of teeth,96
Rolpa,2069/70,"Oral ulcer,mucosa and other related disease",636
Rukum,2069/70,Dental Carries/ Toothache,3913
Rukum,2069/70,Periodontal diseases (gum diseases),512
Rukum,2069/70,Other disorder of teeth,553
Rukum,2069/70,"Oral ulcer,mucosa and other related disease",1073
Salyan,2069/70,Dental Carries/ Toothache,5618
Salyan,2069/70,Periodontal diseases (gum diseases),915
Salyan,2069/70,Other disorder of teeth,489
Salyan,2069/70,"Oral ulcer,mucosa and other related disease",1387
Dang,2069/70,Dental Carries/ Toothache,6929
Dang,2069/70,Periodontal diseases (gum diseases),2162
Dang,2069/70,Other disorder of teeth,2141
Dang,2069/70,"Oral ulcer,mucosa and other related disease",2338
Banke,2069/70,Dental Carries/ Toothache,5452
Banke,2069/70,Periodontal diseases (gum diseases),1064
Banke,2069/70,Other disorder of teeth,217
Banke,2069/70,"Oral ulcer,mucosa and other related disease",7096
Bardiya,2069/70,Dental Carries/ Toothache,4745
Bardiya,2069/70,Periodontal diseases (gum diseases),1200
Bardiya,2069/70,Other disorder of teeth,392
Bardiya,2069/70,"Oral ulcer,mucosa and other related disease",3255
Surkhet,2069/70,Dental Carries/ Toothache,6816
Surkhet,2069/70,Periodontal diseases (gum diseases),849
Surkhet,2069/70,Other disorder of teeth,204
Surkhet,2069/70,"Oral ulcer,mucosa and other related disease",1747
Dailekh,2069/70,Dental Carries/ Toothache,4628
Dailekh,2069/70,Periodontal diseases (gum diseases),312
Dailekh,2069/70,Other disorder of teeth,386
Dailekh,2069/70,"Oral ulcer,mucosa and other related disease",1285
Jajarkot,2069/70,Dental Carries/ Toothache,3610
Jajarkot,2069/70,Periodontal diseases (gum diseases),603
Jajarkot,2069/70,Other disorder of teeth,302
Jajarkot,2069/70,"Oral ulcer,mucosa and other related disease",718
Dolpa,2069/70,Dental Carries/ Toothache,765
Dolpa,2069/70,Periodontal diseases (gum diseases),78
Dolpa,2069/70,Other disorder of teeth,80
Dolpa,2069/70,"Oral ulcer,mucosa and other related disease",77
Jumla,2069/70,Dental Carries/ Toothache,2300
Jumla,2069/70,Periodontal diseases (gum diseases),234
Jumla,2069/70,Other disorder of teeth,101
Jumla,2069/70,"Oral ulcer,mucosa and other related disease",242
Kalikot,2069/70,Dental Carries/ Toothache,2133
Kalikot,2069/70,Periodontal diseases (gum diseases),239
Kalikot,2069/70,Other disorder of teeth,145
Kalikot,2069/70,"Oral ulcer,mucosa and other related disease",326
Mugu,2069/70,Dental Carries/ Toothache,1471
Mugu,2069/70,Periodontal diseases (gum diseases),172
Mugu,2069/70,Other disorder of teeth,174
Mugu,2069/70,"Oral ulcer,mucosa and other related disease",94
Humla,2069/70,Dental Carries/ Toothache,2533
Humla,2069/70,Periodontal diseases (gum diseases),485
Humla,2069/70,Other disorder of teeth,585
Humla,2069/70,"Oral ulcer,mucosa and other related disease",359
Bajura,2069/70,Dental Carries/ Toothache,2991
Bajura,2069/70,Periodontal diseases (gum diseases),295
Bajura,2069/70,Other disorder of teeth,214
Bajura,2069/70,"Oral ulcer,mucosa and other related disease",514
Bajhang,2069/70,Dental Carries/ Toothache,4965
Bajhang,2069/70,Periodontal diseases (gum diseases),395
Bajhang,2069/70,Other disorder of teeth,299
Bajhang,2069/70,"Oral ulcer,mucosa and other related disease",618
Achham,2069/70,Dental Carries/ Toothache,4719
Achham,2069/70,Periodontal diseases (gum diseases),382
Achham,2069/70,Other disorder of teeth,177
Achham,2069/70,"Oral ulcer,mucosa and other related disease",872
Doti,2069/70,Dental Carries/ Toothache,5449
Doti,2069/70,Periodontal diseases (gum diseases),358
Doti,2069/70,Other disorder of teeth,692
Doti,2069/70,"Oral ulcer,mucosa and other related disease",570
Kailali,2069/70,Dental Carries/ Toothache,4761
Kailali,2069/70,Periodontal diseases (gum diseases),649
Kailali,2069/70,Other disorder of teeth,810
Kailali,2069/70,"Oral ulcer,mucosa and other related disease",2441
Kanchanpur,2069/70,Dental Carries/ Toothache,4175
Kanchanpur,2069/70,Periodontal diseases (gum diseases),608
Kanchanpur,2069/70,Other disorder of teeth,568
Kanchanpur,2069/70,"Oral ulcer,mucosa and other related disease",2110
Dadeldhura,2069/70,Dental Carries/ Toothache,4134
Dadeldhura,2069/70,Periodontal diseases (gum diseases),515
Dadeldhura,2069/70,Other disorder of teeth,185
Dadeldhura,2069/70,"Oral ulcer,mucosa and other related disease",1174
Baitadi,2069/70,Dental Carries/ Toothache,7744
Baitadi,2069/70,Periodontal diseases (gum diseases),381
Baitadi,2069/70,Other disorder of teeth,248
Baitadi,2069/70,"Oral ulcer,mucosa and other related disease",1538
Darchula,2069/70,Dental Carries/ Toothache,5143
Darchula,2069/70,Periodontal diseases (gum diseases),216
Darchula,2069/70,Other disorder of teeth,106
Darchula,2069/70,"Oral ulcer,mucosa and other related disease",330
