District,Year,Conducted by,Institution,Number of women
Bhojpur,2066/67,Conducted by SBA,Health Institution,338
Bhojpur,2066/67,Conducted by SBA,Home,21
Bhojpur,2066/67,Conducted by health workers,Health Institution ,229
Bhojpur,2066/67,Conducted by health workers,Home,719
Bhojpur,2066/67,,At BEOC/CEOC centers,20
Dhankuta,2066/67,Conducted by SBA,Health Institution,539
Dhankuta,2066/67,Conducted by SBA,Home,91
Dhankuta,2066/67,Conducted by health workers,Health Institution ,24
Dhankuta,2066/67,Conducted by health workers,Home,319
Dhankuta,2066/67,,At BEOC/CEOC centers,45
Ilam,2066/67,Conducted by SBA,Health Institution,950
Ilam,2066/67,Conducted by SBA,Home,60
Ilam,2066/67,Conducted by health workers,Health Institution ,97
Ilam,2066/67,Conducted by health workers,Home,912
Ilam,2066/67,,At BEOC/CEOC centers,54
Jhapa,2066/67,Conducted by SBA,Health Institution,9445
Jhapa,2066/67,Conducted by SBA,Home,646
Jhapa,2066/67,Conducted by health workers,Health Institution ,1530
Jhapa,2066/67,Conducted by health workers,Home,973
Jhapa,2066/67,,At BEOC/CEOC centers,2661
Khotang,2066/67,Conducted by SBA,Health Institution,645
Khotang,2066/67,Conducted by SBA,Home,642
Khotang,2066/67,Conducted by health workers,Health Institution ,175
Khotang,2066/67,Conducted by health workers,Home,747
Khotang,2066/67,,At BEOC/CEOC centers,296
Morang,2066/67,Conducted by SBA,Health Institution,9258
Morang,2066/67,Conducted by SBA,Home,377
Morang,2066/67,Conducted by health workers,Health Institution ,113
Morang,2066/67,Conducted by health workers,Home,418
Morang,2066/67,,At BEOC/CEOC centers,6211
Okhaldhunga,2066/67,Conducted by SBA,Health Institution,539
Okhaldhunga,2066/67,Conducted by SBA,Home,295
Okhaldhunga,2066/67,Conducted by health workers,Health Institution ,201
Okhaldhunga,2066/67,Conducted by health workers,Home,772
Okhaldhunga,2066/67,,At BEOC/CEOC centers,307
Panchthar,2066/67,Conducted by SBA,Health Institution,1038
Panchthar,2066/67,Conducted by SBA,Home,109
Panchthar,2066/67,Conducted by health workers,Health Institution ,94
Panchthar,2066/67,Conducted by health workers,Home,215
Panchthar,2066/67,,At BEOC/CEOC centers,575
Sankhuwasabha,2066/67,Conducted by SBA,Health Institution,1043
Sankhuwasabha,2066/67,Conducted by SBA,Home,45
Sankhuwasabha,2066/67,Conducted by health workers,Health Institution ,167
Sankhuwasabha,2066/67,Conducted by health workers,Home,135
Sankhuwasabha,2066/67,,At BEOC/CEOC centers,387
Saptari,2066/67,Conducted by SBA,Health Institution,5480
Saptari,2066/67,Conducted by SBA,Home,1109
Saptari,2066/67,Conducted by health workers,Health Institution ,139
Saptari,2066/67,Conducted by health workers,Home,2915
Saptari,2066/67,,At BEOC/CEOC centers,3944
Siraha,2066/67,Conducted by SBA,Health Institution,2519
Siraha,2066/67,Conducted by SBA,Home,1296
Siraha,2066/67,Conducted by health workers,Health Institution ,300
Siraha,2066/67,Conducted by health workers,Home,4645
Siraha,2066/67,,At BEOC/CEOC centers,2734
Solukhumbu,2066/67,Conducted by SBA,Health Institution,678
Solukhumbu,2066/67,Conducted by SBA,Home,498
Solukhumbu,2066/67,Conducted by health workers,Health Institution ,82
Solukhumbu,2066/67,Conducted by health workers,Home,534
Solukhumbu,2066/67,,At BEOC/CEOC centers,178
Sunsari,2066/67,Conducted by SBA,Health Institution,11884
Sunsari,2066/67,Conducted by SBA,Home,329
Sunsari,2066/67,Conducted by health workers,Health Institution ,66
Sunsari,2066/67,Conducted by health workers,Home,343
Sunsari,2066/67,,At BEOC/CEOC centers,9941
Taplejung,2066/67,Conducted by SBA,Health Institution,389
Taplejung,2066/67,Conducted by SBA,Home,161
Taplejung,2066/67,Conducted by health workers,Health Institution ,117
Taplejung,2066/67,Conducted by health workers,Home,915
Taplejung,2066/67,,At BEOC/CEOC centers,116
Teharthum,2066/67,Conducted by SBA,Health Institution,372
Teharthum,2066/67,Conducted by SBA,Home,164
Teharthum,2066/67,Conducted by health workers,Health Institution ,61
Teharthum,2066/67,Conducted by health workers,Home,481
Teharthum,2066/67,,At BEOC/CEOC centers,44
Udaypur,2066/67,Conducted by SBA,Health Institution,891
Udaypur,2066/67,Conducted by SBA,Home,215
Udaypur,2066/67,Conducted by health workers,Health Institution ,143
Udaypur,2066/67,Conducted by health workers,Home,594
Udaypur,2066/67,,At BEOC/CEOC centers,578
Bara,2066/67,Conducted by SBA,Health Institution,2022
Bara,2066/67,Conducted by SBA,Home,1577
Bara,2066/67,Conducted by health workers,Health Institution ,515
Bara,2066/67,Conducted by health workers,Home,5904
Bara,2066/67,,At BEOC/CEOC centers,39
Bhaktapur,2066/67,Conducted by SBA,Health Institution,1134
Bhaktapur,2066/67,Conducted by SBA,Home,94
Bhaktapur,2066/67,Conducted by health workers,Health Institution ,0
Bhaktapur,2066/67,Conducted by health workers,Home,8
Bhaktapur,2066/67,,At BEOC/CEOC centers,0
Chitwan,2066/67,Conducted by SBA,Health Institution,5395
Chitwan,2066/67,Conducted by SBA,Home,147
Chitwan,2066/67,Conducted by health workers,Health Institution ,1467
Chitwan,2066/67,Conducted by health workers,Home,235
Chitwan,2066/67,,At BEOC/CEOC centers,3666
Dhading,2066/67,Conducted by SBA,Health Institution,1074
Dhading,2066/67,Conducted by SBA,Home,264
Dhading,2066/67,Conducted by health workers,Health Institution ,295
Dhading,2066/67,Conducted by health workers,Home,1009
Dhading,2066/67,,At BEOC/CEOC centers,93
Dhanusha,2066/67,Conducted by SBA,Health Institution,7833
Dhanusha,2066/67,Conducted by SBA,Home,965
Dhanusha,2066/67,Conducted by health workers,Health Institution ,477
Dhanusha,2066/67,Conducted by health workers,Home,7394
Dhanusha,2066/67,,At BEOC/CEOC centers,76
Dolkha,2066/67,Conducted by SBA,Health Institution,378
Dolkha,2066/67,Conducted by SBA,Home,157
Dolkha,2066/67,Conducted by health workers,Health Institution ,198
Dolkha,2066/67,Conducted by health workers,Home,745
Dolkha,2066/67,,At BEOC/CEOC centers,395
Kathmandu,2066/67,Conducted by SBA,Health Institution,24861
Kathmandu,2066/67,Conducted by SBA,Home,276
Kathmandu,2066/67,Conducted by health workers,Health Institution ,177
Kathmandu,2066/67,Conducted by health workers,Home,297
Kathmandu,2066/67,,At BEOC/CEOC centers,2347
Kavre,2066/67,Conducted by SBA,Health Institution,3327
Kavre,2066/67,Conducted by SBA,Home,114
Kavre,2066/67,Conducted by health workers,Health Institution ,81
Kavre,2066/67,Conducted by health workers,Home,236
Kavre,2066/67,,At BEOC/CEOC centers,1969
Lalitpur,2066/67,Conducted by SBA,Health Institution,7865
Lalitpur,2066/67,Conducted by SBA,Home,28
Lalitpur,2066/67,Conducted by health workers,Health Institution ,518
Lalitpur,2066/67,Conducted by health workers,Home,0
Lalitpur,2066/67,,At BEOC/CEOC centers,0
Mahottari,2066/67,Conducted by SBA,Health Institution,1694
Mahottari,2066/67,Conducted by SBA,Home,1049
Mahottari,2066/67,Conducted by health workers,Health Institution ,1063
Mahottari,2066/67,Conducted by health workers,Home,6325
Mahottari,2066/67,,At BEOC/CEOC centers,226
Makawanpur,2066/67,Conducted by SBA,Health Institution,2241
Makawanpur,2066/67,Conducted by SBA,Home,79
Makawanpur,2066/67,Conducted by health workers,Health Institution ,72
Makawanpur,2066/67,Conducted by health workers,Home,75
Makawanpur,2066/67,,At BEOC/CEOC centers,189
Nuwakot,2066/67,Conducted by SBA,Health Institution,1041
Nuwakot,2066/67,Conducted by SBA,Home,291
Nuwakot,2066/67,Conducted by health workers,Health Institution ,415
Nuwakot,2066/67,Conducted by health workers,Home,679
Nuwakot,2066/67,,At BEOC/CEOC centers,0
Parsa,2066/67,Conducted by SBA,Health Institution,7397
Parsa,2066/67,Conducted by SBA,Home,230
Parsa,2066/67,Conducted by health workers,Health Institution ,909
Parsa,2066/67,Conducted by health workers,Home,0
Parsa,2066/67,,At BEOC/CEOC centers,0
Ramechhap,2066/67,Conducted by SBA,Health Institution,553
Ramechhap,2066/67,Conducted by SBA,Home,235
Ramechhap,2066/67,Conducted by health workers,Health Institution ,105
Ramechhap,2066/67,Conducted by health workers,Home,338
Ramechhap,2066/67,,At BEOC/CEOC centers,0
Rasuwa,2066/67,Conducted by SBA,Health Institution,160
Rasuwa,2066/67,Conducted by SBA,Home,55
Rasuwa,2066/67,Conducted by health workers,Health Institution ,53
Rasuwa,2066/67,Conducted by health workers,Home,161
Rasuwa,2066/67,,At BEOC/CEOC centers,0
Rautahat,2066/67,Conducted by SBA,Health Institution,692
Rautahat,2066/67,Conducted by SBA,Home,1054
Rautahat,2066/67,Conducted by health workers,Health Institution ,922
Rautahat,2066/67,Conducted by health workers,Home,6197
Rautahat,2066/67,,At BEOC/CEOC centers,570
Sarlahi,2066/67,Conducted by SBA,Health Institution,1840
Sarlahi,2066/67,Conducted by SBA,Home,741
Sarlahi,2066/67,Conducted by health workers,Health Institution ,80
Sarlahi,2066/67,Conducted by health workers,Home,4997
Sarlahi,2066/67,,At BEOC/CEOC centers,0
Sindhuli,2066/67,Conducted by SBA,Health Institution,973
Sindhuli,2066/67,Conducted by SBA,Home,635
Sindhuli,2066/67,Conducted by health workers,Health Institution ,211
Sindhuli,2066/67,Conducted by health workers,Home,1227
Sindhuli,2066/67,,At BEOC/CEOC centers,63
Sindhupalchowk,2066/67,Conducted by SBA,Health Institution,993
Sindhupalchowk,2066/67,Conducted by SBA,Home,118
Sindhupalchowk,2066/67,Conducted by health workers,Health Institution ,47
Sindhupalchowk,2066/67,Conducted by health workers,Home,553
Sindhupalchowk,2066/67,,At BEOC/CEOC centers,190
Arghakhanchi,2066/67,Conducted by SBA,Health Institution,685
Arghakhanchi,2066/67,Conducted by SBA,Home,303
Arghakhanchi,2066/67,Conducted by health workers,Health Institution ,65
Arghakhanchi,2066/67,Conducted by health workers,Home,768
Arghakhanchi,2066/67,,At BEOC/CEOC centers,26
Baglung,2066/67,Conducted by SBA,Health Institution,1430
Baglung,2066/67,Conducted by SBA,Home,550
Baglung,2066/67,Conducted by health workers,Health Institution ,202
Baglung,2066/67,Conducted by health workers,Home,1182
Baglung,2066/67,,At BEOC/CEOC centers,1138
Gorkha,2066/67,Conducted by SBA,Health Institution,1199
Gorkha,2066/67,Conducted by SBA,Home,70
Gorkha,2066/67,Conducted by health workers,Health Institution ,303
Gorkha,2066/67,Conducted by health workers,Home,748
Gorkha,2066/67,,At BEOC/CEOC centers,360
Gulmi,2066/67,Conducted by SBA,Health Institution,1179
Gulmi,2066/67,Conducted by SBA,Home,538
Gulmi,2066/67,Conducted by health workers,Health Institution ,191
Gulmi,2066/67,Conducted by health workers,Home,1117
Gulmi,2066/67,,At BEOC/CEOC centers,686
Kapilvastu,2066/67,Conducted by SBA,Health Institution,968
Kapilvastu,2066/67,Conducted by SBA,Home,1261
Kapilvastu,2066/67,Conducted by health workers,Health Institution ,48
Kapilvastu,2066/67,Conducted by health workers,Home,4880
Kapilvastu,2066/67,,At BEOC/CEOC centers,0
Kaski,2066/67,Conducted by SBA,Health Institution,9986
Kaski,2066/67,Conducted by SBA,Home,117
Kaski,2066/67,Conducted by health workers,Health Institution ,53
Kaski,2066/67,Conducted by health workers,Home,234
Kaski,2066/67,,At BEOC/CEOC centers,9805
Lamjung,2066/67,Conducted by SBA,Health Institution,1398
Lamjung,2066/67,Conducted by SBA,Home,109
Lamjung,2066/67,Conducted by health workers,Health Institution ,157
Lamjung,2066/67,Conducted by health workers,Home,260
Lamjung,2066/67,,At BEOC/CEOC centers,75
Manang,2066/67,Conducted by SBA,Health Institution,3
Manang,2066/67,Conducted by SBA,Home,11
Manang,2066/67,Conducted by health workers,Health Institution ,5
Manang,2066/67,Conducted by health workers,Home,2
Manang,2066/67,,At BEOC/CEOC centers,0
Mustang,2066/67,Conducted by SBA,Health Institution,67
Mustang,2066/67,Conducted by SBA,Home,5
Mustang,2066/67,Conducted by health workers,Health Institution ,5
Mustang,2066/67,Conducted by health workers,Home,26
Mustang,2066/67,,At BEOC/CEOC centers,34
Myagdi,2066/67,Conducted by SBA,Health Institution,591
Myagdi,2066/67,Conducted by SBA,Home,122
Myagdi,2066/67,Conducted by health workers,Health Institution ,35
Myagdi,2066/67,Conducted by health workers,Home,989
Myagdi,2066/67,,At BEOC/CEOC centers,363
Nawalparasi,2066/67,Conducted by SBA,Health Institution,2035
Nawalparasi,2066/67,Conducted by SBA,Home,247
Nawalparasi,2066/67,Conducted by health workers,Health Institution ,261
Nawalparasi,2066/67,Conducted by health workers,Home,618
Nawalparasi,2066/67,,At BEOC/CEOC centers,1230
Palpa,2066/67,Conducted by SBA,Health Institution,2373
Palpa,2066/67,Conducted by SBA,Home,222
Palpa,2066/67,Conducted by health workers,Health Institution ,24
Palpa,2066/67,Conducted by health workers,Home,275
Palpa,2066/67,,At BEOC/CEOC centers,819
Parbat,2066/67,Conducted by SBA,Health Institution,604
Parbat,2066/67,Conducted by SBA,Home,295
Parbat,2066/67,Conducted by health workers,Health Institution ,30
Parbat,2066/67,Conducted by health workers,Home,415
Parbat,2066/67,,At BEOC/CEOC centers,330
Rupandehi,2066/67,Conducted by SBA,Health Institution,9002
Rupandehi,2066/67,Conducted by SBA,Home,2788
Rupandehi,2066/67,Conducted by health workers,Health Institution ,0
Rupandehi,2066/67,Conducted by health workers,Home,0
Rupandehi,2066/67,,At BEOC/CEOC centers,0
Syangja,2066/67,Conducted by SBA,Health Institution,1122
Syangja,2066/67,Conducted by SBA,Home,48
Syangja,2066/67,Conducted by health workers,Health Institution ,99
Syangja,2066/67,Conducted by health workers,Home,429
Syangja,2066/67,,At BEOC/CEOC centers,355
Tanahu,2066/67,Conducted by SBA,Health Institution,1138
Tanahu,2066/67,Conducted by SBA,Home,164
Tanahu,2066/67,Conducted by health workers,Health Institution ,64
Tanahu,2066/67,Conducted by health workers,Home,300
Tanahu,2066/67,,At BEOC/CEOC centers,620
Banke,2066/67,Conducted by SBA,Health Institution,7883
Banke,2066/67,Conducted by SBA,Home,313
Banke,2066/67,Conducted by health workers,Health Institution ,110
Banke,2066/67,Conducted by health workers,Home,636
Banke,2066/67,,At BEOC/CEOC centers,7084
Bardiya,2066/67,Conducted by SBA,Health Institution,3748
Bardiya,2066/67,Conducted by SBA,Home,197
Bardiya,2066/67,Conducted by health workers,Health Institution ,143
Bardiya,2066/67,Conducted by health workers,Home,204
Bardiya,2066/67,,At BEOC/CEOC centers,1470
Dailekh,2066/67,Conducted by SBA,Health Institution,3001
Dailekh,2066/67,Conducted by SBA,Home,83
Dailekh,2066/67,Conducted by health workers,Health Institution ,192
Dailekh,2066/67,Conducted by health workers,Home,121
Dailekh,2066/67,,At BEOC/CEOC centers,356
Dang,2066/67,Conducted by SBA,Health Institution,4816
Dang,2066/67,Conducted by SBA,Home,205
Dang,2066/67,Conducted by health workers,Health Institution ,349
Dang,2066/67,Conducted by health workers,Home,356
Dang,2066/67,,At BEOC/CEOC centers,3583
Dolpa,2066/67,Conducted by SBA,Health Institution,98
Dolpa,2066/67,Conducted by SBA,Home,35
Dolpa,2066/67,Conducted by health workers,Health Institution ,22
Dolpa,2066/67,Conducted by health workers,Home,48
Dolpa,2066/67,,At BEOC/CEOC centers,6
Humla,2066/67,Conducted by SBA,Health Institution,442
Humla,2066/67,Conducted by SBA,Home,139
Humla,2066/67,Conducted by health workers,Health Institution ,210
Humla,2066/67,Conducted by health workers,Home,227
Humla,2066/67,,At BEOC/CEOC centers,4
Jajarkot,2066/67,Conducted by SBA,Health Institution,489
Jajarkot,2066/67,Conducted by SBA,Home,236
Jajarkot,2066/67,Conducted by health workers,Health Institution ,108
Jajarkot,2066/67,Conducted by health workers,Home,445
Jajarkot,2066/67,,At BEOC/CEOC centers,12
Jumla,2066/67,Conducted by SBA,Health Institution,818
Jumla,2066/67,Conducted by SBA,Home,81
Jumla,2066/67,Conducted by health workers,Health Institution ,33
Jumla,2066/67,Conducted by health workers,Home,209
Jumla,2066/67,,At BEOC/CEOC centers,0
Kalikot,2066/67,Conducted by SBA,Health Institution,452
Kalikot,2066/67,Conducted by SBA,Home,185
Kalikot,2066/67,Conducted by health workers,Health Institution ,119
Kalikot,2066/67,Conducted by health workers,Home,260
Kalikot,2066/67,,At BEOC/CEOC centers,68
Mugu,2066/67,Conducted by SBA,Health Institution,419
Mugu,2066/67,Conducted by SBA,Home,34
Mugu,2066/67,Conducted by health workers,Health Institution ,45
Mugu,2066/67,Conducted by health workers,Home,132
Mugu,2066/67,,At BEOC/CEOC centers,178
Pyuthan,2066/67,Conducted by SBA,Health Institution,760
Pyuthan,2066/67,Conducted by SBA,Home,184
Pyuthan,2066/67,Conducted by health workers,Health Institution ,129
Pyuthan,2066/67,Conducted by health workers,Home,559
Pyuthan,2066/67,,At BEOC/CEOC centers,169
Rolpa,2066/67,Conducted by SBA,Health Institution,846
Rolpa,2066/67,Conducted by SBA,Home,99
Rolpa,2066/67,Conducted by health workers,Health Institution ,90
Rolpa,2066/67,Conducted by health workers,Home,377
Rolpa,2066/67,,At BEOC/CEOC centers,58
Rukum,2066/67,Conducted by SBA,Health Institution,873
Rukum,2066/67,Conducted by SBA,Home,313
Rukum,2066/67,Conducted by health workers,Health Institution ,88
Rukum,2066/67,Conducted by health workers,Home,804
Rukum,2066/67,,At BEOC/CEOC centers,56
Salyan,2066/67,Conducted by SBA,Health Institution,1103
Salyan,2066/67,Conducted by SBA,Home,63
Salyan,2066/67,Conducted by health workers,Health Institution ,99
Salyan,2066/67,Conducted by health workers,Home,147
Salyan,2066/67,,At BEOC/CEOC centers,19
Surkhet,2066/67,Conducted by SBA,Health Institution,4313
Surkhet,2066/67,Conducted by SBA,Home,147
Surkhet,2066/67,Conducted by health workers,Health Institution ,223
Surkhet,2066/67,Conducted by health workers,Home,707
Surkhet,2066/67,,At BEOC/CEOC centers,2878
Achham,2066/67,Conducted by SBA,Health Institution,1145
Achham,2066/67,Conducted by SBA,Home,102
Achham,2066/67,Conducted by health workers,Health Institution ,117
Achham,2066/67,Conducted by health workers,Home,1191
Achham,2066/67,,At BEOC/CEOC centers,219
Baitadi,2066/67,Conducted by SBA,Health Institution,390
Baitadi,2066/67,Conducted by SBA,Home,99
Baitadi,2066/67,Conducted by health workers,Health Institution ,206
Baitadi,2066/67,Conducted by health workers,Home,742
Baitadi,2066/67,,At BEOC/CEOC centers,202
Bajhang,2066/67,Conducted by SBA,Health Institution,723
Bajhang,2066/67,Conducted by SBA,Home,107
Bajhang,2066/67,Conducted by health workers,Health Institution ,499
Bajhang,2066/67,Conducted by health workers,Home,327
Bajhang,2066/67,,At BEOC/CEOC centers,49
Bajura,2066/67,Conducted by SBA,Health Institution,721
Bajura,2066/67,Conducted by SBA,Home,96
Bajura,2066/67,Conducted by health workers,Health Institution ,310
Bajura,2066/67,Conducted by health workers,Home,53
Bajura,2066/67,,At BEOC/CEOC centers,0
Dadeldhura,2066/67,Conducted by SBA,Health Institution,1710
Dadeldhura,2066/67,Conducted by SBA,Home,84
Dadeldhura,2066/67,Conducted by health workers,Health Institution ,518
Dadeldhura,2066/67,Conducted by health workers,Home,64
Dadeldhura,2066/67,,At BEOC/CEOC centers,1
Darchula,2066/67,Conducted by SBA,Health Institution,655
Darchula,2066/67,Conducted by SBA,Home,92
Darchula,2066/67,Conducted by health workers,Health Institution ,35
Darchula,2066/67,Conducted by health workers,Home,172
Darchula,2066/67,,At BEOC/CEOC centers,132
Doti,2066/67,Conducted by SBA,Health Institution,1328
Doti,2066/67,Conducted by SBA,Home,165
Doti,2066/67,Conducted by health workers,Health Institution ,305
Doti,2066/67,Conducted by health workers,Home,280
Doti,2066/67,,At BEOC/CEOC centers,1
Kailali,2066/67,Conducted by SBA,Health Institution,6181
Kailali,2066/67,Conducted by SBA,Home,235
Kailali,2066/67,Conducted by health workers,Health Institution ,617
Kailali,2066/67,Conducted by health workers,Home,306
Kailali,2066/67,,At BEOC/CEOC centers,4863
Kanchanpur,2066/67,Conducted by SBA,Health Institution,4116
Kanchanpur,2066/67,Conducted by SBA,Home,58
Kanchanpur,2066/67,Conducted by health workers,Health Institution ,56
Kanchanpur,2066/67,Conducted by health workers,Home,169
Kanchanpur,2066/67,,At BEOC/CEOC centers,1876
Taplejung,2067/68,Conducted by SBA,Health Institution,412
Taplejung,2067/68,Conducted by SBA,Home,23
Taplejung,2067/68,Conducted by health workers,Health Institution ,121
Taplejung,2067/68,Conducted by health workers,Home,671
Taplejung,2067/68,,At BEOC/CEOC centers,310
Panchthar,2067/68,Conducted by SBA,Health Institution,1197
Panchthar,2067/68,Conducted by SBA,Home,48
Panchthar,2067/68,Conducted by health workers,Health Institution ,53
Panchthar,2067/68,Conducted by health workers,Home,206
Panchthar,2067/68,,At BEOC/CEOC centers,485
Ilam,2067/68,Conducted by SBA,Health Institution,1503
Ilam,2067/68,Conducted by SBA,Home,16
Ilam,2067/68,Conducted by health workers,Health Institution ,48
Ilam,2067/68,Conducted by health workers,Home,650
Ilam,2067/68,,At BEOC/CEOC centers,257
Jhapa,2067/68,Conducted by SBA,Health Institution,12294
Jhapa,2067/68,Conducted by SBA,Home,287
Jhapa,2067/68,Conducted by health workers,Health Institution ,2661
Jhapa,2067/68,Conducted by health workers,Home,826
Jhapa,2067/68,,At BEOC/CEOC centers,187
Morang,2067/68,Conducted by SBA,Health Institution,13253
Morang,2067/68,Conducted by SBA,Home,101
Morang,2067/68,Conducted by health workers,Health Institution ,13
Morang,2067/68,Conducted by health workers,Home,243
Morang,2067/68,,At BEOC/CEOC centers,18
Sunsari,2067/68,Conducted by SBA,Health Institution,14360
Sunsari,2067/68,Conducted by SBA,Home,57
Sunsari,2067/68,Conducted by health workers,Health Institution ,20
Sunsari,2067/68,Conducted by health workers,Home,204
Sunsari,2067/68,,At BEOC/CEOC centers,1761
Dhankuta,2067/68,Conducted by SBA,Health Institution,572
Dhankuta,2067/68,Conducted by SBA,Home,43
Dhankuta,2067/68,Conducted by health workers,Health Institution ,36
Dhankuta,2067/68,Conducted by health workers,Home,346
Dhankuta,2067/68,,At BEOC/CEOC centers,179
Teharthum,2067/68,Conducted by SBA,Health Institution,409
Teharthum,2067/68,Conducted by SBA,Home,83
Teharthum,2067/68,Conducted by health workers,Health Institution ,61
Teharthum,2067/68,Conducted by health workers,Home,180
Teharthum,2067/68,,At BEOC/CEOC centers,115
Sankhuwasabha,2067/68,Conducted by SBA,Health Institution,1127
Sankhuwasabha,2067/68,Conducted by SBA,Home,42
Sankhuwasabha,2067/68,Conducted by health workers,Health Institution ,138
Sankhuwasabha,2067/68,Conducted by health workers,Home,60
Sankhuwasabha,2067/68,,At BEOC/CEOC centers,535
Bhojpur,2067/68,Conducted by SBA,Health Institution,397
Bhojpur,2067/68,Conducted by SBA,Home,11
Bhojpur,2067/68,Conducted by health workers,Health Institution ,156
Bhojpur,2067/68,Conducted by health workers,Home,344
Bhojpur,2067/68,,At BEOC/CEOC centers,166
Solukhumbu,2067/68,Conducted by SBA,Health Institution,638
Solukhumbu,2067/68,Conducted by SBA,Home,156
Solukhumbu,2067/68,Conducted by health workers,Health Institution ,38
Solukhumbu,2067/68,Conducted by health workers,Home,397
Solukhumbu,2067/68,,At BEOC/CEOC centers,72
Okhaldhunga,2067/68,Conducted by SBA,Health Institution,692
Okhaldhunga,2067/68,Conducted by SBA,Home,157
Okhaldhunga,2067/68,Conducted by health workers,Health Institution ,132
Okhaldhunga,2067/68,Conducted by health workers,Home,540
Okhaldhunga,2067/68,,At BEOC/CEOC centers,115
Khotang,2067/68,Conducted by SBA,Health Institution,872
Khotang,2067/68,Conducted by SBA,Home,326
Khotang,2067/68,Conducted by health workers,Health Institution ,171
Khotang,2067/68,Conducted by health workers,Home,652
Khotang,2067/68,,At BEOC/CEOC centers,235
Udaypur,2067/68,Conducted by SBA,Health Institution,1574
Udaypur,2067/68,Conducted by SBA,Home,151
Udaypur,2067/68,Conducted by health workers,Health Institution ,137
Udaypur,2067/68,Conducted by health workers,Home,663
Udaypur,2067/68,,At BEOC/CEOC centers,554
Saptari,2067/68,Conducted by SBA,Health Institution,3108
Saptari,2067/68,Conducted by SBA,Home,461
Saptari,2067/68,Conducted by health workers,Health Institution ,123
Saptari,2067/68,Conducted by health workers,Home,1745
Saptari,2067/68,,At BEOC/CEOC centers,2053
Siraha,2067/68,Conducted by SBA,Health Institution,6953
Siraha,2067/68,Conducted by SBA,Home,1009
Siraha,2067/68,Conducted by health workers,Health Institution ,836
Siraha,2067/68,Conducted by health workers,Home,2976
Siraha,2067/68,,At BEOC/CEOC centers,374
Dhanusha,2067/68,Conducted by SBA,Health Institution,11390
Dhanusha,2067/68,Conducted by SBA,Home,549
Dhanusha,2067/68,Conducted by health workers,Health Institution ,222
Dhanusha,2067/68,Conducted by health workers,Home,6353
Dhanusha,2067/68,,At BEOC/CEOC centers,151
Mahottari,2067/68,Conducted by SBA,Health Institution,1997
Mahottari,2067/68,Conducted by SBA,Home,518
Mahottari,2067/68,Conducted by health workers,Health Institution ,629
Mahottari,2067/68,Conducted by health workers,Home,6570
Mahottari,2067/68,,At BEOC/CEOC centers,118
Sarlahi,2067/68,Conducted by SBA,Health Institution,3052
Sarlahi,2067/68,Conducted by SBA,Home,305
Sarlahi,2067/68,Conducted by health workers,Health Institution ,103
Sarlahi,2067/68,Conducted by health workers,Home,3819
Sarlahi,2067/68,,At BEOC/CEOC centers,282
Sindhuli,2067/68,Conducted by SBA,Health Institution,981
Sindhuli,2067/68,Conducted by SBA,Home,267
Sindhuli,2067/68,Conducted by health workers,Health Institution ,164
Sindhuli,2067/68,Conducted by health workers,Home,998
Sindhuli,2067/68,,At BEOC/CEOC centers,586
Ramechhap,2067/68,Conducted by SBA,Health Institution,887
Ramechhap,2067/68,Conducted by SBA,Home,199
Ramechhap,2067/68,Conducted by health workers,Health Institution ,117
Ramechhap,2067/68,Conducted by health workers,Home,399
Ramechhap,2067/68,,At BEOC/CEOC centers,830
Dolkha,2067/68,Conducted by SBA,Health Institution,872
Dolkha,2067/68,Conducted by SBA,Home,76
Dolkha,2067/68,Conducted by health workers,Health Institution ,110
Dolkha,2067/68,Conducted by health workers,Home,637
Dolkha,2067/68,,At BEOC/CEOC centers,213
Sindhupalchowk,2067/68,Conducted by SBA,Health Institution,1135
Sindhupalchowk,2067/68,Conducted by SBA,Home,90
Sindhupalchowk,2067/68,Conducted by health workers,Health Institution ,97
Sindhupalchowk,2067/68,Conducted by health workers,Home,342
Sindhupalchowk,2067/68,,At BEOC/CEOC centers,536
Kavre,2067/68,Conducted by SBA,Health Institution,4093
Kavre,2067/68,Conducted by SBA,Home,83
Kavre,2067/68,Conducted by health workers,Health Institution ,70
Kavre,2067/68,Conducted by health workers,Home,156
Kavre,2067/68,,At BEOC/CEOC centers,933
Lalitpur,2067/68,Conducted by SBA,Health Institution,8784
Lalitpur,2067/68,Conducted by SBA,Home,14
Lalitpur,2067/68,Conducted by health workers,Health Institution ,330
Lalitpur,2067/68,Conducted by health workers,Home,137
Lalitpur,2067/68,,At BEOC/CEOC centers,0
Bhaktapur,2067/68,Conducted by SBA,Health Institution,792
Bhaktapur,2067/68,Conducted by SBA,Home,46
Bhaktapur,2067/68,Conducted by health workers,Health Institution ,103
Bhaktapur,2067/68,Conducted by health workers,Home,1
Bhaktapur,2067/68,,At BEOC/CEOC centers,0
Kathmandu,2067/68,Conducted by SBA,Health Institution,22993
Kathmandu,2067/68,Conducted by SBA,Home,654
Kathmandu,2067/68,Conducted by health workers,Health Institution ,9
Kathmandu,2067/68,Conducted by health workers,Home,221
Kathmandu,2067/68,,At BEOC/CEOC centers,630
Nuwakot,2067/68,Conducted by SBA,Health Institution,1072
Nuwakot,2067/68,Conducted by SBA,Home,189
Nuwakot,2067/68,Conducted by health workers,Health Institution ,176
Nuwakot,2067/68,Conducted by health workers,Home,357
Nuwakot,2067/68,,At BEOC/CEOC centers,220
Rasuwa,2067/68,Conducted by SBA,Health Institution,170
Rasuwa,2067/68,Conducted by SBA,Home,22
Rasuwa,2067/68,Conducted by health workers,Health Institution ,56
Rasuwa,2067/68,Conducted by health workers,Home,85
Rasuwa,2067/68,,At BEOC/CEOC centers,86
Dhading,2067/68,Conducted by SBA,Health Institution,2167
Dhading,2067/68,Conducted by SBA,Home,74
Dhading,2067/68,Conducted by health workers,Health Institution ,232
Dhading,2067/68,Conducted by health workers,Home,319
Dhading,2067/68,,At BEOC/CEOC centers,1195
Makawanpur,2067/68,Conducted by SBA,Health Institution,2831
Makawanpur,2067/68,Conducted by SBA,Home,14
Makawanpur,2067/68,Conducted by health workers,Health Institution ,96
Makawanpur,2067/68,Conducted by health workers,Home,28
Makawanpur,2067/68,,At BEOC/CEOC centers,510
Rautahat,2067/68,Conducted by SBA,Health Institution,2692
Rautahat,2067/68,Conducted by SBA,Home,660
Rautahat,2067/68,Conducted by health workers,Health Institution ,594
Rautahat,2067/68,Conducted by health workers,Home,6041
Rautahat,2067/68,,At BEOC/CEOC centers,506
Bara,2067/68,Conducted by SBA,Health Institution,3591
Bara,2067/68,Conducted by SBA,Home,740
Bara,2067/68,Conducted by health workers,Health Institution ,989
Bara,2067/68,Conducted by health workers,Home,4978
Bara,2067/68,,At BEOC/CEOC centers,789
Parsa,2067/68,Conducted by SBA,Health Institution,867
Parsa,2067/68,Conducted by SBA,Home,25
Parsa,2067/68,Conducted by health workers,Health Institution ,3197
Parsa,2067/68,Conducted by health workers,Home,0
Parsa,2067/68,,At BEOC/CEOC centers,0
Chitwan,2067/68,Conducted by SBA,Health Institution,10701
Chitwan,2067/68,Conducted by SBA,Home,173
Chitwan,2067/68,Conducted by health workers,Health Institution ,44
Chitwan,2067/68,Conducted by health workers,Home,161
Chitwan,2067/68,,At BEOC/CEOC centers,379
Gorkha,2067/68,Conducted by SBA,Health Institution,1275
Gorkha,2067/68,Conducted by SBA,Home,60
Gorkha,2067/68,Conducted by health workers,Health Institution ,132
Gorkha,2067/68,Conducted by health workers,Home,409
Gorkha,2067/68,,At BEOC/CEOC centers,314
Lamjung,2067/68,Conducted by SBA,Health Institution,1571
Lamjung,2067/68,Conducted by SBA,Home,104
Lamjung,2067/68,Conducted by health workers,Health Institution ,99
Lamjung,2067/68,Conducted by health workers,Home,285
Lamjung,2067/68,,At BEOC/CEOC centers,382
Tanahu,2067/68,Conducted by SBA,Health Institution,1292
Tanahu,2067/68,Conducted by SBA,Home,81
Tanahu,2067/68,Conducted by health workers,Health Institution ,67
Tanahu,2067/68,Conducted by health workers,Home,147
Tanahu,2067/68,,At BEOC/CEOC centers,168
Syangja,2067/68,Conducted by SBA,Health Institution,1339
Syangja,2067/68,Conducted by SBA,Home,75
Syangja,2067/68,Conducted by health workers,Health Institution ,42
Syangja,2067/68,Conducted by health workers,Home,442
Syangja,2067/68,,At BEOC/CEOC centers,218
Kaski,2067/68,Conducted by SBA,Health Institution,11298
Kaski,2067/68,Conducted by SBA,Home,97
Kaski,2067/68,Conducted by health workers,Health Institution ,35
Kaski,2067/68,Conducted by health workers,Home,173
Kaski,2067/68,,At BEOC/CEOC centers,198
Manang,2067/68,Conducted by SBA,Health Institution,12
Manang,2067/68,Conducted by SBA,Home,1
Manang,2067/68,Conducted by health workers,Health Institution ,5
Manang,2067/68,Conducted by health workers,Home,8
Manang,2067/68,,At BEOC/CEOC centers,4
Mustang,2067/68,Conducted by SBA,Health Institution,91
Mustang,2067/68,Conducted by SBA,Home,9
Mustang,2067/68,Conducted by health workers,Health Institution ,16
Mustang,2067/68,Conducted by health workers,Home,6
Mustang,2067/68,,At BEOC/CEOC centers,24
Myagdi,2067/68,Conducted by SBA,Health Institution,669
Myagdi,2067/68,Conducted by SBA,Home,193
Myagdi,2067/68,Conducted by health workers,Health Institution ,17
Myagdi,2067/68,Conducted by health workers,Home,442
Myagdi,2067/68,,At BEOC/CEOC centers,144
Parbat,2067/68,Conducted by SBA,Health Institution,719
Parbat,2067/68,Conducted by SBA,Home,209
Parbat,2067/68,Conducted by health workers,Health Institution ,36
Parbat,2067/68,Conducted by health workers,Home,453
Parbat,2067/68,,At BEOC/CEOC centers,131
Baglung,2067/68,Conducted by SBA,Health Institution,1751
Baglung,2067/68,Conducted by SBA,Home,410
Baglung,2067/68,Conducted by health workers,Health Institution ,263
Baglung,2067/68,Conducted by health workers,Home,1252
Baglung,2067/68,,At BEOC/CEOC centers,250
Gulmi,2067/68,Conducted by SBA,Health Institution,1453
Gulmi,2067/68,Conducted by SBA,Home,541
Gulmi,2067/68,Conducted by health workers,Health Institution ,141
Gulmi,2067/68,Conducted by health workers,Home,1090
Gulmi,2067/68,,At BEOC/CEOC centers,471
Palpa,2067/68,Conducted by SBA,Health Institution,3356
Palpa,2067/68,Conducted by SBA,Home,62
Palpa,2067/68,Conducted by health workers,Health Institution ,126
Palpa,2067/68,Conducted by health workers,Home,338
Palpa,2067/68,,At BEOC/CEOC centers,295
Nawalparasi,2067/68,Conducted by SBA,Health Institution,1984
Nawalparasi,2067/68,Conducted by SBA,Home,129
Nawalparasi,2067/68,Conducted by health workers,Health Institution ,224
Nawalparasi,2067/68,Conducted by health workers,Home,381
Nawalparasi,2067/68,,At BEOC/CEOC centers,399
Rupandehi,2067/68,Conducted by SBA,Health Institution,9102
Rupandehi,2067/68,Conducted by SBA,Home,63
Rupandehi,2067/68,Conducted by health workers,Health Institution ,644
Rupandehi,2067/68,Conducted by health workers,Home,0
Rupandehi,2067/68,,At BEOC/CEOC centers,0
Kapilvastu,2067/68,Conducted by SBA,Health Institution,859
Kapilvastu,2067/68,Conducted by SBA,Home,1039
Kapilvastu,2067/68,Conducted by health workers,Health Institution ,80
Kapilvastu,2067/68,Conducted by health workers,Home,4161
Kapilvastu,2067/68,,At BEOC/CEOC centers,223
Arghakhanchi,2067/68,Conducted by SBA,Health Institution,713
Arghakhanchi,2067/68,Conducted by SBA,Home,179
Arghakhanchi,2067/68,Conducted by health workers,Health Institution ,65
Arghakhanchi,2067/68,Conducted by health workers,Home,387
Arghakhanchi,2067/68,,At BEOC/CEOC centers,178
Pyuthan,2067/68,Conducted by SBA,Health Institution,947
Pyuthan,2067/68,Conducted by SBA,Home,76
Pyuthan,2067/68,Conducted by health workers,Health Institution ,11
Pyuthan,2067/68,Conducted by health workers,Home,670
Pyuthan,2067/68,,At BEOC/CEOC centers,239
Rolpa,2067/68,Conducted by SBA,Health Institution,1244
Rolpa,2067/68,Conducted by SBA,Home,94
Rolpa,2067/68,Conducted by health workers,Health Institution ,129
Rolpa,2067/68,Conducted by health workers,Home,182
Rolpa,2067/68,,At BEOC/CEOC centers,999
Rukum,2067/68,Conducted by SBA,Health Institution,970
Rukum,2067/68,Conducted by SBA,Home,223
Rukum,2067/68,Conducted by health workers,Health Institution ,117
Rukum,2067/68,Conducted by health workers,Home,477
Rukum,2067/68,,At BEOC/CEOC centers,1124
Salyan,2067/68,Conducted by SBA,Health Institution,1351
Salyan,2067/68,Conducted by SBA,Home,39
Salyan,2067/68,Conducted by health workers,Health Institution ,170
Salyan,2067/68,Conducted by health workers,Home,162
Salyan,2067/68,,At BEOC/CEOC centers,957
Dang,2067/68,Conducted by SBA,Health Institution,5072
Dang,2067/68,Conducted by SBA,Home,214
Dang,2067/68,Conducted by health workers,Health Institution ,233
Dang,2067/68,Conducted by health workers,Home,137
Dang,2067/68,,At BEOC/CEOC centers,1373
Banke,2067/68,Conducted by SBA,Health Institution,9232
Banke,2067/68,Conducted by SBA,Home,170
Banke,2067/68,Conducted by health workers,Health Institution ,39
Banke,2067/68,Conducted by health workers,Home,196
Banke,2067/68,,At BEOC/CEOC centers,929
Bardiya,2067/68,Conducted by SBA,Health Institution,4803
Bardiya,2067/68,Conducted by SBA,Home,83
Bardiya,2067/68,Conducted by health workers,Health Institution ,95
Bardiya,2067/68,Conducted by health workers,Home,38
Bardiya,2067/68,,At BEOC/CEOC centers,2617
Surkhet,2067/68,Conducted by SBA,Health Institution,5270
Surkhet,2067/68,Conducted by SBA,Home,102
Surkhet,2067/68,Conducted by health workers,Health Institution ,91
Surkhet,2067/68,Conducted by health workers,Home,436
Surkhet,2067/68,,At BEOC/CEOC centers,1892
Dailekh,2067/68,Conducted by SBA,Health Institution,3750
Dailekh,2067/68,Conducted by SBA,Home,42
Dailekh,2067/68,Conducted by health workers,Health Institution ,426
Dailekh,2067/68,Conducted by health workers,Home,128
Dailekh,2067/68,,At BEOC/CEOC centers,3271
Jajarkot,2067/68,Conducted by SBA,Health Institution,646
Jajarkot,2067/68,Conducted by SBA,Home,136
Jajarkot,2067/68,Conducted by health workers,Health Institution ,181
Jajarkot,2067/68,Conducted by health workers,Home,521
Jajarkot,2067/68,,At BEOC/CEOC centers,473
Dolpa,2067/68,Conducted by SBA,Health Institution,132
Dolpa,2067/68,Conducted by SBA,Home,40
Dolpa,2067/68,Conducted by health workers,Health Institution ,32
Dolpa,2067/68,Conducted by health workers,Home,98
Dolpa,2067/68,,At BEOC/CEOC centers,23
Jumla,2067/68,Conducted by SBA,Health Institution,514
Jumla,2067/68,Conducted by SBA,Home,175
Jumla,2067/68,Conducted by health workers,Health Institution ,63
Jumla,2067/68,Conducted by health workers,Home,239
Jumla,2067/68,,At BEOC/CEOC centers,577
Kalikot,2067/68,Conducted by SBA,Health Institution,504
Kalikot,2067/68,Conducted by SBA,Home,169
Kalikot,2067/68,Conducted by health workers,Health Institution ,106
Kalikot,2067/68,Conducted by health workers,Home,226
Kalikot,2067/68,,At BEOC/CEOC centers,383
Mugu,2067/68,Conducted by SBA,Health Institution,529
Mugu,2067/68,Conducted by SBA,Home,89
Mugu,2067/68,Conducted by health workers,Health Institution ,56
Mugu,2067/68,Conducted by health workers,Home,257
Mugu,2067/68,,At BEOC/CEOC centers,199
Humla,2067/68,Conducted by SBA,Health Institution,548
Humla,2067/68,Conducted by SBA,Home,254
Humla,2067/68,Conducted by health workers,Health Institution ,54
Humla,2067/68,Conducted by health workers,Home,229
Humla,2067/68,,At BEOC/CEOC centers,513
Bajura,2067/68,Conducted by SBA,Health Institution,1037
Bajura,2067/68,Conducted by SBA,Home,73
Bajura,2067/68,Conducted by health workers,Health Institution ,299
Bajura,2067/68,Conducted by health workers,Home,159
Bajura,2067/68,,At BEOC/CEOC centers,740
Bajhang,2067/68,Conducted by SBA,Health Institution,1011
Bajhang,2067/68,Conducted by SBA,Home,83
Bajhang,2067/68,Conducted by health workers,Health Institution ,265
Bajhang,2067/68,Conducted by health workers,Home,356
Bajhang,2067/68,,At BEOC/CEOC centers,958
Achham,2067/68,Conducted by SBA,Health Institution,1684
Achham,2067/68,Conducted by SBA,Home,154
Achham,2067/68,Conducted by health workers,Health Institution ,138
Achham,2067/68,Conducted by health workers,Home,754
Achham,2067/68,,At BEOC/CEOC centers,1507
Doti,2067/68,Conducted by SBA,Health Institution,2013
Doti,2067/68,Conducted by SBA,Home,72
Doti,2067/68,Conducted by health workers,Health Institution ,281
Doti,2067/68,Conducted by health workers,Home,286
Doti,2067/68,,At BEOC/CEOC centers,1107
Kailali,2067/68,Conducted by SBA,Health Institution,8993
Kailali,2067/68,Conducted by SBA,Home,245
Kailali,2067/68,Conducted by health workers,Health Institution ,598
Kailali,2067/68,Conducted by health workers,Home,289
Kailali,2067/68,,At BEOC/CEOC centers,2201
Kanchanpur,2067/68,Conducted by SBA,Health Institution,4870
Kanchanpur,2067/68,Conducted by SBA,Home,4
Kanchanpur,2067/68,Conducted by health workers,Health Institution ,65
Kanchanpur,2067/68,Conducted by health workers,Home,82
Kanchanpur,2067/68,,At BEOC/CEOC centers,1798
Dadeldhura,2067/68,Conducted by SBA,Health Institution,2176
Dadeldhura,2067/68,Conducted by SBA,Home,35
Dadeldhura,2067/68,Conducted by health workers,Health Institution ,264
Dadeldhura,2067/68,Conducted by health workers,Home,35
Dadeldhura,2067/68,,At BEOC/CEOC centers,561
Baitadi,2067/68,Conducted by SBA,Health Institution,494
Baitadi,2067/68,Conducted by SBA,Home,73
Baitadi,2067/68,Conducted by health workers,Health Institution ,157
Baitadi,2067/68,Conducted by health workers,Home,503
Baitadi,2067/68,,At BEOC/CEOC centers,211
Darchula,2067/68,Conducted by SBA,Health Institution,584
Darchula,2067/68,Conducted by SBA,Home,54
Darchula,2067/68,Conducted by health workers,Health Institution ,111
Darchula,2067/68,Conducted by health workers,Home,157
Darchula,2067/68,,At BEOC/CEOC centers,306
Taplejung,2068/69,Conducted by SBA,Health Institution,513
Taplejung,2068/69,Conducted by SBA,Home,92
Taplejung,2068/69,Conducted by health workers,Health Institution ,147
Taplejung,2068/69,Conducted by health workers,Home,475
Taplejung,2068/69,,Birthing Center (HP/SHP),303
Taplejung,2068/69,,At BEOC/CEOC centers,300
Panchthar,2068/69,Conducted by SBA,Health Institution,1527
Panchthar,2068/69,Conducted by SBA,Home,50
Panchthar,2068/69,Conducted by health workers,Health Institution ,59
Panchthar,2068/69,Conducted by health workers,Home,176
Panchthar,2068/69,,Birthing Center (HP/SHP),684
Panchthar,2068/69,,At BEOC/CEOC centers,890
Ilam,2068/69,Conducted by SBA,Health Institution,1294
Ilam,2068/69,Conducted by SBA,Home,98
Ilam,2068/69,Conducted by health workers,Health Institution ,60
Ilam,2068/69,Conducted by health workers,Home,388
Ilam,2068/69,,Birthing Center (HP/SHP),288
Ilam,2068/69,,At BEOC/CEOC centers,985
Jhapa,2068/69,Conducted by SBA,Health Institution,11003
Jhapa,2068/69,Conducted by SBA,Home,192
Jhapa,2068/69,Conducted by health workers,Health Institution ,80
Jhapa,2068/69,Conducted by health workers,Home,429
Jhapa,2068/69,,Birthing Center (HP/SHP),224
Jhapa,2068/69,,At BEOC/CEOC centers,10769
Morang,2068/69,Conducted by SBA,Health Institution,15320
Morang,2068/69,Conducted by SBA,Home,42
Morang,2068/69,Conducted by health workers,Health Institution ,13
Morang,2068/69,Conducted by health workers,Home,129
Morang,2068/69,,Birthing Center (HP/SHP),368
Morang,2068/69,,At BEOC/CEOC centers,14647
Sunsari,2068/69,Conducted by SBA,Health Institution,15950
Sunsari,2068/69,Conducted by SBA,Home,93
Sunsari,2068/69,Conducted by health workers,Health Institution ,26
Sunsari,2068/69,Conducted by health workers,Home,161
Sunsari,2068/69,,Birthing Center (HP/SHP),2158
Sunsari,2068/69,,At BEOC/CEOC centers,11060
Dhankuta,2068/69,Conducted by SBA,Health Institution,640
Dhankuta,2068/69,Conducted by SBA,Home,75
Dhankuta,2068/69,Conducted by health workers,Health Institution ,44
Dhankuta,2068/69,Conducted by health workers,Home,352
Dhankuta,2068/69,,Birthing Center (HP/SHP),286
Dhankuta,2068/69,,At BEOC/CEOC centers,71
Terhathum,2068/69,Conducted by SBA,Health Institution,443
Terhathum,2068/69,Conducted by SBA,Home,59
Terhathum,2068/69,Conducted by health workers,Health Institution ,52
Terhathum,2068/69,Conducted by health workers,Home,179
Terhathum,2068/69,,Birthing Center (HP/SHP),200
Terhathum,2068/69,,At BEOC/CEOC centers,17
Sankhuwasabha,2068/69,Conducted by SBA,Health Institution,1333
Sankhuwasabha,2068/69,Conducted by SBA,Home,39
Sankhuwasabha,2068/69,Conducted by health workers,Health Institution ,33
Sankhuwasabha,2068/69,Conducted by health workers,Home,50
Sankhuwasabha,2068/69,,Birthing Center (HP/SHP),737
Sankhuwasabha,2068/69,,At BEOC/CEOC centers,477
Bhojpur,2068/69,Conducted by SBA,Health Institution,561
Bhojpur,2068/69,Conducted by SBA,Home,20
Bhojpur,2068/69,Conducted by health workers,Health Institution ,167
Bhojpur,2068/69,Conducted by health workers,Home,255
Bhojpur,2068/69,,Birthing Center (HP/SHP),309
Bhojpur,2068/69,,At BEOC/CEOC centers,87
Solukhumbu,2068/69,Conducted by SBA,Health Institution,611
Solukhumbu,2068/69,Conducted by SBA,Home,156
Solukhumbu,2068/69,Conducted by health workers,Health Institution ,19
Solukhumbu,2068/69,Conducted by health workers,Home,342
Solukhumbu,2068/69,,Birthing Center (HP/SHP),153
Solukhumbu,2068/69,,At BEOC/CEOC centers,329
Okhaldhunga,2068/69,Conducted by SBA,Health Institution,1089
Okhaldhunga,2068/69,Conducted by SBA,Home,134
Okhaldhunga,2068/69,Conducted by health workers,Health Institution ,172
Okhaldhunga,2068/69,Conducted by health workers,Home,336
Okhaldhunga,2068/69,,Birthing Center (HP/SHP),428
Okhaldhunga,2068/69,,At BEOC/CEOC centers,612
Khotang,2068/69,Conducted by SBA,Health Institution,846
Khotang,2068/69,Conducted by SBA,Home,277
Khotang,2068/69,Conducted by health workers,Health Institution ,405
Khotang,2068/69,Conducted by health workers,Home,841
Khotang,2068/69,,Birthing Center (HP/SHP),472
Khotang,2068/69,,At BEOC/CEOC centers,37
Udayapur,2068/69,Conducted by SBA,Health Institution,1724
Udayapur,2068/69,Conducted by SBA,Home,110
Udayapur,2068/69,Conducted by health workers,Health Institution ,209
Udayapur,2068/69,Conducted by health workers,Home,497
Udayapur,2068/69,,Birthing Center (HP/SHP),854
Udayapur,2068/69,,At BEOC/CEOC centers,1537
Saptari,2068/69,Conducted by SBA,Health Institution,7322
Saptari,2068/69,Conducted by SBA,Home,384
Saptari,2068/69,Conducted by health workers,Health Institution ,120
Saptari,2068/69,Conducted by health workers,Home,1553
Saptari,2068/69,,Birthing Center (HP/SHP),2256
Saptari,2068/69,,At BEOC/CEOC centers,5095
Siraha,2068/69,Conducted by SBA,Health Institution,6942
Siraha,2068/69,Conducted by SBA,Home,1049
Siraha,2068/69,Conducted by health workers,Health Institution ,138
Siraha,2068/69,Conducted by health workers,Home,1788
Siraha,2068/69,,Birthing Center (HP/SHP),1289
Siraha,2068/69,,At BEOC/CEOC centers,5169
Dhanusa,2068/69,Conducted by SBA,Health Institution,8837
Dhanusa,2068/69,Conducted by SBA,Home,715
Dhanusa,2068/69,Conducted by health workers,Health Institution ,193
Dhanusa,2068/69,Conducted by health workers,Home,5341
Dhanusa,2068/69,,Birthing Center (HP/SHP),104
Dhanusa,2068/69,,At BEOC/CEOC centers,0
Mahottari,2068/69,Conducted by SBA,Health Institution,2829
Mahottari,2068/69,Conducted by SBA,Home,649
Mahottari,2068/69,Conducted by health workers,Health Institution ,708
Mahottari,2068/69,Conducted by health workers,Home,6257
Mahottari,2068/69,,Birthing Center (HP/SHP),337
Mahottari,2068/69,,At BEOC/CEOC centers,67
Sarlahi,2068/69,Conducted by SBA,Health Institution,4240
Sarlahi,2068/69,Conducted by SBA,Home,1218
Sarlahi,2068/69,Conducted by health workers,Health Institution ,82
Sarlahi,2068/69,Conducted by health workers,Home,2997
Sarlahi,2068/69,,Birthing Center (HP/SHP),2210
Sarlahi,2068/69,,At BEOC/CEOC centers,7
Sindhuli,2068/69,Conducted by SBA,Health Institution,1153
Sindhuli,2068/69,Conducted by SBA,Home,354
Sindhuli,2068/69,Conducted by health workers,Health Institution ,180
Sindhuli,2068/69,Conducted by health workers,Home,580
Sindhuli,2068/69,,Birthing Center (HP/SHP),724
Sindhuli,2068/69,,At BEOC/CEOC centers,316
Ramechhap,2068/69,Conducted by SBA,Health Institution,1192
Ramechhap,2068/69,Conducted by SBA,Home,146
Ramechhap,2068/69,Conducted by health workers,Health Institution ,80
Ramechhap,2068/69,Conducted by health workers,Home,348
Ramechhap,2068/69,,Birthing Center (HP/SHP),1106
Ramechhap,2068/69,,At BEOC/CEOC centers,128
Dolakha,2068/69,Conducted by SBA,Health Institution,964
Dolakha,2068/69,Conducted by SBA,Home,155
Dolakha,2068/69,Conducted by health workers,Health Institution ,54
Dolakha,2068/69,Conducted by health workers,Home,556
Dolakha,2068/69,,Birthing Center (HP/SHP),457
Dolakha,2068/69,,At BEOC/CEOC centers,460
Sindhupalchok,2068/69,Conducted by SBA,Health Institution,1290
Sindhupalchok,2068/69,Conducted by SBA,Home,96
Sindhupalchok,2068/69,Conducted by health workers,Health Institution ,98
Sindhupalchok,2068/69,Conducted by health workers,Home,328
Sindhupalchok,2068/69,,Birthing Center (HP/SHP),352
Sindhupalchok,2068/69,,At BEOC/CEOC centers,845
Kabhre,2068/69,Conducted by SBA,Health Institution,4995
Kabhre,2068/69,Conducted by SBA,Home,74
Kabhre,2068/69,Conducted by health workers,Health Institution ,43
Kabhre,2068/69,Conducted by health workers,Home,113
Kabhre,2068/69,,Birthing Center (HP/SHP),951
Kabhre,2068/69,,At BEOC/CEOC centers,4071
Lalitpur,2068/69,Conducted by SBA,Health Institution,9671
Lalitpur,2068/69,Conducted by SBA,Home,24
Lalitpur,2068/69,Conducted by health workers,Health Institution ,0
Lalitpur,2068/69,Conducted by health workers,Home,0
Lalitpur,2068/69,,Birthing Center (HP/SHP),0
Lalitpur,2068/69,,At BEOC/CEOC centers,0
Bhaktapur,2068/69,Conducted by SBA,Health Institution,254
Bhaktapur,2068/69,Conducted by SBA,Home,1
Bhaktapur,2068/69,Conducted by health workers,Health Institution ,4
Bhaktapur,2068/69,Conducted by health workers,Home,1
Bhaktapur,2068/69,,Birthing Center (HP/SHP),0
Bhaktapur,2068/69,,At BEOC/CEOC centers,0
Kathmandu,2068/69,Conducted by SBA,Health Institution,26772
Kathmandu,2068/69,Conducted by SBA,Home,173
Kathmandu,2068/69,Conducted by health workers,Health Institution ,561
Kathmandu,2068/69,Conducted by health workers,Home,160
Kathmandu,2068/69,,Birthing Center (HP/SHP),109
Kathmandu,2068/69,,At BEOC/CEOC centers,18
Nuwakot,2068/69,Conducted by SBA,Health Institution,986
Nuwakot,2068/69,Conducted by SBA,Home,345
Nuwakot,2068/69,Conducted by health workers,Health Institution ,147
Nuwakot,2068/69,Conducted by health workers,Home,318
Nuwakot,2068/69,,Birthing Center (HP/SHP),361
Nuwakot,2068/69,,At BEOC/CEOC centers,529
Rasuwa,2068/69,Conducted by SBA,Health Institution,193
Rasuwa,2068/69,Conducted by SBA,Home,8
Rasuwa,2068/69,Conducted by health workers,Health Institution ,30
Rasuwa,2068/69,Conducted by health workers,Home,50
Rasuwa,2068/69,,Birthing Center (HP/SHP),126
Rasuwa,2068/69,,At BEOC/CEOC centers,35
Dhading,2068/69,Conducted by SBA,Health Institution,3069
Dhading,2068/69,Conducted by SBA,Home,27
Dhading,2068/69,Conducted by health workers,Health Institution ,207
Dhading,2068/69,Conducted by health workers,Home,103
Dhading,2068/69,,Birthing Center (HP/SHP),2291
Dhading,2068/69,,At BEOC/CEOC centers,961
Makwanpur,2068/69,Conducted by SBA,Health Institution,2527
Makwanpur,2068/69,Conducted by SBA,Home,41
Makwanpur,2068/69,Conducted by health workers,Health Institution ,261
Makwanpur,2068/69,Conducted by health workers,Home,13
Makwanpur,2068/69,,Birthing Center (HP/SHP),881
Makwanpur,2068/69,,At BEOC/CEOC centers,1247
Rautahat,2068/69,Conducted by SBA,Health Institution,2081
Rautahat,2068/69,Conducted by SBA,Home,1192
Rautahat,2068/69,Conducted by health workers,Health Institution ,501
Rautahat,2068/69,Conducted by health workers,Home,6192
Rautahat,2068/69,,Birthing Center (HP/SHP),484
Rautahat,2068/69,,At BEOC/CEOC centers,0
Bara,2068/69,Conducted by SBA,Health Institution,4187
Bara,2068/69,Conducted by SBA,Home,817
Bara,2068/69,Conducted by health workers,Health Institution ,684
Bara,2068/69,Conducted by health workers,Home,4311
Bara,2068/69,,Birthing Center (HP/SHP),1690
Bara,2068/69,,At BEOC/CEOC centers,2185
Parsa,2068/69,Conducted by SBA,Health Institution,5679
Parsa,2068/69,Conducted by SBA,Home,24
Parsa,2068/69,Conducted by health workers,Health Institution ,1999
Parsa,2068/69,Conducted by health workers,Home,6
Parsa,2068/69,,Birthing Center (HP/SHP),0
Parsa,2068/69,,At BEOC/CEOC centers,0
Chitawan,2068/69,Conducted by SBA,Health Institution,9856
Chitawan,2068/69,Conducted by SBA,Home,95
Chitawan,2068/69,Conducted by health workers,Health Institution ,133
Chitawan,2068/69,Conducted by health workers,Home,128
Chitawan,2068/69,,Birthing Center (HP/SHP),831
Chitawan,2068/69,,At BEOC/CEOC centers,3858
Gorkha,2068/69,Conducted by SBA,Health Institution,1591
Gorkha,2068/69,Conducted by SBA,Home,87
Gorkha,2068/69,Conducted by health workers,Health Institution ,124
Gorkha,2068/69,Conducted by health workers,Home,258
Gorkha,2068/69,,Birthing Center (HP/SHP),338
Gorkha,2068/69,,At BEOC/CEOC centers,1142
Lamjung,2068/69,Conducted by SBA,Health Institution,1565
Lamjung,2068/69,Conducted by SBA,Home,70
Lamjung,2068/69,Conducted by health workers,Health Institution ,89
Lamjung,2068/69,Conducted by health workers,Home,514
Lamjung,2068/69,,Birthing Center (HP/SHP),513
Lamjung,2068/69,,At BEOC/CEOC centers,698
Tanahu,2068/69,Conducted by SBA,Health Institution,1475
Tanahu,2068/69,Conducted by SBA,Home,85
Tanahu,2068/69,Conducted by health workers,Health Institution ,47
Tanahu,2068/69,Conducted by health workers,Home,150
Tanahu,2068/69,,Birthing Center (HP/SHP),382
Tanahu,2068/69,,At BEOC/CEOC centers,969
Syangja,2068/69,Conducted by SBA,Health Institution,1640
Syangja,2068/69,Conducted by SBA,Home,95
Syangja,2068/69,Conducted by health workers,Health Institution ,48
Syangja,2068/69,Conducted by health workers,Home,360
Syangja,2068/69,,Birthing Center (HP/SHP),536
Syangja,2068/69,,At BEOC/CEOC centers,527
Kaski,2068/69,Conducted by SBA,Health Institution,12640
Kaski,2068/69,Conducted by SBA,Home,115
Kaski,2068/69,Conducted by health workers,Health Institution ,103
Kaski,2068/69,Conducted by health workers,Home,144
Kaski,2068/69,,Birthing Center (HP/SHP),437
Kaski,2068/69,,At BEOC/CEOC centers,12242
Manang,2068/69,Conducted by SBA,Health Institution,9
Manang,2068/69,Conducted by SBA,Home,3
Manang,2068/69,Conducted by health workers,Health Institution ,2
Manang,2068/69,Conducted by health workers,Home,3
Manang,2068/69,,Birthing Center (HP/SHP),2
Manang,2068/69,,At BEOC/CEOC centers,4
Mustang,2068/69,Conducted by SBA,Health Institution,76
Mustang,2068/69,Conducted by SBA,Home,3
Mustang,2068/69,Conducted by health workers,Health Institution ,8
Mustang,2068/69,Conducted by health workers,Home,8
Mustang,2068/69,,Birthing Center (HP/SHP),16
Mustang,2068/69,,At BEOC/CEOC centers,52
Myagdi,2068/69,Conducted by SBA,Health Institution,835
Myagdi,2068/69,Conducted by SBA,Home,201
Myagdi,2068/69,Conducted by health workers,Health Institution ,23
Myagdi,2068/69,Conducted by health workers,Home,344
Myagdi,2068/69,,Birthing Center (HP/SHP),313
Myagdi,2068/69,,At BEOC/CEOC centers,286
Parbat,2068/69,Conducted by SBA,Health Institution,863
Parbat,2068/69,Conducted by SBA,Home,333
Parbat,2068/69,Conducted by health workers,Health Institution ,18
Parbat,2068/69,Conducted by health workers,Home,278
Parbat,2068/69,,Birthing Center (HP/SHP),292
Parbat,2068/69,,At BEOC/CEOC centers,439
Baglung,2068/69,Conducted by SBA,Health Institution,1951
Baglung,2068/69,Conducted by SBA,Home,380
Baglung,2068/69,Conducted by health workers,Health Institution ,340
Baglung,2068/69,Conducted by health workers,Home,865
Baglung,2068/69,,Birthing Center (HP/SHP),494
Baglung,2068/69,,At BEOC/CEOC centers,1183
Gulmi,2068/69,Conducted by SBA,Health Institution,1633
Gulmi,2068/69,Conducted by SBA,Home,519
Gulmi,2068/69,Conducted by health workers,Health Institution ,144
Gulmi,2068/69,Conducted by health workers,Home,925
Gulmi,2068/69,,Birthing Center (HP/SHP),713
Gulmi,2068/69,,At BEOC/CEOC centers,1132
Palpa,2068/69,Conducted by SBA,Health Institution,3752
Palpa,2068/69,Conducted by SBA,Home,112
Palpa,2068/69,Conducted by health workers,Health Institution ,40
Palpa,2068/69,Conducted by health workers,Home,128
Palpa,2068/69,,Birthing Center (HP/SHP),356
Palpa,2068/69,,At BEOC/CEOC centers,2787
Nawalparasi,2068/69,Conducted by SBA,Health Institution,3512
Nawalparasi,2068/69,Conducted by SBA,Home,130
Nawalparasi,2068/69,Conducted by health workers,Health Institution ,188
Nawalparasi,2068/69,Conducted by health workers,Home,286
Nawalparasi,2068/69,,Birthing Center (HP/SHP),672
Nawalparasi,2068/69,,At BEOC/CEOC centers,2511
Rupandehi,2068/69,Conducted by SBA,Health Institution,20965
Rupandehi,2068/69,Conducted by SBA,Home,0
Rupandehi,2068/69,Conducted by health workers,Health Institution ,1463
Rupandehi,2068/69,Conducted by health workers,Home,2178
Rupandehi,2068/69,,Birthing Center (HP/SHP),0
Rupandehi,2068/69,,At BEOC/CEOC centers,0
Kapilbastu,2068/69,Conducted by SBA,Health Institution,1363
Kapilbastu,2068/69,Conducted by SBA,Home,1046
Kapilbastu,2068/69,Conducted by health workers,Health Institution ,193
Kapilbastu,2068/69,Conducted by health workers,Home,3227
Kapilbastu,2068/69,,Birthing Center (HP/SHP),410
Kapilbastu,2068/69,,At BEOC/CEOC centers,891
Arghakhanchi,2068/69,Conducted by SBA,Health Institution,1245
Arghakhanchi,2068/69,Conducted by SBA,Home,162
Arghakhanchi,2068/69,Conducted by health workers,Health Institution ,52
Arghakhanchi,2068/69,Conducted by health workers,Home,285
Arghakhanchi,2068/69,,Birthing Center (HP/SHP),393
Arghakhanchi,2068/69,,At BEOC/CEOC centers,141
Pyuthan,2068/69,Conducted by SBA,Health Institution,1318
Pyuthan,2068/69,Conducted by SBA,Home,54
Pyuthan,2068/69,Conducted by health workers,Health Institution ,71
Pyuthan,2068/69,Conducted by health workers,Home,432
Pyuthan,2068/69,,Birthing Center (HP/SHP),456
Pyuthan,2068/69,,At BEOC/CEOC centers,839
Rolpa,2068/69,Conducted by SBA,Health Institution,1689
Rolpa,2068/69,Conducted by SBA,Home,71
Rolpa,2068/69,Conducted by health workers,Health Institution ,156
Rolpa,2068/69,Conducted by health workers,Home,93
Rolpa,2068/69,,Birthing Center (HP/SHP),1465
Rolpa,2068/69,,At BEOC/CEOC centers,319
Rukum,2068/69,Conducted by SBA,Health Institution,1224
Rukum,2068/69,Conducted by SBA,Home,165
Rukum,2068/69,Conducted by health workers,Health Institution ,127
Rukum,2068/69,Conducted by health workers,Home,533
Rukum,2068/69,,Birthing Center (HP/SHP),1207
Rukum,2068/69,,At BEOC/CEOC centers,152
Salyan,2068/69,Conducted by SBA,Health Institution,1792
Salyan,2068/69,Conducted by SBA,Home,28
Salyan,2068/69,Conducted by health workers,Health Institution ,145
Salyan,2068/69,Conducted by health workers,Home,82
Salyan,2068/69,,Birthing Center (HP/SHP),1355
Salyan,2068/69,,At BEOC/CEOC centers,8
Dang,2068/69,Conducted by SBA,Health Institution,7047
Dang,2068/69,Conducted by SBA,Home,49
Dang,2068/69,Conducted by health workers,Health Institution ,641
Dang,2068/69,Conducted by health workers,Home,67
Dang,2068/69,,Birthing Center (HP/SHP),2835
Dang,2068/69,,At BEOC/CEOC centers,3796
Banke,2068/69,Conducted by SBA,Health Institution,11295
Banke,2068/69,Conducted by SBA,Home,90
Banke,2068/69,Conducted by health workers,Health Institution ,36
Banke,2068/69,Conducted by health workers,Home,136
Banke,2068/69,,Birthing Center (HP/SHP),1604
Banke,2068/69,,At BEOC/CEOC centers,9705
Bardiya,2068/69,Conducted by SBA,Health Institution,5047
Bardiya,2068/69,Conducted by SBA,Home,25
Bardiya,2068/69,Conducted by health workers,Health Institution ,11
Bardiya,2068/69,Conducted by health workers,Home,29
Bardiya,2068/69,,Birthing Center (HP/SHP),3270
Bardiya,2068/69,,At BEOC/CEOC centers,1787
Surkhet,2068/69,Conducted by SBA,Health Institution,6095
Surkhet,2068/69,Conducted by SBA,Home,16
Surkhet,2068/69,Conducted by health workers,Health Institution ,151
Surkhet,2068/69,Conducted by health workers,Home,211
Surkhet,2068/69,,Birthing Center (HP/SHP),2365
Surkhet,2068/69,,At BEOC/CEOC centers,3802
Dailekh,2068/69,Conducted by SBA,Health Institution,4202
Dailekh,2068/69,Conducted by SBA,Home,39
Dailekh,2068/69,Conducted by health workers,Health Institution ,196
Dailekh,2068/69,Conducted by health workers,Home,58
Dailekh,2068/69,,Birthing Center (HP/SHP),3435
Dailekh,2068/69,,At BEOC/CEOC centers,963
Jajarkot,2068/69,Conducted by SBA,Health Institution,970
Jajarkot,2068/69,Conducted by SBA,Home,115
Jajarkot,2068/69,Conducted by health workers,Health Institution ,211
Jajarkot,2068/69,Conducted by health workers,Home,399
Jajarkot,2068/69,,Birthing Center (HP/SHP),775
Jajarkot,2068/69,,At BEOC/CEOC centers,124
Dolpa,2068/69,Conducted by SBA,Health Institution,145
Dolpa,2068/69,Conducted by SBA,Home,49
Dolpa,2068/69,Conducted by health workers,Health Institution ,4
Dolpa,2068/69,Conducted by health workers,Home,65
Dolpa,2068/69,,Birthing Center (HP/SHP),1
Dolpa,2068/69,,At BEOC/CEOC centers,74
Jumla,2068/69,Conducted by SBA,Health Institution,1218
Jumla,2068/69,Conducted by SBA,Home,197
Jumla,2068/69,Conducted by health workers,Health Institution ,85
Jumla,2068/69,Conducted by health workers,Home,232
Jumla,2068/69,,Birthing Center (HP/SHP),505
Jumla,2068/69,,At BEOC/CEOC centers,11
Kalikot,2068/69,Conducted by SBA,Health Institution,1150
Kalikot,2068/69,Conducted by SBA,Home,128
Kalikot,2068/69,Conducted by health workers,Health Institution ,92
Kalikot,2068/69,Conducted by health workers,Home,130
Kalikot,2068/69,,Birthing Center (HP/SHP),860
Kalikot,2068/69,,At BEOC/CEOC centers,348
Mugu,2068/69,Conducted by SBA,Health Institution,535
Mugu,2068/69,Conducted by SBA,Home,80
Mugu,2068/69,Conducted by health workers,Health Institution ,41
Mugu,2068/69,Conducted by health workers,Home,198
Mugu,2068/69,,Birthing Center (HP/SHP),258
Mugu,2068/69,,At BEOC/CEOC centers,111
Humla,2068/69,Conducted by SBA,Health Institution,599
Humla,2068/69,Conducted by SBA,Home,96
Humla,2068/69,Conducted by health workers,Health Institution ,85
Humla,2068/69,Conducted by health workers,Home,195
Humla,2068/69,,Birthing Center (HP/SHP),684
Humla,2068/69,,At BEOC/CEOC centers,120
Bajura,2068/69,Conducted by SBA,Health Institution,1143
Bajura,2068/69,Conducted by SBA,Home,57
Bajura,2068/69,Conducted by health workers,Health Institution ,202
Bajura,2068/69,Conducted by health workers,Home,86
Bajura,2068/69,,Birthing Center (HP/SHP),768
Bajura,2068/69,,At BEOC/CEOC centers,373
Bajhang,2068/69,Conducted by SBA,Health Institution,1709
Bajhang,2068/69,Conducted by SBA,Home,75
Bajhang,2068/69,Conducted by health workers,Health Institution ,296
Bajhang,2068/69,Conducted by health workers,Home,486
Bajhang,2068/69,,Birthing Center (HP/SHP),1259
Bajhang,2068/69,,At BEOC/CEOC centers,595
Achham,2068/69,Conducted by SBA,Health Institution,2631
Achham,2068/69,Conducted by SBA,Home,108
Achham,2068/69,Conducted by health workers,Health Institution ,165
Achham,2068/69,Conducted by health workers,Home,678
Achham,2068/69,,Birthing Center (HP/SHP),2726
Achham,2068/69,,At BEOC/CEOC centers,415
Doti,2068/69,Conducted by SBA,Health Institution,2856
Doti,2068/69,Conducted by SBA,Home,116
Doti,2068/69,Conducted by health workers,Health Institution ,203
Doti,2068/69,Conducted by health workers,Home,152
Doti,2068/69,,Birthing Center (HP/SHP),2940
Doti,2068/69,,At BEOC/CEOC centers,7
Kailali,2068/69,Conducted by SBA,Health Institution,11636
Kailali,2068/69,Conducted by SBA,Home,129
Kailali,2068/69,Conducted by health workers,Health Institution ,638
Kailali,2068/69,Conducted by health workers,Home,75
Kailali,2068/69,,Birthing Center (HP/SHP),3514
Kailali,2068/69,,At BEOC/CEOC centers,8434
Kanchanpur,2068/69,Conducted by SBA,Health Institution,5805
Kanchanpur,2068/69,Conducted by SBA,Home,2
Kanchanpur,2068/69,Conducted by health workers,Health Institution ,0
Kanchanpur,2068/69,Conducted by health workers,Home,23
Kanchanpur,2068/69,,Birthing Center (HP/SHP),2647
Kanchanpur,2068/69,,At BEOC/CEOC centers,3160
Dadeldhura,2068/69,Conducted by SBA,Health Institution,1796
Dadeldhura,2068/69,Conducted by SBA,Home,347
Dadeldhura,2068/69,Conducted by health workers,Health Institution ,404
Dadeldhura,2068/69,Conducted by health workers,Home,25
Dadeldhura,2068/69,,Birthing Center (HP/SHP),661
Dadeldhura,2068/69,,At BEOC/CEOC centers,0
Baitadi,2068/69,Conducted by SBA,Health Institution,759
Baitadi,2068/69,Conducted by SBA,Home,121
Baitadi,2068/69,Conducted by health workers,Health Institution ,274
Baitadi,2068/69,Conducted by health workers,Home,345
Baitadi,2068/69,,Birthing Center (HP/SHP),497
Baitadi,2068/69,,At BEOC/CEOC centers,241
Darchula,2068/69,Conducted by SBA,Health Institution,1322
Darchula,2068/69,Conducted by SBA,Home,37
Darchula,2068/69,Conducted by health workers,Health Institution ,65
Darchula,2068/69,Conducted by health workers,Home,302
Darchula,2068/69,,Birthing Center (HP/SHP),618
Darchula,2068/69,,At BEOC/CEOC centers,736
Taplejung,2069/70,Conducted by SBA,Health Institution,654
Taplejung,2069/70,Conducted by SBA,Home,78
Taplejung,2069/70,Conducted by health workers,Health Institution ,114
Taplejung,2069/70,Conducted by health workers,Home,536
Taplejung,2069/70,,Birthing Center (HP/SHP),239
Taplejung,2069/70,,At BEOC/CEOC centers,329
Panchthar,2069/70,Conducted by SBA,Health Institution,1661
Panchthar,2069/70,Conducted by SBA,Home,57
Panchthar,2069/70,Conducted by health workers,Health Institution ,33
Panchthar,2069/70,Conducted by health workers,Home,211
Panchthar,2069/70,,Birthing Center (HP/SHP),742
Panchthar,2069/70,,At BEOC/CEOC centers,950
Ilam,2069/70,Conducted by SBA,Health Institution,1443
Ilam,2069/70,Conducted by SBA,Home,158
Ilam,2069/70,Conducted by health workers,Health Institution ,69
Ilam,2069/70,Conducted by health workers,Home,275
Ilam,2069/70,,Birthing Center (HP/SHP),471
Ilam,2069/70,,At BEOC/CEOC centers,946
Jhapa,2069/70,Conducted by SBA,Health Institution,14204
Jhapa,2069/70,Conducted by SBA,Home,178
Jhapa,2069/70,Conducted by health workers,Health Institution ,11
Jhapa,2069/70,Conducted by health workers,Home,257
Jhapa,2069/70,,Birthing Center (HP/SHP),598
Jhapa,2069/70,,At BEOC/CEOC centers,12832
Morang,2069/70,Conducted by SBA,Health Institution,16509
Morang,2069/70,Conducted by SBA,Home,62
Morang,2069/70,Conducted by health workers,Health Institution ,0
Morang,2069/70,Conducted by health workers,Home,163
Morang,2069/70,,Birthing Center (HP/SHP),123
Morang,2069/70,,At BEOC/CEOC centers,16381
Sunsari,2069/70,Conducted by SBA,Health Institution,15130
Sunsari,2069/70,Conducted by SBA,Home,73
Sunsari,2069/70,Conducted by health workers,Health Institution ,0
Sunsari,2069/70,Conducted by health workers,Home,54
Sunsari,2069/70,,Birthing Center (HP/SHP),3552
Sunsari,2069/70,,At BEOC/CEOC centers,11531
Dhankuta,2069/70,Conducted by SBA,Health Institution,619
Dhankuta,2069/70,Conducted by SBA,Home,86
Dhankuta,2069/70,Conducted by health workers,Health Institution ,30
Dhankuta,2069/70,Conducted by health workers,Home,323
Dhankuta,2069/70,,Birthing Center (HP/SHP),312
Dhankuta,2069/70,,At BEOC/CEOC centers,35
Teharthum,2069/70,Conducted by SBA,Health Institution,555
Teharthum,2069/70,Conducted by SBA,Home,42
Teharthum,2069/70,Conducted by health workers,Health Institution ,40
Teharthum,2069/70,Conducted by health workers,Home,173
Teharthum,2069/70,,Birthing Center (HP/SHP),287
Teharthum,2069/70,,At BEOC/CEOC centers,295
Sankhuwasabha,2069/70,Conducted by SBA,Health Institution,1536
Sankhuwasabha,2069/70,Conducted by SBA,Home,53
Sankhuwasabha,2069/70,Conducted by health workers,Health Institution ,41
Sankhuwasabha,2069/70,Conducted by health workers,Home,62
Sankhuwasabha,2069/70,,Birthing Center (HP/SHP),907
Sankhuwasabha,2069/70,,At BEOC/CEOC centers,538
Bhojpur,2069/70,Conducted by SBA,Health Institution,601
Bhojpur,2069/70,Conducted by SBA,Home,46
Bhojpur,2069/70,Conducted by health workers,Health Institution ,188
Bhojpur,2069/70,Conducted by health workers,Home,192
Bhojpur,2069/70,,Birthing Center (HP/SHP),402
Bhojpur,2069/70,,At BEOC/CEOC centers,127
Solukhumbu,2069/70,Conducted by SBA,Health Institution,601
Solukhumbu,2069/70,Conducted by SBA,Home,250
Solukhumbu,2069/70,Conducted by health workers,Health Institution ,26
Solukhumbu,2069/70,Conducted by health workers,Home,242
Solukhumbu,2069/70,,Birthing Center (HP/SHP),170
Solukhumbu,2069/70,,At BEOC/CEOC centers,337
Okhaldhunga,2069/70,Conducted by SBA,Health Institution,1296
Okhaldhunga,2069/70,Conducted by SBA,Home,332
Okhaldhunga,2069/70,Conducted by health workers,Health Institution ,122
Okhaldhunga,2069/70,Conducted by health workers,Home,220
Okhaldhunga,2069/70,,Birthing Center (HP/SHP),621
Okhaldhunga,2069/70,,At BEOC/CEOC centers,700
Khotang,2069/70,Conducted by SBA,Health Institution,842
Khotang,2069/70,Conducted by SBA,Home,195
Khotang,2069/70,Conducted by health workers,Health Institution ,369
Khotang,2069/70,Conducted by health workers,Home,1001
Khotang,2069/70,,Birthing Center (HP/SHP),698
Khotang,2069/70,,At BEOC/CEOC centers,323
Udaypur,2069/70,Conducted by SBA,Health Institution,2450
Udaypur,2069/70,Conducted by SBA,Home,71
Udaypur,2069/70,Conducted by health workers,Health Institution ,143
Udaypur,2069/70,Conducted by health workers,Home,384
Udaypur,2069/70,,Birthing Center (HP/SHP),846
Udaypur,2069/70,,At BEOC/CEOC centers,1733
Saptari,2069/70,Conducted by SBA,Health Institution,7630
Saptari,2069/70,Conducted by SBA,Home,232
Saptari,2069/70,Conducted by health workers,Health Institution ,47
Saptari,2069/70,Conducted by health workers,Home,685
Saptari,2069/70,,Birthing Center (HP/SHP),2445
Saptari,2069/70,,At BEOC/CEOC centers,5179
Siraha,2069/70,Conducted by SBA,Health Institution,8290
Siraha,2069/70,Conducted by SBA,Home,1016
Siraha,2069/70,Conducted by health workers,Health Institution ,183
Siraha,2069/70,Conducted by health workers,Home,1332
Siraha,2069/70,,Birthing Center (HP/SHP),1088
Siraha,2069/70,,At BEOC/CEOC centers,6675
Dhanusha,2069/70,Conducted by SBA,Health Institution,562
Dhanusha,2069/70,Conducted by SBA,Home,1659
Dhanusha,2069/70,Conducted by health workers,Health Institution ,146
Dhanusha,2069/70,Conducted by health workers,Home,3092
Dhanusha,2069/70,,Birthing Center (HP/SHP),151
Dhanusha,2069/70,,At BEOC/CEOC centers,0
Mahottari,2069/70,Conducted by SBA,Health Institution,2573
Mahottari,2069/70,Conducted by SBA,Home,3789
Mahottari,2069/70,Conducted by health workers,Health Institution ,798
Mahottari,2069/70,Conducted by health workers,Home,2549
Mahottari,2069/70,,Birthing Center (HP/SHP),867
Mahottari,2069/70,,At BEOC/CEOC centers,67
Sarlahi,2069/70,Conducted by SBA,Health Institution,5030
Sarlahi,2069/70,Conducted by SBA,Home,1406
Sarlahi,2069/70,Conducted by health workers,Health Institution ,967
Sarlahi,2069/70,Conducted by health workers,Home,2293
Sarlahi,2069/70,,Birthing Center (HP/SHP),2621
Sarlahi,2069/70,,At BEOC/CEOC centers,62
Sindhuli,2069/70,Conducted by SBA,Health Institution,1174
Sindhuli,2069/70,Conducted by SBA,Home,165
Sindhuli,2069/70,Conducted by health workers,Health Institution ,166
Sindhuli,2069/70,Conducted by health workers,Home,584
Sindhuli,2069/70,,Birthing Center (HP/SHP),845
Sindhuli,2069/70,,At BEOC/CEOC centers,383
Ramechhap,2069/70,Conducted by SBA,Health Institution,1379
Ramechhap,2069/70,Conducted by SBA,Home,85
Ramechhap,2069/70,Conducted by health workers,Health Institution ,66
Ramechhap,2069/70,Conducted by health workers,Home,230
Ramechhap,2069/70,,Birthing Center (HP/SHP),1286
Ramechhap,2069/70,,At BEOC/CEOC centers,97
Dolkha,2069/70,Conducted by SBA,Health Institution,844
Dolkha,2069/70,Conducted by SBA,Home,404
Dolkha,2069/70,Conducted by health workers,Health Institution ,161
Dolkha,2069/70,Conducted by health workers,Home,281
Dolkha,2069/70,,Birthing Center (HP/SHP),460
Dolkha,2069/70,,At BEOC/CEOC centers,426
Sindhupalchowk,2069/70,Conducted by SBA,Health Institution,1194
Sindhupalchowk,2069/70,Conducted by SBA,Home,133
Sindhupalchowk,2069/70,Conducted by health workers,Health Institution ,54
Sindhupalchowk,2069/70,Conducted by health workers,Home,207
Sindhupalchowk,2069/70,,Birthing Center (HP/SHP),551
Sindhupalchowk,2069/70,,At BEOC/CEOC centers,548
Kavre,2069/70,Conducted by SBA,Health Institution,5351
Kavre,2069/70,Conducted by SBA,Home,62
Kavre,2069/70,Conducted by health workers,Health Institution ,40
Kavre,2069/70,Conducted by health workers,Home,49
Kavre,2069/70,,Birthing Center (HP/SHP),1024
Kavre,2069/70,,At BEOC/CEOC centers,4295
Lalitpur,2069/70,Conducted by SBA,Health Institution,10168
Lalitpur,2069/70,Conducted by SBA,Home,9
Lalitpur,2069/70,Conducted by health workers,Health Institution ,98
Lalitpur,2069/70,Conducted by health workers,Home,0
Lalitpur,2069/70,,Birthing Center (HP/SHP),0
Lalitpur,2069/70,,At BEOC/CEOC centers,0
Bhaktapur,2069/70,Conducted by SBA,Health Institution,373
Bhaktapur,2069/70,Conducted by SBA,Home,9
Bhaktapur,2069/70,Conducted by health workers,Health Institution ,5
Bhaktapur,2069/70,Conducted by health workers,Home,1
Bhaktapur,2069/70,,Birthing Center (HP/SHP),1
Bhaktapur,2069/70,,At BEOC/CEOC centers,0
Kathmandu,2069/70,Conducted by SBA,Health Institution,24298
Kathmandu,2069/70,Conducted by SBA,Home,242
Kathmandu,2069/70,Conducted by health workers,Health Institution ,308
Kathmandu,2069/70,Conducted by health workers,Home,18
Kathmandu,2069/70,,Birthing Center (HP/SHP),3068
Kathmandu,2069/70,,At BEOC/CEOC centers,1405
Nuwakot,2069/70,Conducted by SBA,Health Institution,1244
Nuwakot,2069/70,Conducted by SBA,Home,237
Nuwakot,2069/70,Conducted by health workers,Health Institution ,202
Nuwakot,2069/70,Conducted by health workers,Home,398
Nuwakot,2069/70,,Birthing Center (HP/SHP),330
Nuwakot,2069/70,,At BEOC/CEOC centers,149
Rasuwa,2069/70,Conducted by SBA,Health Institution,219
Rasuwa,2069/70,Conducted by SBA,Home,13
Rasuwa,2069/70,Conducted by health workers,Health Institution ,29
Rasuwa,2069/70,Conducted by health workers,Home,33
Rasuwa,2069/70,,Birthing Center (HP/SHP),141
Rasuwa,2069/70,,At BEOC/CEOC centers,53
Dhading,2069/70,Conducted by SBA,Health Institution,3306
Dhading,2069/70,Conducted by SBA,Home,9
Dhading,2069/70,Conducted by health workers,Health Institution ,80
Dhading,2069/70,Conducted by health workers,Home,10
Dhading,2069/70,,Birthing Center (HP/SHP),2339
Dhading,2069/70,,At BEOC/CEOC centers,1044
Makawanpur,2069/70,Conducted by SBA,Health Institution,2393
Makawanpur,2069/70,Conducted by SBA,Home,186
Makawanpur,2069/70,Conducted by health workers,Health Institution ,112
Makawanpur,2069/70,Conducted by health workers,Home,30
Makawanpur,2069/70,,Birthing Center (HP/SHP),1044
Makawanpur,2069/70,,At BEOC/CEOC centers,786
Rautahat,2069/70,Conducted by SBA,Health Institution,2920
Rautahat,2069/70,Conducted by SBA,Home,1432
Rautahat,2069/70,Conducted by health workers,Health Institution ,657
Rautahat,2069/70,Conducted by health workers,Home,9234
Rautahat,2069/70,,Birthing Center (HP/SHP),1352
Rautahat,2069/70,,At BEOC/CEOC centers,9
Bara,2069/70,Conducted by SBA,Health Institution,4743
Bara,2069/70,Conducted by SBA,Home,658
Bara,2069/70,Conducted by health workers,Health Institution ,268
Bara,2069/70,Conducted by health workers,Home,2813
Bara,2069/70,,Birthing Center (HP/SHP),2001
Bara,2069/70,,At BEOC/CEOC centers,19
Parsa,2069/70,Conducted by SBA,Health Institution,972
Parsa,2069/70,Conducted by SBA,Home,0
Parsa,2069/70,Conducted by health workers,Health Institution ,3247
Parsa,2069/70,Conducted by health workers,Home,0
Parsa,2069/70,,Birthing Center (HP/SHP),0
Parsa,2069/70,,At BEOC/CEOC centers,0
Chitwan,2069/70,Conducted by SBA,Health Institution,14084
Chitwan,2069/70,Conducted by SBA,Home,58
Chitwan,2069/70,Conducted by health workers,Health Institution ,58
Chitwan,2069/70,Conducted by health workers,Home,61
Chitwan,2069/70,,Birthing Center (HP/SHP),686
Chitwan,2069/70,,At BEOC/CEOC centers,11786
Gorkha,2069/70,Conducted by SBA,Health Institution,1396
Gorkha,2069/70,Conducted by SBA,Home,36
Gorkha,2069/70,Conducted by health workers,Health Institution ,77
Gorkha,2069/70,Conducted by health workers,Home,247
Gorkha,2069/70,,Birthing Center (HP/SHP),442
Gorkha,2069/70,,At BEOC/CEOC centers,936
Lamjung,2069/70,Conducted by SBA,Health Institution,1603
Lamjung,2069/70,Conducted by SBA,Home,116
Lamjung,2069/70,Conducted by health workers,Health Institution ,73
Lamjung,2069/70,Conducted by health workers,Home,73
Lamjung,2069/70,,Birthing Center (HP/SHP),666
Lamjung,2069/70,,At BEOC/CEOC centers,1058
Tanahu,2069/70,Conducted by SBA,Health Institution,1524
Tanahu,2069/70,Conducted by SBA,Home,94
Tanahu,2069/70,Conducted by health workers,Health Institution ,35
Tanahu,2069/70,Conducted by health workers,Home,96
Tanahu,2069/70,,Birthing Center (HP/SHP),304
Tanahu,2069/70,,At BEOC/CEOC centers,1002
Syangja,2069/70,Conducted by SBA,Health Institution,1391
Syangja,2069/70,Conducted by SBA,Home,194
Syangja,2069/70,Conducted by health workers,Health Institution ,63
Syangja,2069/70,Conducted by health workers,Home,178
Syangja,2069/70,,Birthing Center (HP/SHP),317
Syangja,2069/70,,At BEOC/CEOC centers,1111
Kaski,2069/70,Conducted by SBA,Health Institution,12965
Kaski,2069/70,Conducted by SBA,Home,149
Kaski,2069/70,Conducted by health workers,Health Institution ,57
Kaski,2069/70,Conducted by health workers,Home,89
Kaski,2069/70,,Birthing Center (HP/SHP),381
Kaski,2069/70,,At BEOC/CEOC centers,12593
Manang,2069/70,Conducted by SBA,Health Institution,8
Manang,2069/70,Conducted by SBA,Home,3
Manang,2069/70,Conducted by health workers,Health Institution ,2
Manang,2069/70,Conducted by health workers,Home,2
Manang,2069/70,,Birthing Center (HP/SHP),0
Manang,2069/70,,At BEOC/CEOC centers,3
Mustang,2069/70,Conducted by SBA,Health Institution,12
Mustang,2069/70,Conducted by SBA,Home,4
Mustang,2069/70,Conducted by health workers,Health Institution ,12
Mustang,2069/70,Conducted by health workers,Home,7
Mustang,2069/70,,Birthing Center (HP/SHP),16
Mustang,2069/70,,At BEOC/CEOC centers,24
Myagdi,2069/70,Conducted by SBA,Health Institution,878
Myagdi,2069/70,Conducted by SBA,Home,214
Myagdi,2069/70,Conducted by health workers,Health Institution ,78
Myagdi,2069/70,Conducted by health workers,Home,273
Myagdi,2069/70,,Birthing Center (HP/SHP),305
Myagdi,2069/70,,At BEOC/CEOC centers,535
Parbat,2069/70,Conducted by SBA,Health Institution,834
Parbat,2069/70,Conducted by SBA,Home,216
Parbat,2069/70,Conducted by health workers,Health Institution ,26
Parbat,2069/70,Conducted by health workers,Home,144
Parbat,2069/70,,Birthing Center (HP/SHP),221
Parbat,2069/70,,At BEOC/CEOC centers,345
Baglung,2069/70,Conducted by SBA,Health Institution,1937
Baglung,2069/70,Conducted by SBA,Home,317
Baglung,2069/70,Conducted by health workers,Health Institution ,273
Baglung,2069/70,Conducted by health workers,Home,427
Baglung,2069/70,,Birthing Center (HP/SHP),572
Baglung,2069/70,,At BEOC/CEOC centers,1208
Gulmi,2069/70,Conducted by SBA,Health Institution,1974
Gulmi,2069/70,Conducted by SBA,Home,465
Gulmi,2069/70,Conducted by health workers,Health Institution ,56
Gulmi,2069/70,Conducted by health workers,Home,576
Gulmi,2069/70,,Birthing Center (HP/SHP),810
Gulmi,2069/70,,At BEOC/CEOC centers,990
Palpa,2069/70,Conducted by SBA,Health Institution,3782
Palpa,2069/70,Conducted by SBA,Home,316
Palpa,2069/70,Conducted by health workers,Health Institution ,156
Palpa,2069/70,Conducted by health workers,Home,116
Palpa,2069/70,,Birthing Center (HP/SHP),393
Palpa,2069/70,,At BEOC/CEOC centers,288
Nawalparasi,2069/70,Conducted by SBA,Health Institution,3406
Nawalparasi,2069/70,Conducted by SBA,Home,520
Nawalparasi,2069/70,Conducted by health workers,Health Institution ,177
Nawalparasi,2069/70,Conducted by health workers,Home,135
Nawalparasi,2069/70,,Birthing Center (HP/SHP),808
Nawalparasi,2069/70,,At BEOC/CEOC centers,2556
Rupandehi,2069/70,Conducted by SBA,Health Institution,16435
Rupandehi,2069/70,Conducted by SBA,Home,0
Rupandehi,2069/70,Conducted by health workers,Health Institution ,2469
Rupandehi,2069/70,Conducted by health workers,Home,213
Rupandehi,2069/70,,Birthing Center (HP/SHP),0
Rupandehi,2069/70,,At BEOC/CEOC centers,0
Kapilvastu,2069/70,Conducted by SBA,Health Institution,1048
Kapilvastu,2069/70,Conducted by SBA,Home,1116
Kapilvastu,2069/70,Conducted by health workers,Health Institution ,237
Kapilvastu,2069/70,Conducted by health workers,Home,2786
Kapilvastu,2069/70,,Birthing Center (HP/SHP),648
Kapilvastu,2069/70,,At BEOC/CEOC centers,3
Arghakhanchi,2069/70,Conducted by SBA,Health Institution,1129
Arghakhanchi,2069/70,Conducted by SBA,Home,197
Arghakhanchi,2069/70,Conducted by health workers,Health Institution ,32
Arghakhanchi,2069/70,Conducted by health workers,Home,184
Arghakhanchi,2069/70,,Birthing Center (HP/SHP),392
Arghakhanchi,2069/70,,At BEOC/CEOC centers,678
Pyuthan,2069/70,Conducted by SBA,Health Institution,1516
Pyuthan,2069/70,Conducted by SBA,Home,48
Pyuthan,2069/70,Conducted by health workers,Health Institution ,89
Pyuthan,2069/70,Conducted by health workers,Home,188
Pyuthan,2069/70,,Birthing Center (HP/SHP),695
Pyuthan,2069/70,,At BEOC/CEOC centers,624
Rolpa,2069/70,Conducted by SBA,Health Institution,1854
Rolpa,2069/70,Conducted by SBA,Home,13
Rolpa,2069/70,Conducted by health workers,Health Institution ,38
Rolpa,2069/70,Conducted by health workers,Home,33
Rolpa,2069/70,,Birthing Center (HP/SHP),1514
Rolpa,2069/70,,At BEOC/CEOC centers,374
Rukum,2069/70,Conducted by SBA,Health Institution,1670
Rukum,2069/70,Conducted by SBA,Home,307
Rukum,2069/70,Conducted by health workers,Health Institution ,129
Rukum,2069/70,Conducted by health workers,Home,200
Rukum,2069/70,,Birthing Center (HP/SHP),894
Rukum,2069/70,,At BEOC/CEOC centers,455
Salyan,2069/70,Conducted by SBA,Health Institution,1949
Salyan,2069/70,Conducted by SBA,Home,35
Salyan,2069/70,Conducted by health workers,Health Institution ,72
Salyan,2069/70,Conducted by health workers,Home,35
Salyan,2069/70,,Birthing Center (HP/SHP),1469
Salyan,2069/70,,At BEOC/CEOC centers,552
Dang,2069/70,Conducted by SBA,Health Institution,7405
Dang,2069/70,Conducted by SBA,Home,40
Dang,2069/70,Conducted by health workers,Health Institution ,113
Dang,2069/70,Conducted by health workers,Home,2
Dang,2069/70,,Birthing Center (HP/SHP),2475
Dang,2069/70,,At BEOC/CEOC centers,757
Banke,2069/70,Conducted by SBA,Health Institution,8545
Banke,2069/70,Conducted by SBA,Home,79
Banke,2069/70,Conducted by health workers,Health Institution ,0
Banke,2069/70,Conducted by health workers,Home,10
Banke,2069/70,,Birthing Center (HP/SHP),2497
Banke,2069/70,,At BEOC/CEOC centers,6048
Bardiya,2069/70,Conducted by SBA,Health Institution,4890
Bardiya,2069/70,Conducted by SBA,Home,15
Bardiya,2069/70,Conducted by health workers,Health Institution ,4
Bardiya,2069/70,Conducted by health workers,Home,5
Bardiya,2069/70,,Birthing Center (HP/SHP),2988
Bardiya,2069/70,,At BEOC/CEOC centers,1927
Surkhet,2069/70,Conducted by SBA,Health Institution,5968
Surkhet,2069/70,Conducted by SBA,Home,48
Surkhet,2069/70,Conducted by health workers,Health Institution ,189
Surkhet,2069/70,Conducted by health workers,Home,165
Surkhet,2069/70,,Birthing Center (HP/SHP),2477
Surkhet,2069/70,,At BEOC/CEOC centers,3674
Dailekh,2069/70,Conducted by SBA,Health Institution,4498
Dailekh,2069/70,Conducted by SBA,Home,27
Dailekh,2069/70,Conducted by health workers,Health Institution ,64
Dailekh,2069/70,Conducted by health workers,Home,33
Dailekh,2069/70,,Birthing Center (HP/SHP),3683
Dailekh,2069/70,,At BEOC/CEOC centers,879
Jajarkot,2069/70,Conducted by SBA,Health Institution,840
Jajarkot,2069/70,Conducted by SBA,Home,188
Jajarkot,2069/70,Conducted by health workers,Health Institution ,249
Jajarkot,2069/70,Conducted by health workers,Home,285
Jajarkot,2069/70,,Birthing Center (HP/SHP),854
Jajarkot,2069/70,,At BEOC/CEOC centers,83
Dolpa,2069/70,Conducted by SBA,Health Institution,94
Dolpa,2069/70,Conducted by SBA,Home,82
Dolpa,2069/70,Conducted by health workers,Health Institution ,45
Dolpa,2069/70,Conducted by health workers,Home,88
Dolpa,2069/70,,Birthing Center (HP/SHP),26
Dolpa,2069/70,,At BEOC/CEOC centers,62
Jumla,2069/70,Conducted by SBA,Health Institution,639
Jumla,2069/70,Conducted by SBA,Home,232
Jumla,2069/70,Conducted by health workers,Health Institution ,115
Jumla,2069/70,Conducted by health workers,Home,283
Jumla,2069/70,,Birthing Center (HP/SHP),613
Jumla,2069/70,,At BEOC/CEOC centers,65
Kalikot,2069/70,Conducted by SBA,Health Institution,1164
Kalikot,2069/70,Conducted by SBA,Home,198
Kalikot,2069/70,Conducted by health workers,Health Institution ,225
Kalikot,2069/70,Conducted by health workers,Home,92
Kalikot,2069/70,,Birthing Center (HP/SHP),984
Kalikot,2069/70,,At BEOC/CEOC centers,280
Mugu,2069/70,Conducted by SBA,Health Institution,445
Mugu,2069/70,Conducted by SBA,Home,110
Mugu,2069/70,Conducted by health workers,Health Institution ,47
Mugu,2069/70,Conducted by health workers,Home,157
Mugu,2069/70,,Birthing Center (HP/SHP),206
Mugu,2069/70,,At BEOC/CEOC centers,80
Humla,2069/70,Conducted by SBA,Health Institution,737
Humla,2069/70,Conducted by SBA,Home,179
Humla,2069/70,Conducted by health workers,Health Institution ,80
Humla,2069/70,Conducted by health workers,Home,321
Humla,2069/70,,Birthing Center (HP/SHP),657
Humla,2069/70,,At BEOC/CEOC centers,86
Bajura,2069/70,Conducted by SBA,Health Institution,1297
Bajura,2069/70,Conducted by SBA,Home,74
Bajura,2069/70,Conducted by health workers,Health Institution ,224
Bajura,2069/70,Conducted by health workers,Home,67
Bajura,2069/70,,Birthing Center (HP/SHP),980
Bajura,2069/70,,At BEOC/CEOC centers,250
Bajhang,2069/70,Conducted by SBA,Health Institution,1786
Bajhang,2069/70,Conducted by SBA,Home,217
Bajhang,2069/70,Conducted by health workers,Health Institution ,448
Bajhang,2069/70,Conducted by health workers,Home,400
Bajhang,2069/70,,Birthing Center (HP/SHP),1758
Bajhang,2069/70,,At BEOC/CEOC centers,576
Achham,2069/70,Conducted by SBA,Health Institution,3080
Achham,2069/70,Conducted by SBA,Home,293
Achham,2069/70,Conducted by health workers,Health Institution ,182
Achham,2069/70,Conducted by health workers,Home,497
Achham,2069/70,,Birthing Center (HP/SHP),2886
Achham,2069/70,,At BEOC/CEOC centers,309
Doti,2069/70,Conducted by SBA,Health Institution,3118
Doti,2069/70,Conducted by SBA,Home,191
Doti,2069/70,Conducted by health workers,Health Institution ,143
Doti,2069/70,Conducted by health workers,Home,57
Doti,2069/70,,Birthing Center (HP/SHP),3202
Doti,2069/70,,At BEOC/CEOC centers,10
Kailali,2069/70,Conducted by SBA,Health Institution,11391
Kailali,2069/70,Conducted by SBA,Home,65
Kailali,2069/70,Conducted by health workers,Health Institution ,280
Kailali,2069/70,Conducted by health workers,Home,17
Kailali,2069/70,,Birthing Center (HP/SHP),4566
Kailali,2069/70,,At BEOC/CEOC centers,6954
Kanchanpur,2069/70,Conducted by SBA,Health Institution,5866
Kanchanpur,2069/70,Conducted by SBA,Home,0
Kanchanpur,2069/70,Conducted by health workers,Health Institution ,0
Kanchanpur,2069/70,Conducted by health workers,Home,3
Kanchanpur,2069/70,,Birthing Center (HP/SHP),2955
Kanchanpur,2069/70,,At BEOC/CEOC centers,2911
Dadeldhura,2069/70,Conducted by SBA,Health Institution,2409
Dadeldhura,2069/70,Conducted by SBA,Home,163
Dadeldhura,2069/70,Conducted by health workers,Health Institution ,52
Dadeldhura,2069/70,Conducted by health workers,Home,7
Dadeldhura,2069/70,,Birthing Center (HP/SHP),764
Dadeldhura,2069/70,,At BEOC/CEOC centers,38
Baitadi,2069/70,Conducted by SBA,Health Institution,1394
Baitadi,2069/70,Conducted by SBA,Home,130
Baitadi,2069/70,Conducted by health workers,Health Institution ,598
Baitadi,2069/70,Conducted by health workers,Home,230
Baitadi,2069/70,,Birthing Center (HP/SHP),1467
Baitadi,2069/70,,At BEOC/CEOC centers,234
Darchula,2069/70,Conducted by SBA,Health Institution,1024
Darchula,2069/70,Conducted by SBA,Home,106
Darchula,2069/70,Conducted by health workers,Health Institution ,62
Darchula,2069/70,Conducted by health workers,Home,103
Darchula,2069/70,,Birthing Center (HP/SHP),848
Darchula,2069/70,,At BEOC/CEOC centers,189
