District,zone,belt,region,Year BS,Year AD,Maternal/Neonatal Death,Number of people,Zone,Belt,Region
Bhojpur,Kosi,Hill,Eastern,2066/67,2009/10,Maternal death,7,Kosi,Hill,Eastern
Bhojpur,Kosi,Hill,Eastern,2066/67,2009/10,Neonatal death,32,Kosi,Hill,Eastern
Bhojpur,Kosi,Hill,Eastern,2066/67,2009/10,Still Birth,33,Kosi,Hill,Eastern
Dhankuta,Kosi,Hill,Eastern,2066/67,2009/10,Maternal death,1,Kosi,Hill,Eastern
Dhankuta,Kosi,Hill,Eastern,2066/67,2009/10,Neonatal death,10,Kosi,Hill,Eastern
Dhankuta,Kosi,Hill,Eastern,2066/67,2009/10,Still Birth,12,Kosi,Hill,Eastern
Ilam,Mechi,Hill,Eastern,2066/67,2009/10,Maternal death,5,Mechi,Hill,Eastern
Ilam,Mechi,Hill,Eastern,2066/67,2009/10,Neonatal death,22,Mechi,Hill,Eastern
Ilam,Mechi,Hill,Eastern,2066/67,2009/10,Still Birth,44,Mechi,Hill,Eastern
Jhapa,Mechi,Terai,Eastern,2066/67,2009/10,Maternal death,5,Mechi,Terai,Eastern
Jhapa,Mechi,Terai,Eastern,2066/67,2009/10,Neonatal death,51,Mechi,Terai,Eastern
Jhapa,Mechi,Terai,Eastern,2066/67,2009/10,Still Birth,143,Mechi,Terai,Eastern
Khotang,Sagarmatha,Hill,Eastern,2066/67,2009/10,Maternal death,6,Sagarmatha,Hill,Eastern
Khotang,Sagarmatha,Hill,Eastern,2066/67,2009/10,Neonatal death,25,Sagarmatha,Hill,Eastern
Khotang,Sagarmatha,Hill,Eastern,2066/67,2009/10,Still Birth,36,Sagarmatha,Hill,Eastern
Morang,Kosi,Terai,Eastern,2066/67,2009/10,Maternal death,19,Kosi,Terai,Eastern
Morang,Kosi,Terai,Eastern,2066/67,2009/10,Neonatal death,136,Kosi,Terai,Eastern
Morang,Kosi,Terai,Eastern,2066/67,2009/10,Still Birth,369,Kosi,Terai,Eastern
Okhaldhunga,Sagarmatha,Hill,Eastern,2066/67,2009/10,Maternal death,2,Sagarmatha,Hill,Eastern
Okhaldhunga,Sagarmatha,Hill,Eastern,2066/67,2009/10,Neonatal death,10,Sagarmatha,Hill,Eastern
Okhaldhunga,Sagarmatha,Hill,Eastern,2066/67,2009/10,Still Birth,23,Sagarmatha,Hill,Eastern
Panchthar,Mechi,Hill,Eastern,2066/67,2009/10,Maternal death,1,Mechi,Hill,Eastern
Panchthar,Mechi,Hill,Eastern,2066/67,2009/10,Neonatal death,17,Mechi,Hill,Eastern
Panchthar,Mechi,Hill,Eastern,2066/67,2009/10,Still Birth,31,Mechi,Hill,Eastern
Sankhuwasabha,Kosi,Mountain,Eastern,2066/67,2009/10,Maternal death,9,Kosi,Mountain,Eastern
Sankhuwasabha,Kosi,Mountain,Eastern,2066/67,2009/10,Neonatal death,19,Kosi,Mountain,Eastern
Sankhuwasabha,Kosi,Mountain,Eastern,2066/67,2009/10,Still Birth,35,Kosi,Mountain,Eastern
Saptari,Sagarmatha,Terai,Eastern,2066/67,2009/10,Maternal death,22,Sagarmatha,Terai,Eastern
Saptari,Sagarmatha,Terai,Eastern,2066/67,2009/10,Neonatal death,32,Sagarmatha,Terai,Eastern
Saptari,Sagarmatha,Terai,Eastern,2066/67,2009/10,Still Birth,174,Sagarmatha,Terai,Eastern
Siraha,Sagarmatha,Terai,Eastern,2066/67,2009/10,Maternal death,7,Sagarmatha,Terai,Eastern
Siraha,Sagarmatha,Terai,Eastern,2066/67,2009/10,Neonatal death,23,Sagarmatha,Terai,Eastern
Siraha,Sagarmatha,Terai,Eastern,2066/67,2009/10,Still Birth,87,Sagarmatha,Terai,Eastern
Solukhumbu,Sagarmatha,Mountain,Eastern,2066/67,2009/10,Maternal death,6,Sagarmatha,Mountain,Eastern
Solukhumbu,Sagarmatha,Mountain,Eastern,2066/67,2009/10,Neonatal death,17,Sagarmatha,Mountain,Eastern
Solukhumbu,Sagarmatha,Mountain,Eastern,2066/67,2009/10,Still Birth,22,Sagarmatha,Mountain,Eastern
Sunsari,Kosi,Terai,Eastern,2066/67,2009/10,Maternal death,13,Kosi,Terai,Eastern
Sunsari,Kosi,Terai,Eastern,2066/67,2009/10,Neonatal death,42,Kosi,Terai,Eastern
Sunsari,Kosi,Terai,Eastern,2066/67,2009/10,Still Birth,40,Kosi,Terai,Eastern
Taplejung,Mechi,Mountain,Eastern,2066/67,2009/10,Maternal death,3,Mechi,Mountain,Eastern
Taplejung,Mechi,Mountain,Eastern,2066/67,2009/10,Neonatal death,9,Mechi,Mountain,Eastern
Taplejung,Mechi,Mountain,Eastern,2066/67,2009/10,Still Birth,16,Mechi,Mountain,Eastern
Terhathum,Kosi,Hill,Eastern,2066/67,2009/10,Maternal death,3,Kosi,Hill,Eastern
Terhathum,Kosi,Hill,Eastern,2066/67,2009/10,Neonatal death,11,Kosi,Hill,Eastern
Terhathum,Kosi,Hill,Eastern,2066/67,2009/10,Still Birth,12,Kosi,Hill,Eastern
Udayapur,Sagarmatha,Hill,Eastern,2066/67,2009/10,Maternal death,3,Sagarmatha,Hill,Eastern
Udayapur,Sagarmatha,Hill,Eastern,2066/67,2009/10,Neonatal death,17,Sagarmatha,Hill,Eastern
Udayapur,Sagarmatha,Hill,Eastern,2066/67,2009/10,Still Birth,30,Sagarmatha,Hill,Eastern
Bara,Narayani,Terai,Central,2066/67,2009/10,Maternal death,2,Narayani,Terai,Central
Bara,Narayani,Terai,Central,2066/67,2009/10,Neonatal death,30,Narayani,Terai,Central
Bara,Narayani,Terai,Central,2066/67,2009/10,Still Birth,53,Narayani,Terai,Central
Bhaktapur,Bagmati,Hill,Central,2066/67,2009/10,Maternal death,0,Bagmati,Hill,Central
Bhaktapur,Bagmati,Hill,Central,2066/67,2009/10,Neonatal death,8,Bagmati,Hill,Central
Bhaktapur,Bagmati,Hill,Central,2066/67,2009/10,Still Birth,7,Bagmati,Hill,Central
Chitawan,Narayani,Terai,Central,2066/67,2009/10,Maternal death,2,Narayani,Terai,Central
Chitawan,Narayani,Terai,Central,2066/67,2009/10,Neonatal death,32,Narayani,Terai,Central
Chitawan,Narayani,Terai,Central,2066/67,2009/10,Still Birth,117,Narayani,Terai,Central
Dhading,Bagmati,Hill,Central,2066/67,2009/10,Maternal death,3,Bagmati,Hill,Central
Dhading,Bagmati,Hill,Central,2066/67,2009/10,Neonatal death,44,Bagmati,Hill,Central
Dhading,Bagmati,Hill,Central,2066/67,2009/10,Still Birth,48,Bagmati,Hill,Central
Dhanusa,Janakpur,Terai,Central,2066/67,2009/10,Maternal death,37,Janakpur,Terai,Central
Dhanusa,Janakpur,Terai,Central,2066/67,2009/10,Neonatal death,26,Janakpur,Terai,Central
Dhanusa,Janakpur,Terai,Central,2066/67,2009/10,Still Birth,16,Janakpur,Terai,Central
Dolakha,Janakpur,Mountain,Central,2066/67,2009/10,Maternal death,4,Janakpur,Mountain,Central
Dolakha,Janakpur,Mountain,Central,2066/67,2009/10,Neonatal death,15,Janakpur,Mountain,Central
Dolakha,Janakpur,Mountain,Central,2066/67,2009/10,Still Birth,30,Janakpur,Mountain,Central
Kathmandu,Bagmati,Hill,Central,2066/67,2009/10,Maternal death,16,Bagmati,Hill,Central
Kathmandu,Bagmati,Hill,Central,2066/67,2009/10,Neonatal death,10,Bagmati,Hill,Central
Kathmandu,Bagmati,Hill,Central,2066/67,2009/10,Still Birth,69,Bagmati,Hill,Central
Kavre,Bagmati,Hill,Central,2066/67,2009/10,Maternal death,2,Bagmati,Hill,Central
Kavre,Bagmati,Hill,Central,2066/67,2009/10,Neonatal death,59,Bagmati,Hill,Central
Kavre,Bagmati,Hill,Central,2066/67,2009/10,Still Birth,54,Bagmati,Hill,Central
Lalitpur,Bagmati,Hill,Central,2066/67,2009/10,Maternal death,0,Bagmati,Hill,Central
Lalitpur,Bagmati,Hill,Central,2066/67,2009/10,Neonatal death,0,Bagmati,Hill,Central
Lalitpur,Bagmati,Hill,Central,2066/67,2009/10,Still Birth,0,Bagmati,Hill,Central
Mahottari,Janakpur,Terai,Central,2066/67,2009/10,Maternal death,17,Janakpur,Terai,Central
Mahottari,Janakpur,Terai,Central,2066/67,2009/10,Neonatal death,213,Janakpur,Terai,Central
Mahottari,Janakpur,Terai,Central,2066/67,2009/10,Still Birth,42,Janakpur,Terai,Central
Makwanpur,Narayani,Hill,Central,2066/67,2009/10,Maternal death,9,Narayani,Hill,Central
Makwanpur,Narayani,Hill,Central,2066/67,2009/10,Neonatal death,45,Narayani,Hill,Central
Makwanpur,Narayani,Hill,Central,2066/67,2009/10,Still Birth,38,Narayani,Hill,Central
Nuwakot,Bagmati,Hill,Central,2066/67,2009/10,Maternal death,9,Bagmati,Hill,Central
Nuwakot,Bagmati,Hill,Central,2066/67,2009/10,Neonatal death,12,Bagmati,Hill,Central
Nuwakot,Bagmati,Hill,Central,2066/67,2009/10,Still Birth,27,Bagmati,Hill,Central
Parsa,Narayani,Terai,Central,2066/67,2009/10,Maternal death,0,Narayani,Terai,Central
Parsa,Narayani,Terai,Central,2066/67,2009/10,Neonatal death,113,Narayani,Terai,Central
Parsa,Narayani,Terai,Central,2066/67,2009/10,Still Birth,0,Narayani,Terai,Central
Ramechhap,Janakpur,Hill,Central,2066/67,2009/10,Maternal death,8,Janakpur,Hill,Central
Ramechhap,Janakpur,Hill,Central,2066/67,2009/10,Neonatal death,22,Janakpur,Hill,Central
Ramechhap,Janakpur,Hill,Central,2066/67,2009/10,Still Birth,23,Janakpur,Hill,Central
Rasuwa,Bagmati,Mountain,Central,2066/67,2009/10,Maternal death,0,Bagmati,Mountain,Central
Rasuwa,Bagmati,Mountain,Central,2066/67,2009/10,Neonatal death,11,Bagmati,Mountain,Central
Rasuwa,Bagmati,Mountain,Central,2066/67,2009/10,Still Birth,5,Bagmati,Mountain,Central
Rautahat,Narayani,Terai,Central,2066/67,2009/10,Maternal death,14,Narayani,Terai,Central
Rautahat,Narayani,Terai,Central,2066/67,2009/10,Neonatal death,50,Narayani,Terai,Central
Rautahat,Narayani,Terai,Central,2066/67,2009/10,Still Birth,32,Narayani,Terai,Central
Sarlahi,Janakpur,Terai,Central,2066/67,2009/10,Maternal death,11,Janakpur,Terai,Central
Sarlahi,Janakpur,Terai,Central,2066/67,2009/10,Neonatal death,53,Janakpur,Terai,Central
Sarlahi,Janakpur,Terai,Central,2066/67,2009/10,Still Birth,52,Janakpur,Terai,Central
Sindhuli,Janakpur,Hill,Central,2066/67,2009/10,Maternal death,4,Janakpur,Hill,Central
Sindhuli,Janakpur,Hill,Central,2066/67,2009/10,Neonatal death,25,Janakpur,Hill,Central
Sindhuli,Janakpur,Hill,Central,2066/67,2009/10,Still Birth,36,Janakpur,Hill,Central
Sindhupalchok,Bagmati,Mountain,Central,2066/67,2009/10,Maternal death,8,Bagmati,Mountain,Central
Sindhupalchok,Bagmati,Mountain,Central,2066/67,2009/10,Neonatal death,27,Bagmati,Mountain,Central
Sindhupalchok,Bagmati,Mountain,Central,2066/67,2009/10,Still Birth,47,Bagmati,Mountain,Central
Arghakhanchi,Lumbini,Hill,Western,2066/67,2009/10,Maternal death,3,Lumbini,Hill,Western
Arghakhanchi,Lumbini,Hill,Western,2066/67,2009/10,Neonatal death,17,Lumbini,Hill,Western
Arghakhanchi,Lumbini,Hill,Western,2066/67,2009/10,Still Birth,17,Lumbini,Hill,Western
Baglung,Dhawalagiri,Hill,Western,2066/67,2009/10,Maternal death,5,Dhawalagiri,Hill,Western
Baglung,Dhawalagiri,Hill,Western,2066/67,2009/10,Neonatal death,5,Dhawalagiri,Hill,Western
Baglung,Dhawalagiri,Hill,Western,2066/67,2009/10,Still Birth,24,Dhawalagiri,Hill,Western
Gorkha,Gandaki,Hill,Western,2066/67,2009/10,Maternal death,3,Gandaki,Hill,Western
Gorkha,Gandaki,Hill,Western,2066/67,2009/10,Neonatal death,29,Gandaki,Hill,Western
Gorkha,Gandaki,Hill,Western,2066/67,2009/10,Still Birth,36,Gandaki,Hill,Western
Gulmi,Lumbini,Hill,Western,2066/67,2009/10,Maternal death,2,Lumbini,Hill,Western
Gulmi,Lumbini,Hill,Western,2066/67,2009/10,Neonatal death,14,Lumbini,Hill,Western
Gulmi,Lumbini,Hill,Western,2066/67,2009/10,Still Birth,30,Lumbini,Hill,Western
Kapilbastu,Lumbini,Terai,Western,2066/67,2009/10,Maternal death,1,Lumbini,Terai,Western
Kapilbastu,Lumbini,Terai,Western,2066/67,2009/10,Neonatal death,16,Lumbini,Terai,Western
Kapilbastu,Lumbini,Terai,Western,2066/67,2009/10,Still Birth,33,Lumbini,Terai,Western
Kaski,Gandaki,Hill,Western,2066/67,2009/10,Maternal death,5,Gandaki,Hill,Western
Kaski,Gandaki,Hill,Western,2066/67,2009/10,Neonatal death,60,Gandaki,Hill,Western
Kaski,Gandaki,Hill,Western,2066/67,2009/10,Still Birth,156,Gandaki,Hill,Western
Lamjung,Gandaki,Hill,Western,2066/67,2009/10,Maternal death,2,Gandaki,Hill,Western
Lamjung,Gandaki,Hill,Western,2066/67,2009/10,Neonatal death,17,Gandaki,Hill,Western
Lamjung,Gandaki,Hill,Western,2066/67,2009/10,Still Birth,18,Gandaki,Hill,Western
Manang,Gandaki,Mountain,Western,2066/67,2009/10,Maternal death,0,Gandaki,Mountain,Western
Manang,Gandaki,Mountain,Western,2066/67,2009/10,Neonatal death,0,Gandaki,Mountain,Western
Manang,Gandaki,Mountain,Western,2066/67,2009/10,Still Birth,0,Gandaki,Mountain,Western
Mustang,Dhawalagiri,Mountain,Western,2066/67,2009/10,Maternal death,0,Dhawalagiri,Mountain,Western
Mustang,Dhawalagiri,Mountain,Western,2066/67,2009/10,Neonatal death,0,Dhawalagiri,Mountain,Western
Mustang,Dhawalagiri,Mountain,Western,2066/67,2009/10,Still Birth,3,Dhawalagiri,Mountain,Western
Myagdi,Dhawalagiri,Hill,Western,2066/67,2009/10,Maternal death,0,Dhawalagiri,Hill,Western
Myagdi,Dhawalagiri,Hill,Western,2066/67,2009/10,Neonatal death,20,Dhawalagiri,Hill,Western
Myagdi,Dhawalagiri,Hill,Western,2066/67,2009/10,Still Birth,11,Dhawalagiri,Hill,Western
Nawalparasi,Lumbini,Terai,Western,2066/67,2009/10,Maternal death,7,Lumbini,Terai,Western
Nawalparasi,Lumbini,Terai,Western,2066/67,2009/10,Neonatal death,36,Lumbini,Terai,Western
Nawalparasi,Lumbini,Terai,Western,2066/67,2009/10,Still Birth,26,Lumbini,Terai,Western
Palpa,Lumbini,Hill,Western,2066/67,2009/10,Maternal death,4,Lumbini,Hill,Western
Palpa,Lumbini,Hill,Western,2066/67,2009/10,Neonatal death,35,Lumbini,Hill,Western
Palpa,Lumbini,Hill,Western,2066/67,2009/10,Still Birth,90,Lumbini,Hill,Western
Parbat,Dhawalagiri,Hill,Western,2066/67,2009/10,Maternal death,2,Dhawalagiri,Hill,Western
Parbat,Dhawalagiri,Hill,Western,2066/67,2009/10,Neonatal death,7,Dhawalagiri,Hill,Western
Parbat,Dhawalagiri,Hill,Western,2066/67,2009/10,Still Birth,23,Dhawalagiri,Hill,Western
Rupandehi,Lumbini,Terai,Western,2066/67,2009/10,Maternal death,18,Lumbini,Terai,Western
Rupandehi,Lumbini,Terai,Western,2066/67,2009/10,Neonatal death,0,Lumbini,Terai,Western
Rupandehi,Lumbini,Terai,Western,2066/67,2009/10,Still Birth,0,Lumbini,Terai,Western
Syangja,Gandaki,Hill,Western,2066/67,2009/10,Maternal death,1,Gandaki,Hill,Western
Syangja,Gandaki,Hill,Western,2066/67,2009/10,Neonatal death,26,Gandaki,Hill,Western
Syangja,Gandaki,Hill,Western,2066/67,2009/10,Still Birth,18,Gandaki,Hill,Western
Tanahu,Gandaki,Hill,Western,2066/67,2009/10,Maternal death,1,Gandaki,Hill,Western
Tanahu,Gandaki,Hill,Western,2066/67,2009/10,Neonatal death,30,Gandaki,Hill,Western
Tanahu,Gandaki,Hill,Western,2066/67,2009/10,Still Birth,21,Gandaki,Hill,Western
Banke,Bheri,Terai,Mid-Western,2066/67,2009/10,Maternal death,25,Bheri,Terai,Mid-Western
Banke,Bheri,Terai,Mid-Western,2066/67,2009/10,Neonatal death,282,Bheri,Terai,Mid-Western
Banke,Bheri,Terai,Mid-Western,2066/67,2009/10,Still Birth,321,Bheri,Terai,Mid-Western
Bardiya,Bheri,Terai,Mid-Western,2066/67,2009/10,Maternal death,11,Bheri,Terai,Mid-Western
Bardiya,Bheri,Terai,Mid-Western,2066/67,2009/10,Neonatal death,92,Bheri,Terai,Mid-Western
Bardiya,Bheri,Terai,Mid-Western,2066/67,2009/10,Still Birth,91,Bheri,Terai,Mid-Western
Dailekh,Bheri,Hill,Mid-Western,2066/67,2009/10,Maternal death,4,Bheri,Hill,Mid-Western
Dailekh,Bheri,Hill,Mid-Western,2066/67,2009/10,Neonatal death,52,Bheri,Hill,Mid-Western
Dailekh,Bheri,Hill,Mid-Western,2066/67,2009/10,Still Birth,73,Bheri,Hill,Mid-Western
Dang,Rapti,Terai,Mid-Western,2066/67,2009/10,Maternal death,9,Rapti,Terai,Mid-Western
Dang,Rapti,Terai,Mid-Western,2066/67,2009/10,Neonatal death,37,Rapti,Terai,Mid-Western
Dang,Rapti,Terai,Mid-Western,2066/67,2009/10,Still Birth,80,Rapti,Terai,Mid-Western
Dolpa,Karnali,Mountain,Mid-Western,2066/67,2009/10,Maternal death,1,Karnali,Mountain,Mid-Western
Dolpa,Karnali,Mountain,Mid-Western,2066/67,2009/10,Neonatal death,2,Karnali,Mountain,Mid-Western
Dolpa,Karnali,Mountain,Mid-Western,2066/67,2009/10,Still Birth,3,Karnali,Mountain,Mid-Western
Humla,Karnali,Mountain,Mid-Western,2066/67,2009/10,Maternal death,2,Karnali,Mountain,Mid-Western
Humla,Karnali,Mountain,Mid-Western,2066/67,2009/10,Neonatal death,8,Karnali,Mountain,Mid-Western
Humla,Karnali,Mountain,Mid-Western,2066/67,2009/10,Still Birth,6,Karnali,Mountain,Mid-Western
Jajarkot,Bheri,Hill,Mid-Western,2066/67,2009/10,Maternal death,6,Bheri,Hill,Mid-Western
Jajarkot,Bheri,Hill,Mid-Western,2066/67,2009/10,Neonatal death,9,Bheri,Hill,Mid-Western
Jajarkot,Bheri,Hill,Mid-Western,2066/67,2009/10,Still Birth,7,Bheri,Hill,Mid-Western
Jumla,Karnali,Mountain,Mid-Western,2066/67,2009/10,Maternal death,1,Karnali,Mountain,Mid-Western
Jumla,Karnali,Mountain,Mid-Western,2066/67,2009/10,Neonatal death,43,Karnali,Mountain,Mid-Western
Jumla,Karnali,Mountain,Mid-Western,2066/67,2009/10,Still Birth,14,Karnali,Mountain,Mid-Western
Kalikot,Karnali,Mountain,Mid-Western,2066/67,2009/10,Maternal death,8,Karnali,Mountain,Mid-Western
Kalikot,Karnali,Mountain,Mid-Western,2066/67,2009/10,Neonatal death,7,Karnali,Mountain,Mid-Western
Kalikot,Karnali,Mountain,Mid-Western,2066/67,2009/10,Still Birth,19,Karnali,Mountain,Mid-Western
Mugu,Karnali,Mountain,Mid-Western,2066/67,2009/10,Maternal death,3,Karnali,Mountain,Mid-Western
Mugu,Karnali,Mountain,Mid-Western,2066/67,2009/10,Neonatal death,11,Karnali,Mountain,Mid-Western
Mugu,Karnali,Mountain,Mid-Western,2066/67,2009/10,Still Birth,5,Karnali,Mountain,Mid-Western
Pyuthan,Rapti,Hill,Mid-Western,2066/67,2009/10,Maternal death,6,Rapti,Hill,Mid-Western
Pyuthan,Rapti,Hill,Mid-Western,2066/67,2009/10,Neonatal death,36,Rapti,Hill,Mid-Western
Pyuthan,Rapti,Hill,Mid-Western,2066/67,2009/10,Still Birth,14,Rapti,Hill,Mid-Western
Rolpa,Rapti,Hill,Mid-Western,2066/67,2009/10,Maternal death,30,Rapti,Hill,Mid-Western
Rolpa,Rapti,Hill,Mid-Western,2066/67,2009/10,Neonatal death,32,Rapti,Hill,Mid-Western
Rolpa,Rapti,Hill,Mid-Western,2066/67,2009/10,Still Birth,22,Rapti,Hill,Mid-Western
Rukum,Rapti,Hill,Mid-Western,2066/67,2009/10,Maternal death,37,Rapti,Hill,Mid-Western
Rukum,Rapti,Hill,Mid-Western,2066/67,2009/10,Neonatal death,32,Rapti,Hill,Mid-Western
Rukum,Rapti,Hill,Mid-Western,2066/67,2009/10,Still Birth,28,Rapti,Hill,Mid-Western
Salyan,Rapti,Hill,Mid-Western,2066/67,2009/10,Maternal death,6,Rapti,Hill,Mid-Western
Salyan,Rapti,Hill,Mid-Western,2066/67,2009/10,Neonatal death,63,Rapti,Hill,Mid-Western
Salyan,Rapti,Hill,Mid-Western,2066/67,2009/10,Still Birth,29,Rapti,Hill,Mid-Western
Surkhet,Bheri,Hill,Mid-Western,2066/67,2009/10,Maternal death,5,Bheri,Hill,Mid-Western
Surkhet,Bheri,Hill,Mid-Western,2066/67,2009/10,Neonatal death,85,Bheri,Hill,Mid-Western
Surkhet,Bheri,Hill,Mid-Western,2066/67,2009/10,Still Birth,134,Bheri,Hill,Mid-Western
Achham,Seti,Hill,Far-Western,2066/67,2009/10,Maternal death,7,Seti,Hill,Far-Western
Achham,Seti,Hill,Far-Western,2066/67,2009/10,Neonatal death,40,Seti,Hill,Far-Western
Achham,Seti,Hill,Far-Western,2066/67,2009/10,Still Birth,60,Seti,Hill,Far-Western
Baitadi,Mahakali,Hill,Far-Western,2066/67,2009/10,Maternal death,10,Mahakali,Hill,Far-Western
Baitadi,Mahakali,Hill,Far-Western,2066/67,2009/10,Neonatal death,33,Mahakali,Hill,Far-Western
Baitadi,Mahakali,Hill,Far-Western,2066/67,2009/10,Still Birth,40,Mahakali,Hill,Far-Western
Bajhang,Seti,Mountain,Far-Western,2066/67,2009/10,Maternal death,7,Seti,Mountain,Far-Western
Bajhang,Seti,Mountain,Far-Western,2066/67,2009/10,Neonatal death,72,Seti,Mountain,Far-Western
Bajhang,Seti,Mountain,Far-Western,2066/67,2009/10,Still Birth,43,Seti,Mountain,Far-Western
Bajura,Seti,Mountain,Far-Western,2066/67,2009/10,Maternal death,12,Seti,Mountain,Far-Western
Bajura,Seti,Mountain,Far-Western,2066/67,2009/10,Neonatal death,29,Seti,Mountain,Far-Western
Bajura,Seti,Mountain,Far-Western,2066/67,2009/10,Still Birth,34,Seti,Mountain,Far-Western
Dadeldhura,Mahakali,Hill,Far-Western,2066/67,2009/10,Maternal death,3,Mahakali,Hill,Far-Western
Dadeldhura,Mahakali,Hill,Far-Western,2066/67,2009/10,Neonatal death,18,Mahakali,Hill,Far-Western
Dadeldhura,Mahakali,Hill,Far-Western,2066/67,2009/10,Still Birth,95,Mahakali,Hill,Far-Western
Darchaula,Mahakali,Mountain,Far-Western,2066/67,2009/10,Maternal death,1,Mahakali,Mountain,Far-Western
Darchaula,Mahakali,Mountain,Far-Western,2066/67,2009/10,Neonatal death,22,Mahakali,Mountain,Far-Western
Darchaula,Mahakali,Mountain,Far-Western,2066/67,2009/10,Still Birth,26,Mahakali,Mountain,Far-Western
Doti,Seti,Hill,Far-Western,2066/67,2009/10,Maternal death,14,Seti,Hill,Far-Western
Doti,Seti,Hill,Far-Western,2066/67,2009/10,Neonatal death,33,Seti,Hill,Far-Western
Doti,Seti,Hill,Far-Western,2066/67,2009/10,Still Birth,36,Seti,Hill,Far-Western
Kailali,Seti,Terai,Far-Western,2066/67,2009/10,Maternal death,22,Seti,Terai,Far-Western
Kailali,Seti,Terai,Far-Western,2066/67,2009/10,Neonatal death,108,Seti,Terai,Far-Western
Kailali,Seti,Terai,Far-Western,2066/67,2009/10,Still Birth,248,Seti,Terai,Far-Western
Kanchanpur,Mahakali,Terai,Far-Western,2066/67,2009/10,Maternal death,4,Mahakali,Terai,Far-Western
Kanchanpur,Mahakali,Terai,Far-Western,2066/67,2009/10,Neonatal death,69,Mahakali,Terai,Far-Western
Kanchanpur,Mahakali,Terai,Far-Western,2066/67,2009/10,Still Birth,94,Mahakali,Terai,Far-Western
Taplejung,Mechi,Mountain,Eastern,2067/68,2010/11,Maternal Death,5,Mechi,Mountain,Eastern
Taplejung,Mechi,Mountain,Eastern,2067/68,2010/11,Neonatal Death,11,Mechi,Mountain,Eastern
Taplejung,Mechi,Mountain,Eastern,2067/68,2010/11,Still birth,14,Mechi,Mountain,Eastern
Panchthar,Mechi,Hill,Eastern,2067/68,2010/11,Maternal Death,1,Mechi,Hill,Eastern
Panchthar,Mechi,Hill,Eastern,2067/68,2010/11,Neonatal Death,23,Mechi,Hill,Eastern
Panchthar,Mechi,Hill,Eastern,2067/68,2010/11,Still birth,44,Mechi,Hill,Eastern
Ilam,Mechi,Hill,Eastern,2067/68,2010/11,Maternal Death,6,Mechi,Hill,Eastern
Ilam,Mechi,Hill,Eastern,2067/68,2010/11,Neonatal Death,20,Mechi,Hill,Eastern
Ilam,Mechi,Hill,Eastern,2067/68,2010/11,Still birth,40,Mechi,Hill,Eastern
Jhapa,Mechi,Terai,Eastern,2067/68,2010/11,Maternal Death,10,Mechi,Terai,Eastern
Jhapa,Mechi,Terai,Eastern,2067/68,2010/11,Neonatal Death,26,Mechi,Terai,Eastern
Jhapa,Mechi,Terai,Eastern,2067/68,2010/11,Still birth,118,Mechi,Terai,Eastern
Morang,Kosi,Terai,Eastern,2067/68,2010/11,Maternal Death,15,Kosi,Terai,Eastern
Morang,Kosi,Terai,Eastern,2067/68,2010/11,Neonatal Death,131,Kosi,Terai,Eastern
Morang,Kosi,Terai,Eastern,2067/68,2010/11,Still birth,353,Kosi,Terai,Eastern
Sunsari,Kosi,Terai,Eastern,2067/68,2010/11,Maternal Death,19,Kosi,Terai,Eastern
Sunsari,Kosi,Terai,Eastern,2067/68,2010/11,Neonatal Death,138,Kosi,Terai,Eastern
Sunsari,Kosi,Terai,Eastern,2067/68,2010/11,Still birth,43,Kosi,Terai,Eastern
Dhankuta,Kosi,Hill,Eastern,2067/68,2010/11,Maternal Death,0,Kosi,Hill,Eastern
Dhankuta,Kosi,Hill,Eastern,2067/68,2010/11,Neonatal Death,13,Kosi,Hill,Eastern
Dhankuta,Kosi,Hill,Eastern,2067/68,2010/11,Still birth,12,Kosi,Hill,Eastern
Terhathum,Kosi,Hill,Eastern,2067/68,2010/11,Maternal Death,6,Kosi,Hill,Eastern
Terhathum,Kosi,Hill,Eastern,2067/68,2010/11,Neonatal Death,2,Kosi,Hill,Eastern
Terhathum,Kosi,Hill,Eastern,2067/68,2010/11,Still birth,16,Kosi,Hill,Eastern
Sankhuwasabha,Kosi,Mountain,Eastern,2067/68,2010/11,Maternal Death,5,Kosi,Mountain,Eastern
Sankhuwasabha,Kosi,Mountain,Eastern,2067/68,2010/11,Neonatal Death,12,Kosi,Mountain,Eastern
Sankhuwasabha,Kosi,Mountain,Eastern,2067/68,2010/11,Still birth,50,Kosi,Mountain,Eastern
Bhojpur,Kosi,Hill,Eastern,2067/68,2010/11,Maternal Death,5,Kosi,Hill,Eastern
Bhojpur,Kosi,Hill,Eastern,2067/68,2010/11,Neonatal Death,11,Kosi,Hill,Eastern
Bhojpur,Kosi,Hill,Eastern,2067/68,2010/11,Still birth,23,Kosi,Hill,Eastern
Solukhumbu,Sagarmatha,Mountain,Eastern,2067/68,2010/11,Maternal Death,4,Sagarmatha,Mountain,Eastern
Solukhumbu,Sagarmatha,Mountain,Eastern,2067/68,2010/11,Neonatal Death,18,Sagarmatha,Mountain,Eastern
Solukhumbu,Sagarmatha,Mountain,Eastern,2067/68,2010/11,Still birth,19,Sagarmatha,Mountain,Eastern
Okhaldhunga,Sagarmatha,Hill,Eastern,2067/68,2010/11,Maternal Death,6,Sagarmatha,Hill,Eastern
Okhaldhunga,Sagarmatha,Hill,Eastern,2067/68,2010/11,Neonatal Death,14,Sagarmatha,Hill,Eastern
Okhaldhunga,Sagarmatha,Hill,Eastern,2067/68,2010/11,Still birth,30,Sagarmatha,Hill,Eastern
Khotang,Sagarmatha,Hill,Eastern,2067/68,2010/11,Maternal Death,0,Sagarmatha,Hill,Eastern
Khotang,Sagarmatha,Hill,Eastern,2067/68,2010/11,Neonatal Death,13,Sagarmatha,Hill,Eastern
Khotang,Sagarmatha,Hill,Eastern,2067/68,2010/11,Still birth,8,Sagarmatha,Hill,Eastern
Udayapur,Sagarmatha,Hill,Eastern,2067/68,2010/11,Maternal Death,8,Sagarmatha,Hill,Eastern
Udayapur,Sagarmatha,Hill,Eastern,2067/68,2010/11,Neonatal Death,12,Sagarmatha,Hill,Eastern
Udayapur,Sagarmatha,Hill,Eastern,2067/68,2010/11,Still birth,28,Sagarmatha,Hill,Eastern
Saptari,Sagarmatha,Terai,Eastern,2067/68,2010/11,Maternal Death,1,Sagarmatha,Terai,Eastern
Saptari,Sagarmatha,Terai,Eastern,2067/68,2010/11,Neonatal Death,21,Sagarmatha,Terai,Eastern
Saptari,Sagarmatha,Terai,Eastern,2067/68,2010/11,Still birth,42,Sagarmatha,Terai,Eastern
Siraha,Sagarmatha,Terai,Eastern,2067/68,2010/11,Maternal Death,4,Sagarmatha,Terai,Eastern
Siraha,Sagarmatha,Terai,Eastern,2067/68,2010/11,Neonatal Death,30,Sagarmatha,Terai,Eastern
Siraha,Sagarmatha,Terai,Eastern,2067/68,2010/11,Still birth,70,Sagarmatha,Terai,Eastern
Dhanusa,Janakpur,Terai,Central,2067/68,2010/11,Maternal Death,6,Janakpur,Terai,Central
Dhanusa,Janakpur,Terai,Central,2067/68,2010/11,Neonatal Death,110,Janakpur,Terai,Central
Dhanusa,Janakpur,Terai,Central,2067/68,2010/11,Still birth,416,Janakpur,Terai,Central
Mahottari,Janakpur,Terai,Central,2067/68,2010/11,Maternal Death,6,Janakpur,Terai,Central
Mahottari,Janakpur,Terai,Central,2067/68,2010/11,Neonatal Death,23,Janakpur,Terai,Central
Mahottari,Janakpur,Terai,Central,2067/68,2010/11,Still birth,45,Janakpur,Terai,Central
Sarlahi,Janakpur,Terai,Central,2067/68,2010/11,Maternal Death,17,Janakpur,Terai,Central
Sarlahi,Janakpur,Terai,Central,2067/68,2010/11,Neonatal Death,59,Janakpur,Terai,Central
Sarlahi,Janakpur,Terai,Central,2067/68,2010/11,Still birth,89,Janakpur,Terai,Central
Sindhuli,Janakpur,Hill,Central,2067/68,2010/11,Maternal Death,3,Janakpur,Hill,Central
Sindhuli,Janakpur,Hill,Central,2067/68,2010/11,Neonatal Death,24,Janakpur,Hill,Central
Sindhuli,Janakpur,Hill,Central,2067/68,2010/11,Still birth,28,Janakpur,Hill,Central
Ramechhap,Janakpur,Hill,Central,2067/68,2010/11,Maternal Death,3,Janakpur,Hill,Central
Ramechhap,Janakpur,Hill,Central,2067/68,2010/11,Neonatal Death,16,Janakpur,Hill,Central
Ramechhap,Janakpur,Hill,Central,2067/68,2010/11,Still birth,28,Janakpur,Hill,Central
Dolakha,Janakpur,Mountain,Central,2067/68,2010/11,Maternal Death,7,Janakpur,Mountain,Central
Dolakha,Janakpur,Mountain,Central,2067/68,2010/11,Neonatal Death,9,Janakpur,Mountain,Central
Dolakha,Janakpur,Mountain,Central,2067/68,2010/11,Still birth,21,Janakpur,Mountain,Central
Sindhupalchok,Bagmati,Mountain,Central,2067/68,2010/11,Maternal Death,6,Bagmati,Mountain,Central
Sindhupalchok,Bagmati,Mountain,Central,2067/68,2010/11,Neonatal Death,43,Bagmati,Mountain,Central
Sindhupalchok,Bagmati,Mountain,Central,2067/68,2010/11,Still birth,32,Bagmati,Mountain,Central
Kavre,Bagmati,Hill,Central,2067/68,2010/11,Maternal Death,3,Bagmati,Hill,Central
Kavre,Bagmati,Hill,Central,2067/68,2010/11,Neonatal Death,34,Bagmati,Hill,Central
Kavre,Bagmati,Hill,Central,2067/68,2010/11,Still birth,36,Bagmati,Hill,Central
Lalitpur,Bagmati,Hill,Central,2067/68,2010/11,Maternal Death,0,Bagmati,Hill,Central
Lalitpur,Bagmati,Hill,Central,2067/68,2010/11,Neonatal Death,0,Bagmati,Hill,Central
Lalitpur,Bagmati,Hill,Central,2067/68,2010/11,Still birth,0,Bagmati,Hill,Central
Bhaktapur,Bagmati,Hill,Central,2067/68,2010/11,Maternal Death,0,Bagmati,Hill,Central
Bhaktapur,Bagmati,Hill,Central,2067/68,2010/11,Neonatal Death,6,Bagmati,Hill,Central
Bhaktapur,Bagmati,Hill,Central,2067/68,2010/11,Still birth,7,Bagmati,Hill,Central
Kathmandu,Bagmati,Hill,Central,2067/68,2010/11,Maternal Death,1,Bagmati,Hill,Central
Kathmandu,Bagmati,Hill,Central,2067/68,2010/11,Neonatal Death,2,Bagmati,Hill,Central
Kathmandu,Bagmati,Hill,Central,2067/68,2010/11,Still birth,9,Bagmati,Hill,Central
Nuwakot,Bagmati,Hill,Central,2067/68,2010/11,Maternal Death,2,Bagmati,Hill,Central
Nuwakot,Bagmati,Hill,Central,2067/68,2010/11,Neonatal Death,9,Bagmati,Hill,Central
Nuwakot,Bagmati,Hill,Central,2067/68,2010/11,Still birth,18,Bagmati,Hill,Central
Rasuwa,Bagmati,Mountain,Central,2067/68,2010/11,Maternal Death,0,Bagmati,Mountain,Central
Rasuwa,Bagmati,Mountain,Central,2067/68,2010/11,Neonatal Death,4,Bagmati,Mountain,Central
Rasuwa,Bagmati,Mountain,Central,2067/68,2010/11,Still birth,4,Bagmati,Mountain,Central
Dhading,Bagmati,Hill,Central,2067/68,2010/11,Maternal Death,2,Bagmati,Hill,Central
Dhading,Bagmati,Hill,Central,2067/68,2010/11,Neonatal Death,34,Bagmati,Hill,Central
Dhading,Bagmati,Hill,Central,2067/68,2010/11,Still birth,49,Bagmati,Hill,Central
Makwanpur,Narayani,Hill,Central,2067/68,2010/11,Maternal Death,4,Narayani,Hill,Central
Makwanpur,Narayani,Hill,Central,2067/68,2010/11,Neonatal Death,24,Narayani,Hill,Central
Makwanpur,Narayani,Hill,Central,2067/68,2010/11,Still birth,32,Narayani,Hill,Central
Rautahat,Narayani,Terai,Central,2067/68,2010/11,Maternal Death,5,Narayani,Terai,Central
Rautahat,Narayani,Terai,Central,2067/68,2010/11,Neonatal Death,14,Narayani,Terai,Central
Rautahat,Narayani,Terai,Central,2067/68,2010/11,Still birth,37,Narayani,Terai,Central
Bara,Narayani,Terai,Central,2067/68,2010/11,Maternal Death,2,Narayani,Terai,Central
Bara,Narayani,Terai,Central,2067/68,2010/11,Neonatal Death,15,Narayani,Terai,Central
Bara,Narayani,Terai,Central,2067/68,2010/11,Still birth,47,Narayani,Terai,Central
Parsa,Narayani,Terai,Central,2067/68,2010/11,Maternal Death,0,Narayani,Terai,Central
Parsa,Narayani,Terai,Central,2067/68,2010/11,Neonatal Death,0,Narayani,Terai,Central
Parsa,Narayani,Terai,Central,2067/68,2010/11,Still birth,0,Narayani,Terai,Central
Chitawan,Narayani,Terai,Central,2067/68,2010/11,Maternal Death,8,Narayani,Terai,Central
Chitawan,Narayani,Terai,Central,2067/68,2010/11,Neonatal Death,72,Narayani,Terai,Central
Chitawan,Narayani,Terai,Central,2067/68,2010/11,Still birth,149,Narayani,Terai,Central
Gorkha,Gandaki,Hill,Western,2067/68,2010/11,Maternal Death,2,Gandaki,Hill,Western
Gorkha,Gandaki,Hill,Western,2067/68,2010/11,Neonatal Death,31,Gandaki,Hill,Western
Gorkha,Gandaki,Hill,Western,2067/68,2010/11,Still birth,43,Gandaki,Hill,Western
Lamjung,Gandaki,Hill,Western,2067/68,2010/11,Maternal Death,4,Gandaki,Hill,Western
Lamjung,Gandaki,Hill,Western,2067/68,2010/11,Neonatal Death,26,Gandaki,Hill,Western
Lamjung,Gandaki,Hill,Western,2067/68,2010/11,Still birth,32,Gandaki,Hill,Western
Tanahu,Gandaki,Hill,Western,2067/68,2010/11,Maternal Death,3,Gandaki,Hill,Western
Tanahu,Gandaki,Hill,Western,2067/68,2010/11,Neonatal Death,18,Gandaki,Hill,Western
Tanahu,Gandaki,Hill,Western,2067/68,2010/11,Still birth,23,Gandaki,Hill,Western
Syangja,Gandaki,Hill,Western,2067/68,2010/11,Maternal Death,0,Gandaki,Hill,Western
Syangja,Gandaki,Hill,Western,2067/68,2010/11,Neonatal Death,11,Gandaki,Hill,Western
Syangja,Gandaki,Hill,Western,2067/68,2010/11,Still birth,18,Gandaki,Hill,Western
Kaski,Gandaki,Hill,Western,2067/68,2010/11,Maternal Death,18,Gandaki,Hill,Western
Kaski,Gandaki,Hill,Western,2067/68,2010/11,Neonatal Death,96,Gandaki,Hill,Western
Kaski,Gandaki,Hill,Western,2067/68,2010/11,Still birth,109,Gandaki,Hill,Western
Manang,Gandaki,Mountain,Western,2067/68,2010/11,Maternal Death,0,Gandaki,Mountain,Western
Manang,Gandaki,Mountain,Western,2067/68,2010/11,Neonatal Death,0,Gandaki,Mountain,Western
Manang,Gandaki,Mountain,Western,2067/68,2010/11,Still birth,0,Gandaki,Mountain,Western
Mustang,Dhawalagiri,Mountain,Western,2067/68,2010/11,Maternal Death,0,Dhawalagiri,Mountain,Western
Mustang,Dhawalagiri,Mountain,Western,2067/68,2010/11,Neonatal Death,0,Dhawalagiri,Mountain,Western
Mustang,Dhawalagiri,Mountain,Western,2067/68,2010/11,Still birth,0,Dhawalagiri,Mountain,Western
Myagdi,Dhawalagiri,Hill,Western,2067/68,2010/11,Maternal Death,1,Dhawalagiri,Hill,Western
Myagdi,Dhawalagiri,Hill,Western,2067/68,2010/11,Neonatal Death,19,Dhawalagiri,Hill,Western
Myagdi,Dhawalagiri,Hill,Western,2067/68,2010/11,Still birth,23,Dhawalagiri,Hill,Western
Parbat,Dhawalagiri,Hill,Western,2067/68,2010/11,Maternal Death,0,Dhawalagiri,Hill,Western
Parbat,Dhawalagiri,Hill,Western,2067/68,2010/11,Neonatal Death,12,Dhawalagiri,Hill,Western
Parbat,Dhawalagiri,Hill,Western,2067/68,2010/11,Still birth,13,Dhawalagiri,Hill,Western
Baglung,Dhawalagiri,Hill,Western,2067/68,2010/11,Maternal Death,5,Dhawalagiri,Hill,Western
Baglung,Dhawalagiri,Hill,Western,2067/68,2010/11,Neonatal Death,15,Dhawalagiri,Hill,Western
Baglung,Dhawalagiri,Hill,Western,2067/68,2010/11,Still birth,14,Dhawalagiri,Hill,Western
Gulmi,Lumbini,Hill,Western,2067/68,2010/11,Maternal Death,5,Lumbini,Hill,Western
Gulmi,Lumbini,Hill,Western,2067/68,2010/11,Neonatal Death,9,Lumbini,Hill,Western
Gulmi,Lumbini,Hill,Western,2067/68,2010/11,Still birth,21,Lumbini,Hill,Western
Palpa,Lumbini,Hill,Western,2067/68,2010/11,Maternal Death,3,Lumbini,Hill,Western
Palpa,Lumbini,Hill,Western,2067/68,2010/11,Neonatal Death,38,Lumbini,Hill,Western
Palpa,Lumbini,Hill,Western,2067/68,2010/11,Still birth,61,Lumbini,Hill,Western
Nawalparasi,Lumbini,Terai,Western,2067/68,2010/11,Maternal Death,4,Lumbini,Terai,Western
Nawalparasi,Lumbini,Terai,Western,2067/68,2010/11,Neonatal Death,33,Lumbini,Terai,Western
Nawalparasi,Lumbini,Terai,Western,2067/68,2010/11,Still birth,31,Lumbini,Terai,Western
Rupandehi,Lumbini,Terai,Western,2067/68,2010/11,Maternal Death,0,Lumbini,Terai,Western
Rupandehi,Lumbini,Terai,Western,2067/68,2010/11,Neonatal Death,0,Lumbini,Terai,Western
Rupandehi,Lumbini,Terai,Western,2067/68,2010/11,Still birth,0,Lumbini,Terai,Western
Kapilbastu,Lumbini,Terai,Western,2067/68,2010/11,Maternal Death,5,Lumbini,Terai,Western
Kapilbastu,Lumbini,Terai,Western,2067/68,2010/11,Neonatal Death,20,Lumbini,Terai,Western
Kapilbastu,Lumbini,Terai,Western,2067/68,2010/11,Still birth,31,Lumbini,Terai,Western
Arghakhanchi,Lumbini,Hill,Western,2067/68,2010/11,Maternal Death,8,Lumbini,Hill,Western
Arghakhanchi,Lumbini,Hill,Western,2067/68,2010/11,Neonatal Death,13,Lumbini,Hill,Western
Arghakhanchi,Lumbini,Hill,Western,2067/68,2010/11,Still birth,24,Lumbini,Hill,Western
Pyuthan,Rapti,Hill,Mid-Western,2067/68,2010/11,Maternal Death,0,Rapti,Hill,Mid-Western
Pyuthan,Rapti,Hill,Mid-Western,2067/68,2010/11,Neonatal Death,22,Rapti,Hill,Mid-Western
Pyuthan,Rapti,Hill,Mid-Western,2067/68,2010/11,Still birth,14,Rapti,Hill,Mid-Western
Rolpa,Rapti,Hill,Mid-Western,2067/68,2010/11,Maternal Death,4,Rapti,Hill,Mid-Western
Rolpa,Rapti,Hill,Mid-Western,2067/68,2010/11,Neonatal Death,37,Rapti,Hill,Mid-Western
Rolpa,Rapti,Hill,Mid-Western,2067/68,2010/11,Still birth,34,Rapti,Hill,Mid-Western
Rukum,Rapti,Hill,Mid-Western,2067/68,2010/11,Maternal Death,2,Rapti,Hill,Mid-Western
Rukum,Rapti,Hill,Mid-Western,2067/68,2010/11,Neonatal Death,19,Rapti,Hill,Mid-Western
Rukum,Rapti,Hill,Mid-Western,2067/68,2010/11,Still birth,29,Rapti,Hill,Mid-Western
Salyan,Rapti,Hill,Mid-Western,2067/68,2010/11,Maternal Death,4,Rapti,Hill,Mid-Western
Salyan,Rapti,Hill,Mid-Western,2067/68,2010/11,Neonatal Death,40,Rapti,Hill,Mid-Western
Salyan,Rapti,Hill,Mid-Western,2067/68,2010/11,Still birth,15,Rapti,Hill,Mid-Western
Dang,Rapti,Terai,Mid-Western,2067/68,2010/11,Maternal Death,0,Rapti,Terai,Mid-Western
Dang,Rapti,Terai,Mid-Western,2067/68,2010/11,Neonatal Death,32,Rapti,Terai,Mid-Western
Dang,Rapti,Terai,Mid-Western,2067/68,2010/11,Still birth,91,Rapti,Terai,Mid-Western
Banke,Bheri,Terai,Mid-Western,2067/68,2010/11,Maternal Death,23,Bheri,Terai,Mid-Western
Banke,Bheri,Terai,Mid-Western,2067/68,2010/11,Neonatal Death,227,Bheri,Terai,Mid-Western
Banke,Bheri,Terai,Mid-Western,2067/68,2010/11,Still birth,352,Bheri,Terai,Mid-Western
Bardiya,Bheri,Terai,Mid-Western,2067/68,2010/11,Maternal Death,9,Bheri,Terai,Mid-Western
Bardiya,Bheri,Terai,Mid-Western,2067/68,2010/11,Neonatal Death,99,Bheri,Terai,Mid-Western
Bardiya,Bheri,Terai,Mid-Western,2067/68,2010/11,Still birth,121,Bheri,Terai,Mid-Western
Surkhet,Bheri,Hill,Mid-Western,2067/68,2010/11,Maternal Death,13,Bheri,Hill,Mid-Western
Surkhet,Bheri,Hill,Mid-Western,2067/68,2010/11,Neonatal Death,65,Bheri,Hill,Mid-Western
Surkhet,Bheri,Hill,Mid-Western,2067/68,2010/11,Still birth,120,Bheri,Hill,Mid-Western
Dailekh,Bheri,Hill,Mid-Western,2067/68,2010/11,Maternal Death,9,Bheri,Hill,Mid-Western
Dailekh,Bheri,Hill,Mid-Western,2067/68,2010/11,Neonatal Death,71,Bheri,Hill,Mid-Western
Dailekh,Bheri,Hill,Mid-Western,2067/68,2010/11,Still birth,92,Bheri,Hill,Mid-Western
Jajarkot,Bheri,Hill,Mid-Western,2067/68,2010/11,Maternal Death,13,Bheri,Hill,Mid-Western
Jajarkot,Bheri,Hill,Mid-Western,2067/68,2010/11,Neonatal Death,45,Bheri,Hill,Mid-Western
Jajarkot,Bheri,Hill,Mid-Western,2067/68,2010/11,Still birth,22,Bheri,Hill,Mid-Western
Dolpa,Karnali,Mountain,Mid-Western,2067/68,2010/11,Maternal Death,0,Karnali,Mountain,Mid-Western
Dolpa,Karnali,Mountain,Mid-Western,2067/68,2010/11,Neonatal Death,1,Karnali,Mountain,Mid-Western
Dolpa,Karnali,Mountain,Mid-Western,2067/68,2010/11,Still birth,5,Karnali,Mountain,Mid-Western
Jumla,Karnali,Mountain,Mid-Western,2067/68,2010/11,Maternal Death,8,Karnali,Mountain,Mid-Western
Jumla,Karnali,Mountain,Mid-Western,2067/68,2010/11,Neonatal Death,36,Karnali,Mountain,Mid-Western
Jumla,Karnali,Mountain,Mid-Western,2067/68,2010/11,Still birth,28,Karnali,Mountain,Mid-Western
Kalikot,Karnali,Mountain,Mid-Western,2067/68,2010/11,Maternal Death,6,Karnali,Mountain,Mid-Western
Kalikot,Karnali,Mountain,Mid-Western,2067/68,2010/11,Neonatal Death,15,Karnali,Mountain,Mid-Western
Kalikot,Karnali,Mountain,Mid-Western,2067/68,2010/11,Still birth,20,Karnali,Mountain,Mid-Western
Mugu,Karnali,Mountain,Mid-Western,2067/68,2010/11,Maternal Death,2,Karnali,Mountain,Mid-Western
Mugu,Karnali,Mountain,Mid-Western,2067/68,2010/11,Neonatal Death,5,Karnali,Mountain,Mid-Western
Mugu,Karnali,Mountain,Mid-Western,2067/68,2010/11,Still birth,8,Karnali,Mountain,Mid-Western
Humla,Karnali,Mountain,Mid-Western,2067/68,2010/11,Maternal Death,0,Karnali,Mountain,Mid-Western
Humla,Karnali,Mountain,Mid-Western,2067/68,2010/11,Neonatal Death,27,Karnali,Mountain,Mid-Western
Humla,Karnali,Mountain,Mid-Western,2067/68,2010/11,Still birth,16,Karnali,Mountain,Mid-Western
Bajura,Seti,Mountain,Far-Western,2067/68,2010/11,Maternal Death,5,Seti,Mountain,Far-Western
Bajura,Seti,Mountain,Far-Western,2067/68,2010/11,Neonatal Death,30,Seti,Mountain,Far-Western
Bajura,Seti,Mountain,Far-Western,2067/68,2010/11,Still birth,28,Seti,Mountain,Far-Western
Bajhang,Seti,Mountain,Far-Western,2067/68,2010/11,Maternal Death,3,Seti,Mountain,Far-Western
Bajhang,Seti,Mountain,Far-Western,2067/68,2010/11,Neonatal Death,75,Seti,Mountain,Far-Western
Bajhang,Seti,Mountain,Far-Western,2067/68,2010/11,Still birth,59,Seti,Mountain,Far-Western
Achham,Seti,Hill,Far-Western,2067/68,2010/11,Maternal Death,7,Seti,Hill,Far-Western
Achham,Seti,Hill,Far-Western,2067/68,2010/11,Neonatal Death,39,Seti,Hill,Far-Western
Achham,Seti,Hill,Far-Western,2067/68,2010/11,Still birth,69,Seti,Hill,Far-Western
Doti,Seti,Hill,Far-Western,2067/68,2010/11,Maternal Death,20,Seti,Hill,Far-Western
Doti,Seti,Hill,Far-Western,2067/68,2010/11,Neonatal Death,83,Seti,Hill,Far-Western
Doti,Seti,Hill,Far-Western,2067/68,2010/11,Still birth,38,Seti,Hill,Far-Western
Kailali,Seti,Terai,Far-Western,2067/68,2010/11,Maternal Death,63,Seti,Terai,Far-Western
Kailali,Seti,Terai,Far-Western,2067/68,2010/11,Neonatal Death,120,Seti,Terai,Far-Western
Kailali,Seti,Terai,Far-Western,2067/68,2010/11,Still birth,193,Seti,Terai,Far-Western
Kanchanpur,Mahakali,Terai,Far-Western,2067/68,2010/11,Maternal Death,5,Mahakali,Terai,Far-Western
Kanchanpur,Mahakali,Terai,Far-Western,2067/68,2010/11,Neonatal Death,56,Mahakali,Terai,Far-Western
Kanchanpur,Mahakali,Terai,Far-Western,2067/68,2010/11,Still birth,53,Mahakali,Terai,Far-Western
Dadeldhura,Mahakali,Hill,Far-Western,2067/68,2010/11,Maternal Death,2,Mahakali,Hill,Far-Western
Dadeldhura,Mahakali,Hill,Far-Western,2067/68,2010/11,Neonatal Death,33,Mahakali,Hill,Far-Western
Dadeldhura,Mahakali,Hill,Far-Western,2067/68,2010/11,Still birth,71,Mahakali,Hill,Far-Western
Baitadi,Mahakali,Hill,Far-Western,2067/68,2010/11,Maternal Death,5,Mahakali,Hill,Far-Western
Baitadi,Mahakali,Hill,Far-Western,2067/68,2010/11,Neonatal Death,74,Mahakali,Hill,Far-Western
Baitadi,Mahakali,Hill,Far-Western,2067/68,2010/11,Still birth,41,Mahakali,Hill,Far-Western
Darchaula,Mahakali,Mountain,Far-Western,2067/68,2010/11,Maternal Death,3,Mahakali,Mountain,Far-Western
Darchaula,Mahakali,Mountain,Far-Western,2067/68,2010/11,Neonatal Death,14,Mahakali,Mountain,Far-Western
Darchaula,Mahakali,Mountain,Far-Western,2067/68,2010/11,Still birth,22,Mahakali,Mountain,Far-Western
Taplejung,Mechi,Mountain,Eastern,2068/69,2011/12,Maternal Death,0,Mechi,Mountain,Eastern
Taplejung,Mechi,Mountain,Eastern,2068/69,2011/12,Neonatal Death,3,Mechi,Mountain,Eastern
Taplejung,Mechi,Mountain,Eastern,2068/69,2011/12,Still birth,12,Mechi,Mountain,Eastern
Panchthar,Mechi,Hill,Eastern,2068/69,2011/12,Maternal Death,5,Mechi,Hill,Eastern
Panchthar,Mechi,Hill,Eastern,2068/69,2011/12,Neonatal Death,35,Mechi,Hill,Eastern
Panchthar,Mechi,Hill,Eastern,2068/69,2011/12,Still birth,32,Mechi,Hill,Eastern
Ilam,Mechi,Hill,Eastern,2068/69,2011/12,Maternal Death,5,Mechi,Hill,Eastern
Ilam,Mechi,Hill,Eastern,2068/69,2011/12,Neonatal Death,25,Mechi,Hill,Eastern
Ilam,Mechi,Hill,Eastern,2068/69,2011/12,Still birth,24,Mechi,Hill,Eastern
Jhapa,Mechi,Terai,Eastern,2068/69,2011/12,Maternal Death,6,Mechi,Terai,Eastern
Jhapa,Mechi,Terai,Eastern,2068/69,2011/12,Neonatal Death,32,Mechi,Terai,Eastern
Jhapa,Mechi,Terai,Eastern,2068/69,2011/12,Still birth,186,Mechi,Terai,Eastern
Morang,Kosi,Terai,Eastern,2068/69,2011/12,Maternal Death,13,Kosi,Terai,Eastern
Morang,Kosi,Terai,Eastern,2068/69,2011/12,Neonatal Death,133,Kosi,Terai,Eastern
Morang,Kosi,Terai,Eastern,2068/69,2011/12,Still birth,413,Kosi,Terai,Eastern
Sunsari,Kosi,Terai,Eastern,2068/69,2011/12,Maternal Death,13,Kosi,Terai,Eastern
Sunsari,Kosi,Terai,Eastern,2068/69,2011/12,Neonatal Death,47,Kosi,Terai,Eastern
Sunsari,Kosi,Terai,Eastern,2068/69,2011/12,Still birth,46,Kosi,Terai,Eastern
Dhankuta,Kosi,Hill,Eastern,2068/69,2011/12,Maternal Death,2,Kosi,Hill,Eastern
Dhankuta,Kosi,Hill,Eastern,2068/69,2011/12,Neonatal Death,18,Kosi,Hill,Eastern
Dhankuta,Kosi,Hill,Eastern,2068/69,2011/12,Still birth,15,Kosi,Hill,Eastern
Terhathum,Kosi,Hill,Eastern,2068/69,2011/12,Maternal Death,1,Kosi,Hill,Eastern
Terhathum,Kosi,Hill,Eastern,2068/69,2011/12,Neonatal Death,2,Kosi,Hill,Eastern
Terhathum,Kosi,Hill,Eastern,2068/69,2011/12,Still birth,9,Kosi,Hill,Eastern
Sankhuwasabha,Kosi,Mountain,Eastern,2068/69,2011/12,Maternal Death,2,Kosi,Mountain,Eastern
Sankhuwasabha,Kosi,Mountain,Eastern,2068/69,2011/12,Neonatal Death,20,Kosi,Mountain,Eastern
Sankhuwasabha,Kosi,Mountain,Eastern,2068/69,2011/12,Still birth,40,Kosi,Mountain,Eastern
Bhojpur,Kosi,Hill,Eastern,2068/69,2011/12,Maternal Death,3,Kosi,Hill,Eastern
Bhojpur,Kosi,Hill,Eastern,2068/69,2011/12,Neonatal Death,22,Kosi,Hill,Eastern
Bhojpur,Kosi,Hill,Eastern,2068/69,2011/12,Still birth,20,Kosi,Hill,Eastern
Solukhumbu,Sagarmatha,Mountain,Eastern,2068/69,2011/12,Maternal Death,4,Sagarmatha,Mountain,Eastern
Solukhumbu,Sagarmatha,Mountain,Eastern,2068/69,2011/12,Neonatal Death,14,Sagarmatha,Mountain,Eastern
Solukhumbu,Sagarmatha,Mountain,Eastern,2068/69,2011/12,Still birth,12,Sagarmatha,Mountain,Eastern
Okhaldhunga,Sagarmatha,Hill,Eastern,2068/69,2011/12,Maternal Death,3,Sagarmatha,Hill,Eastern
Okhaldhunga,Sagarmatha,Hill,Eastern,2068/69,2011/12,Neonatal Death,24,Sagarmatha,Hill,Eastern
Okhaldhunga,Sagarmatha,Hill,Eastern,2068/69,2011/12,Still birth,31,Sagarmatha,Hill,Eastern
Khotang,Sagarmatha,Hill,Eastern,2068/69,2011/12,Maternal Death,2,Sagarmatha,Hill,Eastern
Khotang,Sagarmatha,Hill,Eastern,2068/69,2011/12,Neonatal Death,8,Sagarmatha,Hill,Eastern
Khotang,Sagarmatha,Hill,Eastern,2068/69,2011/12,Still birth,6,Sagarmatha,Hill,Eastern
Udayapur,Sagarmatha,Hill,Eastern,2068/69,2011/12,Maternal Death,6,Sagarmatha,Hill,Eastern
Udayapur,Sagarmatha,Hill,Eastern,2068/69,2011/12,Neonatal Death,15,Sagarmatha,Hill,Eastern
Udayapur,Sagarmatha,Hill,Eastern,2068/69,2011/12,Still birth,29,Sagarmatha,Hill,Eastern
Saptari,Sagarmatha,Terai,Eastern,2068/69,2011/12,Maternal Death,7,Sagarmatha,Terai,Eastern
Saptari,Sagarmatha,Terai,Eastern,2068/69,2011/12,Neonatal Death,20,Sagarmatha,Terai,Eastern
Saptari,Sagarmatha,Terai,Eastern,2068/69,2011/12,Still birth,141,Sagarmatha,Terai,Eastern
Siraha,Sagarmatha,Terai,Eastern,2068/69,2011/12,Maternal Death,8,Sagarmatha,Terai,Eastern
Siraha,Sagarmatha,Terai,Eastern,2068/69,2011/12,Neonatal Death,15,Sagarmatha,Terai,Eastern
Siraha,Sagarmatha,Terai,Eastern,2068/69,2011/12,Still birth,107,Sagarmatha,Terai,Eastern
Dhanusa,Janakpur,Terai,Central,2068/69,2011/12,Maternal Death,5,Janakpur,Terai,Central
Dhanusa,Janakpur,Terai,Central,2068/69,2011/12,Neonatal Death,13,Janakpur,Terai,Central
Dhanusa,Janakpur,Terai,Central,2068/69,2011/12,Still birth,23,Janakpur,Terai,Central
Mahottari,Janakpur,Terai,Central,2068/69,2011/12,Maternal Death,3,Janakpur,Terai,Central
Mahottari,Janakpur,Terai,Central,2068/69,2011/12,Neonatal Death,20,Janakpur,Terai,Central
Mahottari,Janakpur,Terai,Central,2068/69,2011/12,Still birth,45,Janakpur,Terai,Central
Sarlahi,Janakpur,Terai,Central,2068/69,2011/12,Maternal Death,3,Janakpur,Terai,Central
Sarlahi,Janakpur,Terai,Central,2068/69,2011/12,Neonatal Death,35,Janakpur,Terai,Central
Sarlahi,Janakpur,Terai,Central,2068/69,2011/12,Still birth,52,Janakpur,Terai,Central
Sindhuli,Janakpur,Hill,Central,2068/69,2011/12,Maternal Death,1,Janakpur,Hill,Central
Sindhuli,Janakpur,Hill,Central,2068/69,2011/12,Neonatal Death,20,Janakpur,Hill,Central
Sindhuli,Janakpur,Hill,Central,2068/69,2011/12,Still birth,34,Janakpur,Hill,Central
Ramechhap,Janakpur,Hill,Central,2068/69,2011/12,Maternal Death,3,Janakpur,Hill,Central
Ramechhap,Janakpur,Hill,Central,2068/69,2011/12,Neonatal Death,17,Janakpur,Hill,Central
Ramechhap,Janakpur,Hill,Central,2068/69,2011/12,Still birth,26,Janakpur,Hill,Central
Dolakha,Janakpur,Mountain,Central,2068/69,2011/12,Maternal Death,1,Janakpur,Mountain,Central
Dolakha,Janakpur,Mountain,Central,2068/69,2011/12,Neonatal Death,17,Janakpur,Mountain,Central
Dolakha,Janakpur,Mountain,Central,2068/69,2011/12,Still birth,25,Janakpur,Mountain,Central
Sindhupalchok,Bagmati,Mountain,Central,2068/69,2011/12,Maternal Death,7,Bagmati,Mountain,Central
Sindhupalchok,Bagmati,Mountain,Central,2068/69,2011/12,Neonatal Death,46,Bagmati,Mountain,Central
Sindhupalchok,Bagmati,Mountain,Central,2068/69,2011/12,Still birth,40,Bagmati,Mountain,Central
Kavre,Bagmati,Hill,Central,2068/69,2011/12,Maternal Death,4,Bagmati,Hill,Central
Kavre,Bagmati,Hill,Central,2068/69,2011/12,Neonatal Death,41,Bagmati,Hill,Central
Kavre,Bagmati,Hill,Central,2068/69,2011/12,Still birth,84,Bagmati,Hill,Central
Lalitpur,Bagmati,Hill,Central,2068/69,2011/12,Maternal Death,0,Bagmati,Hill,Central
Lalitpur,Bagmati,Hill,Central,2068/69,2011/12,Neonatal Death,0,Bagmati,Hill,Central
Lalitpur,Bagmati,Hill,Central,2068/69,2011/12,Still birth,0,Bagmati,Hill,Central
Bhaktapur,Bagmati,Hill,Central,2068/69,2011/12,Maternal Death,0,Bagmati,Hill,Central
Bhaktapur,Bagmati,Hill,Central,2068/69,2011/12,Neonatal Death,2,Bagmati,Hill,Central
Bhaktapur,Bagmati,Hill,Central,2068/69,2011/12,Still birth,1,Bagmati,Hill,Central
Kathmandu,Bagmati,Hill,Central,2068/69,2011/12,Maternal Death,1,Bagmati,Hill,Central
Kathmandu,Bagmati,Hill,Central,2068/69,2011/12,Neonatal Death,16,Bagmati,Hill,Central
Kathmandu,Bagmati,Hill,Central,2068/69,2011/12,Still birth,9,Bagmati,Hill,Central
Nuwakot,Bagmati,Hill,Central,2068/69,2011/12,Maternal Death,0,Bagmati,Hill,Central
Nuwakot,Bagmati,Hill,Central,2068/69,2011/12,Neonatal Death,0,Bagmati,Hill,Central
Nuwakot,Bagmati,Hill,Central,2068/69,2011/12,Still birth,13,Bagmati,Hill,Central
Rasuwa,Bagmati,Mountain,Central,2068/69,2011/12,Maternal Death,0,Bagmati,Mountain,Central
Rasuwa,Bagmati,Mountain,Central,2068/69,2011/12,Neonatal Death,2,Bagmati,Mountain,Central
Rasuwa,Bagmati,Mountain,Central,2068/69,2011/12,Still birth,2,Bagmati,Mountain,Central
Dhading,Bagmati,Hill,Central,2068/69,2011/12,Maternal Death,3,Bagmati,Hill,Central
Dhading,Bagmati,Hill,Central,2068/69,2011/12,Neonatal Death,26,Bagmati,Hill,Central
Dhading,Bagmati,Hill,Central,2068/69,2011/12,Still birth,52,Bagmati,Hill,Central
Makwanpur,Narayani,Hill,Central,2068/69,2011/12,Maternal Death,10,Narayani,Hill,Central
Makwanpur,Narayani,Hill,Central,2068/69,2011/12,Neonatal Death,24,Narayani,Hill,Central
Makwanpur,Narayani,Hill,Central,2068/69,2011/12,Still birth,33,Narayani,Hill,Central
Rautahat,Narayani,Terai,Central,2068/69,2011/12,Maternal Death,3,Narayani,Terai,Central
Rautahat,Narayani,Terai,Central,2068/69,2011/12,Neonatal Death,11,Narayani,Terai,Central
Rautahat,Narayani,Terai,Central,2068/69,2011/12,Still birth,21,Narayani,Terai,Central
Bara,Narayani,Terai,Central,2068/69,2011/12,Maternal Death,2,Narayani,Terai,Central
Bara,Narayani,Terai,Central,2068/69,2011/12,Neonatal Death,8,Narayani,Terai,Central
Bara,Narayani,Terai,Central,2068/69,2011/12,Still birth,23,Narayani,Terai,Central
Parsa,Narayani,Terai,Central,2068/69,2011/12,Maternal Death,0,Narayani,Terai,Central
Parsa,Narayani,Terai,Central,2068/69,2011/12,Neonatal Death,0,Narayani,Terai,Central
Parsa,Narayani,Terai,Central,2068/69,2011/12,Still birth,0,Narayani,Terai,Central
Chitawan,Narayani,Terai,Central,2068/69,2011/12,Maternal Death,5,Narayani,Terai,Central
Chitawan,Narayani,Terai,Central,2068/69,2011/12,Neonatal Death,62,Narayani,Terai,Central
Chitawan,Narayani,Terai,Central,2068/69,2011/12,Still birth,80,Narayani,Terai,Central
Gorkha,Gandaki,Hill,Western,2068/69,2011/12,Maternal Death,3,Gandaki,Hill,Western
Gorkha,Gandaki,Hill,Western,2068/69,2011/12,Neonatal Death,42,Gandaki,Hill,Western
Gorkha,Gandaki,Hill,Western,2068/69,2011/12,Still birth,54,Gandaki,Hill,Western
Lamjung,Gandaki,Hill,Western,2068/69,2011/12,Maternal Death,2,Gandaki,Hill,Western
Lamjung,Gandaki,Hill,Western,2068/69,2011/12,Neonatal Death,17,Gandaki,Hill,Western
Lamjung,Gandaki,Hill,Western,2068/69,2011/12,Still birth,34,Gandaki,Hill,Western
Tanahu,Gandaki,Hill,Western,2068/69,2011/12,Maternal Death,0,Gandaki,Hill,Western
Tanahu,Gandaki,Hill,Western,2068/69,2011/12,Neonatal Death,18,Gandaki,Hill,Western
Tanahu,Gandaki,Hill,Western,2068/69,2011/12,Still birth,12,Gandaki,Hill,Western
Syangja,Gandaki,Hill,Western,2068/69,2011/12,Maternal Death,0,Gandaki,Hill,Western
Syangja,Gandaki,Hill,Western,2068/69,2011/12,Neonatal Death,11,Gandaki,Hill,Western
Syangja,Gandaki,Hill,Western,2068/69,2011/12,Still birth,31,Gandaki,Hill,Western
Kaski,Gandaki,Hill,Western,2068/69,2011/12,Maternal Death,4,Gandaki,Hill,Western
Kaski,Gandaki,Hill,Western,2068/69,2011/12,Neonatal Death,83,Gandaki,Hill,Western
Kaski,Gandaki,Hill,Western,2068/69,2011/12,Still birth,143,Gandaki,Hill,Western
Manang,Gandaki,Mountain,Western,2068/69,2011/12,Maternal Death,0,Gandaki,Mountain,Western
Manang,Gandaki,Mountain,Western,2068/69,2011/12,Neonatal Death,0,Gandaki,Mountain,Western
Manang,Gandaki,Mountain,Western,2068/69,2011/12,Still birth,0,Gandaki,Mountain,Western
Mustang,Dhawalagiri,Mountain,Western,2068/69,2011/12,Maternal Death,0,Dhawalagiri,Mountain,Western
Mustang,Dhawalagiri,Mountain,Western,2068/69,2011/12,Neonatal Death,1,Dhawalagiri,Mountain,Western
Mustang,Dhawalagiri,Mountain,Western,2068/69,2011/12,Still birth,2,Dhawalagiri,Mountain,Western
Myagdi,Dhawalagiri,Hill,Western,2068/69,2011/12,Maternal Death,3,Dhawalagiri,Hill,Western
Myagdi,Dhawalagiri,Hill,Western,2068/69,2011/12,Neonatal Death,15,Dhawalagiri,Hill,Western
Myagdi,Dhawalagiri,Hill,Western,2068/69,2011/12,Still birth,17,Dhawalagiri,Hill,Western
Parbat,Dhawalagiri,Hill,Western,2068/69,2011/12,Maternal Death,0,Dhawalagiri,Hill,Western
Parbat,Dhawalagiri,Hill,Western,2068/69,2011/12,Neonatal Death,8,Dhawalagiri,Hill,Western
Parbat,Dhawalagiri,Hill,Western,2068/69,2011/12,Still birth,19,Dhawalagiri,Hill,Western
Baglung,Dhawalagiri,Hill,Western,2068/69,2011/12,Maternal Death,5,Dhawalagiri,Hill,Western
Baglung,Dhawalagiri,Hill,Western,2068/69,2011/12,Neonatal Death,14,Dhawalagiri,Hill,Western
Baglung,Dhawalagiri,Hill,Western,2068/69,2011/12,Still birth,25,Dhawalagiri,Hill,Western
Gulmi,Lumbini,Hill,Western,2068/69,2011/12,Maternal Death,0,Lumbini,Hill,Western
Gulmi,Lumbini,Hill,Western,2068/69,2011/12,Neonatal Death,2,Lumbini,Hill,Western
Gulmi,Lumbini,Hill,Western,2068/69,2011/12,Still birth,24,Lumbini,Hill,Western
Palpa,Lumbini,Hill,Western,2068/69,2011/12,Maternal Death,7,Lumbini,Hill,Western
Palpa,Lumbini,Hill,Western,2068/69,2011/12,Neonatal Death,38,Lumbini,Hill,Western
Palpa,Lumbini,Hill,Western,2068/69,2011/12,Still birth,111,Lumbini,Hill,Western
Nawalparasi,Lumbini,Terai,Western,2068/69,2011/12,Maternal Death,12,Lumbini,Terai,Western
Nawalparasi,Lumbini,Terai,Western,2068/69,2011/12,Neonatal Death,57,Lumbini,Terai,Western
Nawalparasi,Lumbini,Terai,Western,2068/69,2011/12,Still birth,51,Lumbini,Terai,Western
Rupandehi,Lumbini,Terai,Western,2068/69,2011/12,Maternal Death,0,Lumbini,Terai,Western
Rupandehi,Lumbini,Terai,Western,2068/69,2011/12,Neonatal Death,0,Lumbini,Terai,Western
Rupandehi,Lumbini,Terai,Western,2068/69,2011/12,Still birth,0,Lumbini,Terai,Western
Kapilbastu,Lumbini,Terai,Western,2068/69,2011/12,Maternal Death,6,Lumbini,Terai,Western
Kapilbastu,Lumbini,Terai,Western,2068/69,2011/12,Neonatal Death,27,Lumbini,Terai,Western
Kapilbastu,Lumbini,Terai,Western,2068/69,2011/12,Still birth,31,Lumbini,Terai,Western
Arghakhanchi,Lumbini,Hill,Western,2068/69,2011/12,Maternal Death,4,Lumbini,Hill,Western
Arghakhanchi,Lumbini,Hill,Western,2068/69,2011/12,Neonatal Death,27,Lumbini,Hill,Western
Arghakhanchi,Lumbini,Hill,Western,2068/69,2011/12,Still birth,36,Lumbini,Hill,Western
Pyuthan,Rapti,Hill,Mid-Western,2068/69,2011/12,Maternal Death,3,Rapti,Hill,Mid-Western
Pyuthan,Rapti,Hill,Mid-Western,2068/69,2011/12,Neonatal Death,14,Rapti,Hill,Mid-Western
Pyuthan,Rapti,Hill,Mid-Western,2068/69,2011/12,Still birth,34,Rapti,Hill,Mid-Western
Rolpa,Rapti,Hill,Mid-Western,2068/69,2011/12,Maternal Death,5,Rapti,Hill,Mid-Western
Rolpa,Rapti,Hill,Mid-Western,2068/69,2011/12,Neonatal Death,22,Rapti,Hill,Mid-Western
Rolpa,Rapti,Hill,Mid-Western,2068/69,2011/12,Still birth,29,Rapti,Hill,Mid-Western
Rukum,Rapti,Hill,Mid-Western,2068/69,2011/12,Maternal Death,4,Rapti,Hill,Mid-Western
Rukum,Rapti,Hill,Mid-Western,2068/69,2011/12,Neonatal Death,26,Rapti,Hill,Mid-Western
Rukum,Rapti,Hill,Mid-Western,2068/69,2011/12,Still birth,31,Rapti,Hill,Mid-Western
Salyan,Rapti,Hill,Mid-Western,2068/69,2011/12,Maternal Death,9,Rapti,Hill,Mid-Western
Salyan,Rapti,Hill,Mid-Western,2068/69,2011/12,Neonatal Death,62,Rapti,Hill,Mid-Western
Salyan,Rapti,Hill,Mid-Western,2068/69,2011/12,Still birth,46,Rapti,Hill,Mid-Western
Dang,Rapti,Terai,Mid-Western,2068/69,2011/12,Maternal Death,3,Rapti,Terai,Mid-Western
Dang,Rapti,Terai,Mid-Western,2068/69,2011/12,Neonatal Death,38,Rapti,Terai,Mid-Western
Dang,Rapti,Terai,Mid-Western,2068/69,2011/12,Still birth,92,Rapti,Terai,Mid-Western
Banke,Bheri,Terai,Mid-Western,2068/69,2011/12,Maternal Death,22,Bheri,Terai,Mid-Western
Banke,Bheri,Terai,Mid-Western,2068/69,2011/12,Neonatal Death,295,Bheri,Terai,Mid-Western
Banke,Bheri,Terai,Mid-Western,2068/69,2011/12,Still birth,317,Bheri,Terai,Mid-Western
Bardiya,Bheri,Terai,Mid-Western,2068/69,2011/12,Maternal Death,7,Bheri,Terai,Mid-Western
Bardiya,Bheri,Terai,Mid-Western,2068/69,2011/12,Neonatal Death,79,Bheri,Terai,Mid-Western
Bardiya,Bheri,Terai,Mid-Western,2068/69,2011/12,Still birth,128,Bheri,Terai,Mid-Western
Surkhet,Bheri,Hill,Mid-Western,2068/69,2011/12,Maternal Death,5,Bheri,Hill,Mid-Western
Surkhet,Bheri,Hill,Mid-Western,2068/69,2011/12,Neonatal Death,63,Bheri,Hill,Mid-Western
Surkhet,Bheri,Hill,Mid-Western,2068/69,2011/12,Still birth,160,Bheri,Hill,Mid-Western
Dailekh,Bheri,Hill,Mid-Western,2068/69,2011/12,Maternal Death,4,Bheri,Hill,Mid-Western
Dailekh,Bheri,Hill,Mid-Western,2068/69,2011/12,Neonatal Death,75,Bheri,Hill,Mid-Western
Dailekh,Bheri,Hill,Mid-Western,2068/69,2011/12,Still birth,118,Bheri,Hill,Mid-Western
Jajarkot,Bheri,Hill,Mid-Western,2068/69,2011/12,Maternal Death,4,Bheri,Hill,Mid-Western
Jajarkot,Bheri,Hill,Mid-Western,2068/69,2011/12,Neonatal Death,39,Bheri,Hill,Mid-Western
Jajarkot,Bheri,Hill,Mid-Western,2068/69,2011/12,Still birth,24,Bheri,Hill,Mid-Western
Dolpa,Karnali,Mountain,Mid-Western,2068/69,2011/12,Maternal Death,1,Karnali,Mountain,Mid-Western
Dolpa,Karnali,Mountain,Mid-Western,2068/69,2011/12,Neonatal Death,1,Karnali,Mountain,Mid-Western
Dolpa,Karnali,Mountain,Mid-Western,2068/69,2011/12,Still birth,2,Karnali,Mountain,Mid-Western
Jumla,Karnali,Mountain,Mid-Western,2068/69,2011/12,Maternal Death,7,Karnali,Mountain,Mid-Western
Jumla,Karnali,Mountain,Mid-Western,2068/69,2011/12,Neonatal Death,44,Karnali,Mountain,Mid-Western
Jumla,Karnali,Mountain,Mid-Western,2068/69,2011/12,Still birth,47,Karnali,Mountain,Mid-Western
Kalikot,Karnali,Mountain,Mid-Western,2068/69,2011/12,Maternal Death,8,Karnali,Mountain,Mid-Western
Kalikot,Karnali,Mountain,Mid-Western,2068/69,2011/12,Neonatal Death,34,Karnali,Mountain,Mid-Western
Kalikot,Karnali,Mountain,Mid-Western,2068/69,2011/12,Still birth,28,Karnali,Mountain,Mid-Western
Mugu,Karnali,Mountain,Mid-Western,2068/69,2011/12,Maternal Death,4,Karnali,Mountain,Mid-Western
Mugu,Karnali,Mountain,Mid-Western,2068/69,2011/12,Neonatal Death,14,Karnali,Mountain,Mid-Western
Mugu,Karnali,Mountain,Mid-Western,2068/69,2011/12,Still birth,14,Karnali,Mountain,Mid-Western
Humla,Karnali,Mountain,Mid-Western,2068/69,2011/12,Maternal Death,5,Karnali,Mountain,Mid-Western
Humla,Karnali,Mountain,Mid-Western,2068/69,2011/12,Neonatal Death,24,Karnali,Mountain,Mid-Western
Humla,Karnali,Mountain,Mid-Western,2068/69,2011/12,Still birth,6,Karnali,Mountain,Mid-Western
Bajura,Seti,Mountain,Far-Western,2068/69,2011/12,Maternal Death,2,Seti,Mountain,Far-Western
Bajura,Seti,Mountain,Far-Western,2068/69,2011/12,Neonatal Death,31,Seti,Mountain,Far-Western
Bajura,Seti,Mountain,Far-Western,2068/69,2011/12,Still birth,22,Seti,Mountain,Far-Western
Bajhang,Seti,Mountain,Far-Western,2068/69,2011/12,Maternal Death,2,Seti,Mountain,Far-Western
Bajhang,Seti,Mountain,Far-Western,2068/69,2011/12,Neonatal Death,61,Seti,Mountain,Far-Western
Bajhang,Seti,Mountain,Far-Western,2068/69,2011/12,Still birth,86,Seti,Mountain,Far-Western
Achham,Seti,Hill,Far-Western,2068/69,2011/12,Maternal Death,4,Seti,Hill,Far-Western
Achham,Seti,Hill,Far-Western,2068/69,2011/12,Neonatal Death,49,Seti,Hill,Far-Western
Achham,Seti,Hill,Far-Western,2068/69,2011/12,Still birth,80,Seti,Hill,Far-Western
Doti,Seti,Hill,Far-Western,2068/69,2011/12,Maternal Death,6,Seti,Hill,Far-Western
Doti,Seti,Hill,Far-Western,2068/69,2011/12,Neonatal Death,83,Seti,Hill,Far-Western
Doti,Seti,Hill,Far-Western,2068/69,2011/12,Still birth,57,Seti,Hill,Far-Western
Kailali,Seti,Terai,Far-Western,2068/69,2011/12,Maternal Death,16,Seti,Terai,Far-Western
Kailali,Seti,Terai,Far-Western,2068/69,2011/12,Neonatal Death,71,Seti,Terai,Far-Western
Kailali,Seti,Terai,Far-Western,2068/69,2011/12,Still birth,159,Seti,Terai,Far-Western
Kanchanpur,Mahakali,Terai,Far-Western,2068/69,2011/12,Maternal Death,2,Mahakali,Terai,Far-Western
Kanchanpur,Mahakali,Terai,Far-Western,2068/69,2011/12,Neonatal Death,62,Mahakali,Terai,Far-Western
Kanchanpur,Mahakali,Terai,Far-Western,2068/69,2011/12,Still birth,74,Mahakali,Terai,Far-Western
Dadeldhura,Mahakali,Hill,Far-Western,2068/69,2011/12,Maternal Death,6,Mahakali,Hill,Far-Western
Dadeldhura,Mahakali,Hill,Far-Western,2068/69,2011/12,Neonatal Death,28,Mahakali,Hill,Far-Western
Dadeldhura,Mahakali,Hill,Far-Western,2068/69,2011/12,Still birth,80,Mahakali,Hill,Far-Western
Baitadi,Mahakali,Hill,Far-Western,2068/69,2011/12,Maternal Death,8,Mahakali,Hill,Far-Western
Baitadi,Mahakali,Hill,Far-Western,2068/69,2011/12,Neonatal Death,81,Mahakali,Hill,Far-Western
Baitadi,Mahakali,Hill,Far-Western,2068/69,2011/12,Still birth,62,Mahakali,Hill,Far-Western
Darchaula,Mahakali,Mountain,Far-Western,2068/69,2011/12,Maternal Death,6,Mahakali,Mountain,Far-Western
Darchaula,Mahakali,Mountain,Far-Western,2068/69,2011/12,Neonatal Death,17,Mahakali,Mountain,Far-Western
Darchaula,Mahakali,Mountain,Far-Western,2068/69,2011/12,Still birth,23,Mahakali,Mountain,Far-Western
Taplejung,Mechi,Mountain,Eastern,2069/70,2012/13,Maternal Death,6,Mechi,Mountain,Eastern
Taplejung,Mechi,Mountain,Eastern,2069/70,2012/13,Neonatal Death,5,Mechi,Mountain,Eastern
Taplejung,Mechi,Mountain,Eastern,2069/70,2012/13,Still birth,11,Mechi,Mountain,Eastern
Panchthar,Mechi,Hill,Eastern,2069/70,2012/13,Maternal Death,1,Mechi,Hill,Eastern
Panchthar,Mechi,Hill,Eastern,2069/70,2012/13,Neonatal Death,17,Mechi,Hill,Eastern
Panchthar,Mechi,Hill,Eastern,2069/70,2012/13,Still birth,35,Mechi,Hill,Eastern
Ilam,Mechi,Hill,Eastern,2069/70,2012/13,Maternal Death,4,Mechi,Hill,Eastern
Ilam,Mechi,Hill,Eastern,2069/70,2012/13,Neonatal Death,11,Mechi,Hill,Eastern
Ilam,Mechi,Hill,Eastern,2069/70,2012/13,Still birth,34,Mechi,Hill,Eastern
Jhapa,Mechi,Terai,Eastern,2069/70,2012/13,Maternal Death,8,Mechi,Terai,Eastern
Jhapa,Mechi,Terai,Eastern,2069/70,2012/13,Neonatal Death,33,Mechi,Terai,Eastern
Jhapa,Mechi,Terai,Eastern,2069/70,2012/13,Still birth,127,Mechi,Terai,Eastern
Morang,Kosi,Terai,Eastern,2069/70,2012/13,Maternal Death,10,Kosi,Terai,Eastern
Morang,Kosi,Terai,Eastern,2069/70,2012/13,Neonatal Death,136,Kosi,Terai,Eastern
Morang,Kosi,Terai,Eastern,2069/70,2012/13,Still birth,294,Kosi,Terai,Eastern
Sunsari,Kosi,Terai,Eastern,2069/70,2012/13,Maternal Death,25,Kosi,Terai,Eastern
Sunsari,Kosi,Terai,Eastern,2069/70,2012/13,Neonatal Death,147,Kosi,Terai,Eastern
Sunsari,Kosi,Terai,Eastern,2069/70,2012/13,Still birth,47,Kosi,Terai,Eastern
Dhankuta,Kosi,Hill,Eastern,2069/70,2012/13,Maternal Death,1,Kosi,Hill,Eastern
Dhankuta,Kosi,Hill,Eastern,2069/70,2012/13,Neonatal Death,17,Kosi,Hill,Eastern
Dhankuta,Kosi,Hill,Eastern,2069/70,2012/13,Still birth,12,Kosi,Hill,Eastern
Terhathum,Kosi,Hill,Eastern,2069/70,2012/13,Maternal Death,0,Kosi,Hill,Eastern
Terhathum,Kosi,Hill,Eastern,2069/70,2012/13,Neonatal Death,0,Kosi,Hill,Eastern
Terhathum,Kosi,Hill,Eastern,2069/70,2012/13,Still birth,7,Kosi,Hill,Eastern
Sankhuwasabha,Kosi,Mountain,Eastern,2069/70,2012/13,Maternal Death,3,Kosi,Mountain,Eastern
Sankhuwasabha,Kosi,Mountain,Eastern,2069/70,2012/13,Neonatal Death,15,Kosi,Mountain,Eastern
Sankhuwasabha,Kosi,Mountain,Eastern,2069/70,2012/13,Still birth,45,Kosi,Mountain,Eastern
Bhojpur,Kosi,Hill,Eastern,2069/70,2012/13,Maternal Death,1,Kosi,Hill,Eastern
Bhojpur,Kosi,Hill,Eastern,2069/70,2012/13,Neonatal Death,12,Kosi,Hill,Eastern
Bhojpur,Kosi,Hill,Eastern,2069/70,2012/13,Still birth,21,Kosi,Hill,Eastern
Solukhumbu,Sagarmatha,Mountain,Eastern,2069/70,2012/13,Maternal Death,3,Sagarmatha,Mountain,Eastern
Solukhumbu,Sagarmatha,Mountain,Eastern,2069/70,2012/13,Neonatal Death,16,Sagarmatha,Mountain,Eastern
Solukhumbu,Sagarmatha,Mountain,Eastern,2069/70,2012/13,Still birth,18,Sagarmatha,Mountain,Eastern
Okhaldhunga,Sagarmatha,Hill,Eastern,2069/70,2012/13,Maternal Death,5,Sagarmatha,Hill,Eastern
Okhaldhunga,Sagarmatha,Hill,Eastern,2069/70,2012/13,Neonatal Death,24,Sagarmatha,Hill,Eastern
Okhaldhunga,Sagarmatha,Hill,Eastern,2069/70,2012/13,Still birth,35,Sagarmatha,Hill,Eastern
Khotang,Sagarmatha,Hill,Eastern,2069/70,2012/13,Maternal Death,3,Sagarmatha,Hill,Eastern
Khotang,Sagarmatha,Hill,Eastern,2069/70,2012/13,Neonatal Death,15,Sagarmatha,Hill,Eastern
Khotang,Sagarmatha,Hill,Eastern,2069/70,2012/13,Still birth,39,Sagarmatha,Hill,Eastern
Udayapur,Sagarmatha,Hill,Eastern,2069/70,2012/13,Maternal Death,2,Sagarmatha,Hill,Eastern
Udayapur,Sagarmatha,Hill,Eastern,2069/70,2012/13,Neonatal Death,14,Sagarmatha,Hill,Eastern
Udayapur,Sagarmatha,Hill,Eastern,2069/70,2012/13,Still birth,30,Sagarmatha,Hill,Eastern
Saptari,Sagarmatha,Terai,Eastern,2069/70,2012/13,Maternal Death,1,Sagarmatha,Terai,Eastern
Saptari,Sagarmatha,Terai,Eastern,2069/70,2012/13,Neonatal Death,4,Sagarmatha,Terai,Eastern
Saptari,Sagarmatha,Terai,Eastern,2069/70,2012/13,Still birth,148,Sagarmatha,Terai,Eastern
Siraha,Sagarmatha,Terai,Eastern,2069/70,2012/13,Maternal Death,2,Sagarmatha,Terai,Eastern
Siraha,Sagarmatha,Terai,Eastern,2069/70,2012/13,Neonatal Death,10,Sagarmatha,Terai,Eastern
Siraha,Sagarmatha,Terai,Eastern,2069/70,2012/13,Still birth,152,Sagarmatha,Terai,Eastern
Dhanusa,Janakpur,Terai,Central,2069/70,2012/13,Maternal Death,28,Janakpur,Terai,Central
Dhanusa,Janakpur,Terai,Central,2069/70,2012/13,Neonatal Death,19,Janakpur,Terai,Central
Dhanusa,Janakpur,Terai,Central,2069/70,2012/13,Still birth,26,Janakpur,Terai,Central
Mahottari,Janakpur,Terai,Central,2069/70,2012/13,Maternal Death,4,Janakpur,Terai,Central
Mahottari,Janakpur,Terai,Central,2069/70,2012/13,Neonatal Death,20,Janakpur,Terai,Central
Mahottari,Janakpur,Terai,Central,2069/70,2012/13,Still birth,46,Janakpur,Terai,Central
Sarlahi,Janakpur,Terai,Central,2069/70,2012/13,Maternal Death,5,Janakpur,Terai,Central
Sarlahi,Janakpur,Terai,Central,2069/70,2012/13,Neonatal Death,13,Janakpur,Terai,Central
Sarlahi,Janakpur,Terai,Central,2069/70,2012/13,Still birth,73,Janakpur,Terai,Central
Sindhuli,Janakpur,Hill,Central,2069/70,2012/13,Maternal Death,3,Janakpur,Hill,Central
Sindhuli,Janakpur,Hill,Central,2069/70,2012/13,Neonatal Death,20,Janakpur,Hill,Central
Sindhuli,Janakpur,Hill,Central,2069/70,2012/13,Still birth,22,Janakpur,Hill,Central
Ramechhap,Janakpur,Hill,Central,2069/70,2012/13,Maternal Death,1,Janakpur,Hill,Central
Ramechhap,Janakpur,Hill,Central,2069/70,2012/13,Neonatal Death,14,Janakpur,Hill,Central
Ramechhap,Janakpur,Hill,Central,2069/70,2012/13,Still birth,17,Janakpur,Hill,Central
Dolakha,Janakpur,Mountain,Central,2069/70,2012/13,Maternal Death,22,Janakpur,Mountain,Central
Dolakha,Janakpur,Mountain,Central,2069/70,2012/13,Neonatal Death,6,Janakpur,Mountain,Central
Dolakha,Janakpur,Mountain,Central,2069/70,2012/13,Still birth,19,Janakpur,Mountain,Central
Sindhupalchok,Bagmati,Mountain,Central,2069/70,2012/13,Maternal Death,3,Bagmati,Mountain,Central
Sindhupalchok,Bagmati,Mountain,Central,2069/70,2012/13,Neonatal Death,23,Bagmati,Mountain,Central
Sindhupalchok,Bagmati,Mountain,Central,2069/70,2012/13,Still birth,35,Bagmati,Mountain,Central
Kavre,Bagmati,Hill,Central,2069/70,2012/13,Maternal Death,7,Bagmati,Hill,Central
Kavre,Bagmati,Hill,Central,2069/70,2012/13,Neonatal Death,17,Bagmati,Hill,Central
Kavre,Bagmati,Hill,Central,2069/70,2012/13,Still birth,39,Bagmati,Hill,Central
Lalitpur,Bagmati,Hill,Central,2069/70,2012/13,Maternal Death,0,Bagmati,Hill,Central
Lalitpur,Bagmati,Hill,Central,2069/70,2012/13,Neonatal Death,0,Bagmati,Hill,Central
Lalitpur,Bagmati,Hill,Central,2069/70,2012/13,Still birth,0,Bagmati,Hill,Central
Bhaktapur,Bagmati,Hill,Central,2069/70,2012/13,Maternal Death,0,Bagmati,Hill,Central
Bhaktapur,Bagmati,Hill,Central,2069/70,2012/13,Neonatal Death,0,Bagmati,Hill,Central
Bhaktapur,Bagmati,Hill,Central,2069/70,2012/13,Still birth,1,Bagmati,Hill,Central
Kathmandu,Bagmati,Hill,Central,2069/70,2012/13,Maternal Death,5,Bagmati,Hill,Central
Kathmandu,Bagmati,Hill,Central,2069/70,2012/13,Neonatal Death,250,Bagmati,Hill,Central
Kathmandu,Bagmati,Hill,Central,2069/70,2012/13,Still birth,412,Bagmati,Hill,Central
Nuwakot,Bagmati,Hill,Central,2069/70,2012/13,Maternal Death,0,Bagmati,Hill,Central
Nuwakot,Bagmati,Hill,Central,2069/70,2012/13,Neonatal Death,4,Bagmati,Hill,Central
Nuwakot,Bagmati,Hill,Central,2069/70,2012/13,Still birth,22,Bagmati,Hill,Central
Rasuwa,Bagmati,Mountain,Central,2069/70,2012/13,Maternal Death,1,Bagmati,Mountain,Central
Rasuwa,Bagmati,Mountain,Central,2069/70,2012/13,Neonatal Death,3,Bagmati,Mountain,Central
Rasuwa,Bagmati,Mountain,Central,2069/70,2012/13,Still birth,1,Bagmati,Mountain,Central
Dhading,Bagmati,Hill,Central,2069/70,2012/13,Maternal Death,2,Bagmati,Hill,Central
Dhading,Bagmati,Hill,Central,2069/70,2012/13,Neonatal Death,18,Bagmati,Hill,Central
Dhading,Bagmati,Hill,Central,2069/70,2012/13,Still birth,47,Bagmati,Hill,Central
Makwanpur,Narayani,Hill,Central,2069/70,2012/13,Maternal Death,7,Narayani,Hill,Central
Makwanpur,Narayani,Hill,Central,2069/70,2012/13,Neonatal Death,25,Narayani,Hill,Central
Makwanpur,Narayani,Hill,Central,2069/70,2012/13,Still birth,37,Narayani,Hill,Central
Rautahat,Narayani,Terai,Central,2069/70,2012/13,Maternal Death,1,Narayani,Terai,Central
Rautahat,Narayani,Terai,Central,2069/70,2012/13,Neonatal Death,7,Narayani,Terai,Central
Rautahat,Narayani,Terai,Central,2069/70,2012/13,Still birth,37,Narayani,Terai,Central
Bara,Narayani,Terai,Central,2069/70,2012/13,Maternal Death,1,Narayani,Terai,Central
Bara,Narayani,Terai,Central,2069/70,2012/13,Neonatal Death,19,Narayani,Terai,Central
Bara,Narayani,Terai,Central,2069/70,2012/13,Still birth,31,Narayani,Terai,Central
Parsa,Narayani,Terai,Central,2069/70,2012/13,Maternal Death,0,Narayani,Terai,Central
Parsa,Narayani,Terai,Central,2069/70,2012/13,Neonatal Death,0,Narayani,Terai,Central
Parsa,Narayani,Terai,Central,2069/70,2012/13,Still birth,0,Narayani,Terai,Central
Chitawan,Narayani,Terai,Central,2069/70,2012/13,Maternal Death,9,Narayani,Terai,Central
Chitawan,Narayani,Terai,Central,2069/70,2012/13,Neonatal Death,58,Narayani,Terai,Central
Chitawan,Narayani,Terai,Central,2069/70,2012/13,Still birth,84,Narayani,Terai,Central
Gorkha,Gandaki,Hill,Western,2069/70,2012/13,Maternal Death,2,Gandaki,Hill,Western
Gorkha,Gandaki,Hill,Western,2069/70,2012/13,Neonatal Death,14,Gandaki,Hill,Western
Gorkha,Gandaki,Hill,Western,2069/70,2012/13,Still birth,33,Gandaki,Hill,Western
Lamjung,Gandaki,Hill,Western,2069/70,2012/13,Maternal Death,1,Gandaki,Hill,Western
Lamjung,Gandaki,Hill,Western,2069/70,2012/13,Neonatal Death,13,Gandaki,Hill,Western
Lamjung,Gandaki,Hill,Western,2069/70,2012/13,Still birth,37,Gandaki,Hill,Western
Tanahu,Gandaki,Hill,Western,2069/70,2012/13,Maternal Death,4,Gandaki,Hill,Western
Tanahu,Gandaki,Hill,Western,2069/70,2012/13,Neonatal Death,10,Gandaki,Hill,Western
Tanahu,Gandaki,Hill,Western,2069/70,2012/13,Still birth,22,Gandaki,Hill,Western
Syangja,Gandaki,Hill,Western,2069/70,2012/13,Maternal Death,2,Gandaki,Hill,Western
Syangja,Gandaki,Hill,Western,2069/70,2012/13,Neonatal Death,6,Gandaki,Hill,Western
Syangja,Gandaki,Hill,Western,2069/70,2012/13,Still birth,13,Gandaki,Hill,Western
Kaski,Gandaki,Hill,Western,2069/70,2012/13,Maternal Death,8,Gandaki,Hill,Western
Kaski,Gandaki,Hill,Western,2069/70,2012/13,Neonatal Death,84,Gandaki,Hill,Western
Kaski,Gandaki,Hill,Western,2069/70,2012/13,Still birth,138,Gandaki,Hill,Western
Manang,Gandaki,Mountain,Western,2069/70,2012/13,Maternal Death,0,Gandaki,Mountain,Western
Manang,Gandaki,Mountain,Western,2069/70,2012/13,Neonatal Death,0,Gandaki,Mountain,Western
Manang,Gandaki,Mountain,Western,2069/70,2012/13,Still birth,0,Gandaki,Mountain,Western
Mustang,Dhawalagiri,Mountain,Western,2069/70,2012/13,Maternal Death,1,Dhawalagiri,Mountain,Western
Mustang,Dhawalagiri,Mountain,Western,2069/70,2012/13,Neonatal Death,0,Dhawalagiri,Mountain,Western
Mustang,Dhawalagiri,Mountain,Western,2069/70,2012/13,Still birth,4,Dhawalagiri,Mountain,Western
Myagdi,Dhawalagiri,Hill,Western,2069/70,2012/13,Maternal Death,1,Dhawalagiri,Hill,Western
Myagdi,Dhawalagiri,Hill,Western,2069/70,2012/13,Neonatal Death,23,Dhawalagiri,Hill,Western
Myagdi,Dhawalagiri,Hill,Western,2069/70,2012/13,Still birth,8,Dhawalagiri,Hill,Western
Parbat,Dhawalagiri,Hill,Western,2069/70,2012/13,Maternal Death,0,Dhawalagiri,Hill,Western
Parbat,Dhawalagiri,Hill,Western,2069/70,2012/13,Neonatal Death,11,Dhawalagiri,Hill,Western
Parbat,Dhawalagiri,Hill,Western,2069/70,2012/13,Still birth,33,Dhawalagiri,Hill,Western
Baglung,Dhawalagiri,Hill,Western,2069/70,2012/13,Maternal Death,3,Dhawalagiri,Hill,Western
Baglung,Dhawalagiri,Hill,Western,2069/70,2012/13,Neonatal Death,14,Dhawalagiri,Hill,Western
Baglung,Dhawalagiri,Hill,Western,2069/70,2012/13,Still birth,24,Dhawalagiri,Hill,Western
Gulmi,Lumbini,Hill,Western,2069/70,2012/13,Maternal Death,1,Lumbini,Hill,Western
Gulmi,Lumbini,Hill,Western,2069/70,2012/13,Neonatal Death,2,Lumbini,Hill,Western
Gulmi,Lumbini,Hill,Western,2069/70,2012/13,Still birth,2,Lumbini,Hill,Western
Palpa,Lumbini,Hill,Western,2069/70,2012/13,Maternal Death,10,Lumbini,Hill,Western
Palpa,Lumbini,Hill,Western,2069/70,2012/13,Neonatal Death,35,Lumbini,Hill,Western
Palpa,Lumbini,Hill,Western,2069/70,2012/13,Still birth,81,Lumbini,Hill,Western
Nawalparasi,Lumbini,Terai,Western,2069/70,2012/13,Maternal Death,1,Lumbini,Terai,Western
Nawalparasi,Lumbini,Terai,Western,2069/70,2012/13,Neonatal Death,31,Lumbini,Terai,Western
Nawalparasi,Lumbini,Terai,Western,2069/70,2012/13,Still birth,55,Lumbini,Terai,Western
Rupandehi,Lumbini,Terai,Western,2069/70,2012/13,Maternal Death,21,Lumbini,Terai,Western
Rupandehi,Lumbini,Terai,Western,2069/70,2012/13,Neonatal Death,166,Lumbini,Terai,Western
Rupandehi,Lumbini,Terai,Western,2069/70,2012/13,Still birth,0,Lumbini,Terai,Western
Kapilbastu,Lumbini,Terai,Western,2069/70,2012/13,Maternal Death,12,Lumbini,Terai,Western
Kapilbastu,Lumbini,Terai,Western,2069/70,2012/13,Neonatal Death,78,Lumbini,Terai,Western
Kapilbastu,Lumbini,Terai,Western,2069/70,2012/13,Still birth,42,Lumbini,Terai,Western
Arghakhanchi,Lumbini,Hill,Western,2069/70,2012/13,Maternal Death,1,Lumbini,Hill,Western
Arghakhanchi,Lumbini,Hill,Western,2069/70,2012/13,Neonatal Death,23,Lumbini,Hill,Western
Arghakhanchi,Lumbini,Hill,Western,2069/70,2012/13,Still birth,38,Lumbini,Hill,Western
Pyuthan,Rapti,Hill,Mid-Western,2069/70,2012/13,Maternal Death,3,Rapti,Hill,Mid-Western
Pyuthan,Rapti,Hill,Mid-Western,2069/70,2012/13,Neonatal Death,12,Rapti,Hill,Mid-Western
Pyuthan,Rapti,Hill,Mid-Western,2069/70,2012/13,Still birth,27,Rapti,Hill,Mid-Western
Rolpa,Rapti,Hill,Mid-Western,2069/70,2012/13,Maternal Death,0,Rapti,Hill,Mid-Western
Rolpa,Rapti,Hill,Mid-Western,2069/70,2012/13,Neonatal Death,12,Rapti,Hill,Mid-Western
Rolpa,Rapti,Hill,Mid-Western,2069/70,2012/13,Still birth,5,Rapti,Hill,Mid-Western
Rukum,Rapti,Hill,Mid-Western,2069/70,2012/13,Maternal Death,6,Rapti,Hill,Mid-Western
Rukum,Rapti,Hill,Mid-Western,2069/70,2012/13,Neonatal Death,42,Rapti,Hill,Mid-Western
Rukum,Rapti,Hill,Mid-Western,2069/70,2012/13,Still birth,53,Rapti,Hill,Mid-Western
Salyan,Rapti,Hill,Mid-Western,2069/70,2012/13,Maternal Death,4,Rapti,Hill,Mid-Western
Salyan,Rapti,Hill,Mid-Western,2069/70,2012/13,Neonatal Death,29,Rapti,Hill,Mid-Western
Salyan,Rapti,Hill,Mid-Western,2069/70,2012/13,Still birth,36,Rapti,Hill,Mid-Western
Dang,Rapti,Terai,Mid-Western,2069/70,2012/13,Maternal Death,4,Rapti,Terai,Mid-Western
Dang,Rapti,Terai,Mid-Western,2069/70,2012/13,Neonatal Death,26,Rapti,Terai,Mid-Western
Dang,Rapti,Terai,Mid-Western,2069/70,2012/13,Still birth,82,Rapti,Terai,Mid-Western
Banke,Bheri,Terai,Mid-Western,2069/70,2012/13,Maternal Death,18,Bheri,Terai,Mid-Western
Banke,Bheri,Terai,Mid-Western,2069/70,2012/13,Neonatal Death,151,Bheri,Terai,Mid-Western
Banke,Bheri,Terai,Mid-Western,2069/70,2012/13,Still birth,275,Bheri,Terai,Mid-Western
Bardiya,Bheri,Terai,Mid-Western,2069/70,2012/13,Maternal Death,5,Bheri,Terai,Mid-Western
Bardiya,Bheri,Terai,Mid-Western,2069/70,2012/13,Neonatal Death,45,Bheri,Terai,Mid-Western
Bardiya,Bheri,Terai,Mid-Western,2069/70,2012/13,Still birth,81,Bheri,Terai,Mid-Western
Surkhet,Bheri,Hill,Mid-Western,2069/70,2012/13,Maternal Death,6,Bheri,Hill,Mid-Western
Surkhet,Bheri,Hill,Mid-Western,2069/70,2012/13,Neonatal Death,56,Bheri,Hill,Mid-Western
Surkhet,Bheri,Hill,Mid-Western,2069/70,2012/13,Still birth,120,Bheri,Hill,Mid-Western
Dailekh,Bheri,Hill,Mid-Western,2069/70,2012/13,Maternal Death,5,Bheri,Hill,Mid-Western
Dailekh,Bheri,Hill,Mid-Western,2069/70,2012/13,Neonatal Death,40,Bheri,Hill,Mid-Western
Dailekh,Bheri,Hill,Mid-Western,2069/70,2012/13,Still birth,105,Bheri,Hill,Mid-Western
Jajarkot,Bheri,Hill,Mid-Western,2069/70,2012/13,Maternal Death,7,Bheri,Hill,Mid-Western
Jajarkot,Bheri,Hill,Mid-Western,2069/70,2012/13,Neonatal Death,17,Bheri,Hill,Mid-Western
Jajarkot,Bheri,Hill,Mid-Western,2069/70,2012/13,Still birth,22,Bheri,Hill,Mid-Western
Dolpa,Karnali,Mountain,Mid-Western,2069/70,2012/13,Maternal Death,6,Karnali,Mountain,Mid-Western
Dolpa,Karnali,Mountain,Mid-Western,2069/70,2012/13,Neonatal Death,4,Karnali,Mountain,Mid-Western
Dolpa,Karnali,Mountain,Mid-Western,2069/70,2012/13,Still birth,5,Karnali,Mountain,Mid-Western
Jumla,Karnali,Mountain,Mid-Western,2069/70,2012/13,Maternal Death,0,Karnali,Mountain,Mid-Western
Jumla,Karnali,Mountain,Mid-Western,2069/70,2012/13,Neonatal Death,16,Karnali,Mountain,Mid-Western
Jumla,Karnali,Mountain,Mid-Western,2069/70,2012/13,Still birth,31,Karnali,Mountain,Mid-Western
Kalikot,Karnali,Mountain,Mid-Western,2069/70,2012/13,Maternal Death,7,Karnali,Mountain,Mid-Western
Kalikot,Karnali,Mountain,Mid-Western,2069/70,2012/13,Neonatal Death,36,Karnali,Mountain,Mid-Western
Kalikot,Karnali,Mountain,Mid-Western,2069/70,2012/13,Still birth,25,Karnali,Mountain,Mid-Western
Mugu,Karnali,Mountain,Mid-Western,2069/70,2012/13,Maternal Death,3,Karnali,Mountain,Mid-Western
Mugu,Karnali,Mountain,Mid-Western,2069/70,2012/13,Neonatal Death,12,Karnali,Mountain,Mid-Western
Mugu,Karnali,Mountain,Mid-Western,2069/70,2012/13,Still birth,10,Karnali,Mountain,Mid-Western
Humla,Karnali,Mountain,Mid-Western,2069/70,2012/13,Maternal Death,1,Karnali,Mountain,Mid-Western
Humla,Karnali,Mountain,Mid-Western,2069/70,2012/13,Neonatal Death,34,Karnali,Mountain,Mid-Western
Humla,Karnali,Mountain,Mid-Western,2069/70,2012/13,Still birth,22,Karnali,Mountain,Mid-Western
Mid Western,,,,2069/70,2012/13,Maternal Death,75,,,
Mid Western,,,,2069/70,2012/13,Neonatal Death,532,,,
Mid Western,,,,2069/70,2012/13,Still birth,899,,,
Bajura,Seti,Mountain,Far-Western,2069/70,2012/13,Maternal Death,4,Seti,Mountain,Far-Western
Bajura,Seti,Mountain,Far-Western,2069/70,2012/13,Neonatal Death,15,Seti,Mountain,Far-Western
Bajura,Seti,Mountain,Far-Western,2069/70,2012/13,Still birth,37,Seti,Mountain,Far-Western
Bajhang,Seti,Mountain,Far-Western,2069/70,2012/13,Maternal Death,39,Seti,Mountain,Far-Western
Bajhang,Seti,Mountain,Far-Western,2069/70,2012/13,Neonatal Death,49,Seti,Mountain,Far-Western
Bajhang,Seti,Mountain,Far-Western,2069/70,2012/13,Still birth,72,Seti,Mountain,Far-Western
Achham,Seti,Hill,Far-Western,2069/70,2012/13,Maternal Death,48,Seti,Hill,Far-Western
Achham,Seti,Hill,Far-Western,2069/70,2012/13,Neonatal Death,41,Seti,Hill,Far-Western
Achham,Seti,Hill,Far-Western,2069/70,2012/13,Still birth,86,Seti,Hill,Far-Western
Doti,Seti,Hill,Far-Western,2069/70,2012/13,Maternal Death,3,Seti,Hill,Far-Western
Doti,Seti,Hill,Far-Western,2069/70,2012/13,Neonatal Death,54,Seti,Hill,Far-Western
Doti,Seti,Hill,Far-Western,2069/70,2012/13,Still birth,52,Seti,Hill,Far-Western
Kailali,Seti,Terai,Far-Western,2069/70,2012/13,Maternal Death,16,Seti,Terai,Far-Western
Kailali,Seti,Terai,Far-Western,2069/70,2012/13,Neonatal Death,75,Seti,Terai,Far-Western
Kailali,Seti,Terai,Far-Western,2069/70,2012/13,Still birth,134,Seti,Terai,Far-Western
Kanchanpur,Mahakali,Terai,Far-Western,2069/70,2012/13,Maternal Death,8,Mahakali,Terai,Far-Western
Kanchanpur,Mahakali,Terai,Far-Western,2069/70,2012/13,Neonatal Death,33,Mahakali,Terai,Far-Western
Kanchanpur,Mahakali,Terai,Far-Western,2069/70,2012/13,Still birth,68,Mahakali,Terai,Far-Western
Dadeldhura,Mahakali,Hill,Far-Western,2069/70,2012/13,Maternal Death,5,Mahakali,Hill,Far-Western
Dadeldhura,Mahakali,Hill,Far-Western,2069/70,2012/13,Neonatal Death,54,Mahakali,Hill,Far-Western
Dadeldhura,Mahakali,Hill,Far-Western,2069/70,2012/13,Still birth,60,Mahakali,Hill,Far-Western
Baitadi,Mahakali,Hill,Far-Western,2069/70,2012/13,Maternal Death,3,Mahakali,Hill,Far-Western
Baitadi,Mahakali,Hill,Far-Western,2069/70,2012/13,Neonatal Death,72,Mahakali,Hill,Far-Western
Baitadi,Mahakali,Hill,Far-Western,2069/70,2012/13,Still birth,66,Mahakali,Hill,Far-Western
Darchaula,Mahakali,Mountain,Far-Western,2069/70,2012/13,Maternal Death,1,Mahakali,Mountain,Far-Western
Darchaula,Mahakali,Mountain,Far-Western,2069/70,2012/13,Neonatal Death,10,Mahakali,Mountain,Far-Western
Darchaula,Mahakali,Mountain,Far-Western,2069/70,2012/13,Still birth,20,Mahakali,Mountain,Far-Western
Taplejung,Mechi,Mountain,Eastern,2070/71,2013/14,Maternal Death,1,Mechi,Mountain,Eastern
Taplejung,Mechi,Mountain,Eastern,2070/71,2013/14,Neonatal Death,8,Mechi,Mountain,Eastern
Taplejung,Mechi,Mountain,Eastern,2070/71,2013/14,Still birth,15,Mechi,Mountain,Eastern
Panchthar,Mechi,Hill,Eastern,2070/71,2013/14,Maternal Death,2,Mechi,Hill,Eastern
Panchthar,Mechi,Hill,Eastern,2070/71,2013/14,Neonatal Death,23,Mechi,Hill,Eastern
Panchthar,Mechi,Hill,Eastern,2070/71,2013/14,Still birth,40,Mechi,Hill,Eastern
Ilam,Mechi,Hill,Eastern,2070/71,2013/14,Maternal Death,4,Mechi,Hill,Eastern
Ilam,Mechi,Hill,Eastern,2070/71,2013/14,Neonatal Death,12,Mechi,Hill,Eastern
Ilam,Mechi,Hill,Eastern,2070/71,2013/14,Still birth,26,Mechi,Hill,Eastern
Jhapa,Mechi,Terai,Eastern,2070/71,2013/14,Maternal Death,0,Mechi,Terai,Eastern
Jhapa,Mechi,Terai,Eastern,2070/71,2013/14,Neonatal Death,14,Mechi,Terai,Eastern
Jhapa,Mechi,Terai,Eastern,2070/71,2013/14,Still birth,99,Mechi,Terai,Eastern
Morang,Kosi,Terai,Eastern,2070/71,2013/14,Maternal Death,10,Kosi,Terai,Eastern
Morang,Kosi,Terai,Eastern,2070/71,2013/14,Neonatal Death,75,Kosi,Terai,Eastern
Morang,Kosi,Terai,Eastern,2070/71,2013/14,Still birth,283,Kosi,Terai,Eastern
Sunsari,Kosi,Terai,Eastern,2070/71,2013/14,Maternal Death,3,Kosi,Terai,Eastern
Sunsari,Kosi,Terai,Eastern,2070/71,2013/14,Neonatal Death,19,Kosi,Terai,Eastern
Sunsari,Kosi,Terai,Eastern,2070/71,2013/14,Still birth,41,Kosi,Terai,Eastern
Dhankuta,Kosi,Hill,Eastern,2070/71,2013/14,Maternal Death,3,Kosi,Hill,Eastern
Dhankuta,Kosi,Hill,Eastern,2070/71,2013/14,Neonatal Death,13,Kosi,Hill,Eastern
Dhankuta,Kosi,Hill,Eastern,2070/71,2013/14,Still birth,13,Kosi,Hill,Eastern
Terhathum,Kosi,Hill,Eastern,2070/71,2013/14,Maternal Death,0,Kosi,Hill,Eastern
Terhathum,Kosi,Hill,Eastern,2070/71,2013/14,Neonatal Death,6,Kosi,Hill,Eastern
Terhathum,Kosi,Hill,Eastern,2070/71,2013/14,Still birth,6,Kosi,Hill,Eastern
Sankhuwasabha,Kosi,Mountain,Eastern,2070/71,2013/14,Maternal Death,3,Kosi,Mountain,Eastern
Sankhuwasabha,Kosi,Mountain,Eastern,2070/71,2013/14,Neonatal Death,16,Kosi,Mountain,Eastern
Sankhuwasabha,Kosi,Mountain,Eastern,2070/71,2013/14,Still birth,37,Kosi,Mountain,Eastern
Bhojpur,Kosi,Hill,Eastern,2070/71,2013/14,Maternal Death,0,Kosi,Hill,Eastern
Bhojpur,Kosi,Hill,Eastern,2070/71,2013/14,Neonatal Death,13,Kosi,Hill,Eastern
Bhojpur,Kosi,Hill,Eastern,2070/71,2013/14,Still birth,29,Kosi,Hill,Eastern
Solukhumbu,Sagarmatha,Mountain,Eastern,2070/71,2013/14,Maternal Death,6,Sagarmatha,Mountain,Eastern
Solukhumbu,Sagarmatha,Mountain,Eastern,2070/71,2013/14,Neonatal Death,16,Sagarmatha,Mountain,Eastern
Solukhumbu,Sagarmatha,Mountain,Eastern,2070/71,2013/14,Still birth,25,Sagarmatha,Mountain,Eastern
Okhaldhunga,Sagarmatha,Hill,Eastern,2070/71,2013/14,Maternal Death,1,Sagarmatha,Hill,Eastern
Okhaldhunga,Sagarmatha,Hill,Eastern,2070/71,2013/14,Neonatal Death,31,Sagarmatha,Hill,Eastern
Okhaldhunga,Sagarmatha,Hill,Eastern,2070/71,2013/14,Still birth,40,Sagarmatha,Hill,Eastern
Khotang,Sagarmatha,Hill,Eastern,2070/71,2013/14,Maternal Death,2,Sagarmatha,Hill,Eastern
Khotang,Sagarmatha,Hill,Eastern,2070/71,2013/14,Neonatal Death,7,Sagarmatha,Hill,Eastern
Khotang,Sagarmatha,Hill,Eastern,2070/71,2013/14,Still birth,16,Sagarmatha,Hill,Eastern
Udayapur,Sagarmatha,Hill,Eastern,2070/71,2013/14,Maternal Death,4,Sagarmatha,Hill,Eastern
Udayapur,Sagarmatha,Hill,Eastern,2070/71,2013/14,Neonatal Death,23,Sagarmatha,Hill,Eastern
Udayapur,Sagarmatha,Hill,Eastern,2070/71,2013/14,Still birth,34,Sagarmatha,Hill,Eastern
Saptari,Sagarmatha,Terai,Eastern,2070/71,2013/14,Maternal Death,0,Sagarmatha,Terai,Eastern
Saptari,Sagarmatha,Terai,Eastern,2070/71,2013/14,Neonatal Death,9,Sagarmatha,Terai,Eastern
Saptari,Sagarmatha,Terai,Eastern,2070/71,2013/14,Still birth,146,Sagarmatha,Terai,Eastern
Siraha,Sagarmatha,Terai,Eastern,2070/71,2013/14,Maternal Death,0,Sagarmatha,Terai,Eastern
Siraha,Sagarmatha,Terai,Eastern,2070/71,2013/14,Neonatal Death,6,Sagarmatha,Terai,Eastern
Siraha,Sagarmatha,Terai,Eastern,2070/71,2013/14,Still birth,104,Sagarmatha,Terai,Eastern
Dhanusa,Janakpur,Terai,Central,2070/71,2013/14,Maternal Death,18,Janakpur,Terai,Central
Dhanusa,Janakpur,Terai,Central,2070/71,2013/14,Neonatal Death,12,Janakpur,Terai,Central
Dhanusa,Janakpur,Terai,Central,2070/71,2013/14,Still birth,12,Janakpur,Terai,Central
Mahottari,Janakpur,Terai,Central,2070/71,2013/14,Maternal Death,3,Janakpur,Terai,Central
Mahottari,Janakpur,Terai,Central,2070/71,2013/14,Neonatal Death,12,Janakpur,Terai,Central
Mahottari,Janakpur,Terai,Central,2070/71,2013/14,Still birth,63,Janakpur,Terai,Central
Sarlahi,Janakpur,Terai,Central,2070/71,2013/14,Maternal Death,0,Janakpur,Terai,Central
Sarlahi,Janakpur,Terai,Central,2070/71,2013/14,Neonatal Death,32,Janakpur,Terai,Central
Sarlahi,Janakpur,Terai,Central,2070/71,2013/14,Still birth,106,Janakpur,Terai,Central
Sindhuli,Janakpur,Hill,Central,2070/71,2013/14,Maternal Death,3,Janakpur,Hill,Central
Sindhuli,Janakpur,Hill,Central,2070/71,2013/14,Neonatal Death,15,Janakpur,Hill,Central
Sindhuli,Janakpur,Hill,Central,2070/71,2013/14,Still birth,35,Janakpur,Hill,Central
Ramechhap,Janakpur,Hill,Central,2070/71,2013/14,Maternal Death,0,Janakpur,Hill,Central
Ramechhap,Janakpur,Hill,Central,2070/71,2013/14,Neonatal Death,9,Janakpur,Hill,Central
Ramechhap,Janakpur,Hill,Central,2070/71,2013/14,Still birth,15,Janakpur,Hill,Central
Dolakha,Janakpur,Mountain,Central,2070/71,2013/14,Maternal Death,2,Janakpur,Mountain,Central
Dolakha,Janakpur,Mountain,Central,2070/71,2013/14,Neonatal Death,16,Janakpur,Mountain,Central
Dolakha,Janakpur,Mountain,Central,2070/71,2013/14,Still birth,13,Janakpur,Mountain,Central
Sindhupalchok,Bagmati,Mountain,Central,2070/71,2013/14,Maternal Death,4,Bagmati,Mountain,Central
Sindhupalchok,Bagmati,Mountain,Central,2070/71,2013/14,Neonatal Death,36,Bagmati,Mountain,Central
Sindhupalchok,Bagmati,Mountain,Central,2070/71,2013/14,Still birth,24,Bagmati,Mountain,Central
Kavre,Bagmati,Hill,Central,2070/71,2013/14,Maternal Death,3,Bagmati,Hill,Central
Kavre,Bagmati,Hill,Central,2070/71,2013/14,Neonatal Death,38,Bagmati,Hill,Central
Kavre,Bagmati,Hill,Central,2070/71,2013/14,Still birth,95,Bagmati,Hill,Central
Lalitpur,Bagmati,Hill,Central,2070/71,2013/14,Maternal Death,0,Bagmati,Hill,Central
Lalitpur,Bagmati,Hill,Central,2070/71,2013/14,Neonatal Death,0,Bagmati,Hill,Central
Lalitpur,Bagmati,Hill,Central,2070/71,2013/14,Still birth,0,Bagmati,Hill,Central
Bhaktapur,Bagmati,Hill,Central,2070/71,2013/14,Maternal Death,0,Bagmati,Hill,Central
Bhaktapur,Bagmati,Hill,Central,2070/71,2013/14,Neonatal Death,8,Bagmati,Hill,Central
Bhaktapur,Bagmati,Hill,Central,2070/71,2013/14,Still birth,8,Bagmati,Hill,Central
Kathmandu,Bagmati,Hill,Central,2070/71,2013/14,Maternal Death,13,Bagmati,Hill,Central
Kathmandu,Bagmati,Hill,Central,2070/71,2013/14,Neonatal Death,239,Bagmati,Hill,Central
Kathmandu,Bagmati,Hill,Central,2070/71,2013/14,Still birth,418,Bagmati,Hill,Central
Nuwakot,Bagmati,Hill,Central,2070/71,2013/14,Maternal Death,3,Bagmati,Hill,Central
Nuwakot,Bagmati,Hill,Central,2070/71,2013/14,Neonatal Death,7,Bagmati,Hill,Central
Nuwakot,Bagmati,Hill,Central,2070/71,2013/14,Still birth,40,Bagmati,Hill,Central
Rasuwa,Bagmati,Mountain,Central,2070/71,2013/14,Maternal Death,0,Bagmati,Mountain,Central
Rasuwa,Bagmati,Mountain,Central,2070/71,2013/14,Neonatal Death,3,Bagmati,Mountain,Central
Rasuwa,Bagmati,Mountain,Central,2070/71,2013/14,Still birth,1,Bagmati,Mountain,Central
Dhading,Bagmati,Hill,Central,2070/71,2013/14,Maternal Death,1,Bagmati,Hill,Central
Dhading,Bagmati,Hill,Central,2070/71,2013/14,Neonatal Death,18,Bagmati,Hill,Central
Dhading,Bagmati,Hill,Central,2070/71,2013/14,Still birth,44,Bagmati,Hill,Central
Makwanpur,Narayani,Hill,Central,2070/71,2013/14,Maternal Death,3,Narayani,Hill,Central
Makwanpur,Narayani,Hill,Central,2070/71,2013/14,Neonatal Death,27,Narayani,Hill,Central
Makwanpur,Narayani,Hill,Central,2070/71,2013/14,Still birth,23,Narayani,Hill,Central
Rautahat,Narayani,Terai,Central,2070/71,2013/14,Maternal Death,0,Narayani,Terai,Central
Rautahat,Narayani,Terai,Central,2070/71,2013/14,Neonatal Death,3,Narayani,Terai,Central
Rautahat,Narayani,Terai,Central,2070/71,2013/14,Still birth,19,Narayani,Terai,Central
Bara,Narayani,Terai,Central,2070/71,2013/14,Maternal Death,3,Narayani,Terai,Central
Bara,Narayani,Terai,Central,2070/71,2013/14,Neonatal Death,26,Narayani,Terai,Central
Bara,Narayani,Terai,Central,2070/71,2013/14,Still birth,47,Narayani,Terai,Central
Parsa,Narayani,Terai,Central,2070/71,2013/14,Maternal Death,2,Narayani,Terai,Central
Parsa,Narayani,Terai,Central,2070/71,2013/14,Neonatal Death,0,Narayani,Terai,Central
Parsa,Narayani,Terai,Central,2070/71,2013/14,Still birth,0,Narayani,Terai,Central
Chitawan,Narayani,Terai,Central,2070/71,2013/14,Maternal Death,4,Narayani,Terai,Central
Chitawan,Narayani,Terai,Central,2070/71,2013/14,Neonatal Death,63,Narayani,Terai,Central
Chitawan,Narayani,Terai,Central,2070/71,2013/14,Still birth,208,Narayani,Terai,Central
Gorkha,Gandaki,Hill,Western,2070/71,2013/14,Maternal Death,3,Gandaki,Hill,Western
Gorkha,Gandaki,Hill,Western,2070/71,2013/14,Neonatal Death,23,Gandaki,Hill,Western
Gorkha,Gandaki,Hill,Western,2070/71,2013/14,Still birth,54,Gandaki,Hill,Western
Lamjung,Gandaki,Hill,Western,2070/71,2013/14,Maternal Death,1,Gandaki,Hill,Western
Lamjung,Gandaki,Hill,Western,2070/71,2013/14,Neonatal Death,7,Gandaki,Hill,Western
Lamjung,Gandaki,Hill,Western,2070/71,2013/14,Still birth,21,Gandaki,Hill,Western
Tanahu,Gandaki,Hill,Western,2070/71,2013/14,Maternal Death,1,Gandaki,Hill,Western
Tanahu,Gandaki,Hill,Western,2070/71,2013/14,Neonatal Death,7,Gandaki,Hill,Western
Tanahu,Gandaki,Hill,Western,2070/71,2013/14,Still birth,21,Gandaki,Hill,Western
Syangja,Gandaki,Hill,Western,2070/71,2013/14,Maternal Death,0,Gandaki,Hill,Western
Syangja,Gandaki,Hill,Western,2070/71,2013/14,Neonatal Death,5,Gandaki,Hill,Western
Syangja,Gandaki,Hill,Western,2070/71,2013/14,Still birth,11,Gandaki,Hill,Western
Kaski,Gandaki,Hill,Western,2070/71,2013/14,Maternal Death,12,Gandaki,Hill,Western
Kaski,Gandaki,Hill,Western,2070/71,2013/14,Neonatal Death,69,Gandaki,Hill,Western
Kaski,Gandaki,Hill,Western,2070/71,2013/14,Still birth,157,Gandaki,Hill,Western
Manang,Gandaki,Mountain,Western,2070/71,2013/14,Maternal Death,0,Gandaki,Mountain,Western
Manang,Gandaki,Mountain,Western,2070/71,2013/14,Neonatal Death,0,Gandaki,Mountain,Western
Mustang,Dhawalagiri,Mountain,Western,2070/71,2013/14,Maternal Death,0,Dhawalagiri,Mountain,Western
Mustang,Dhawalagiri,Mountain,Western,2070/71,2013/14,Neonatal Death,6,Dhawalagiri,Mountain,Western
Myagdi,Dhawalagiri,Hill,Western,2070/71,2013/14,Maternal Death,1,Dhawalagiri,Hill,Western
Myagdi,Dhawalagiri,Hill,Western,2070/71,2013/14,Neonatal Death,9,Dhawalagiri,Hill,Western
Myagdi,Dhawalagiri,Hill,Western,2070/71,2013/14,Still birth,15,Dhawalagiri,Hill,Western
Parbat,Dhawalagiri,Hill,Western,2070/71,2013/14,Maternal Death,0,Dhawalagiri,Hill,Western
Parbat,Dhawalagiri,Hill,Western,2070/71,2013/14,Neonatal Death,4,Dhawalagiri,Hill,Western
Parbat,Dhawalagiri,Hill,Western,2070/71,2013/14,Still birth,12,Dhawalagiri,Hill,Western
Baglung,Dhawalagiri,Hill,Western,2070/71,2013/14,Maternal Death,0,Dhawalagiri,Hill,Western
Baglung,Dhawalagiri,Hill,Western,2070/71,2013/14,Neonatal Death,8,Dhawalagiri,Hill,Western
Baglung,Dhawalagiri,Hill,Western,2070/71,2013/14,Still birth,11,Dhawalagiri,Hill,Western
Gulmi,Lumbini,Hill,Western,2070/71,2013/14,Maternal Death,0,Lumbini,Hill,Western
Gulmi,Lumbini,Hill,Western,2070/71,2013/14,Neonatal Death,2,Lumbini,Hill,Western
Gulmi,Lumbini,Hill,Western,2070/71,2013/14,Still birth,11,Lumbini,Hill,Western
Palpa,Lumbini,Hill,Western,2070/71,2013/14,Maternal Death,2,Lumbini,Hill,Western
Palpa,Lumbini,Hill,Western,2070/71,2013/14,Neonatal Death,4,Lumbini,Hill,Western
Palpa,Lumbini,Hill,Western,2070/71,2013/14,Still birth,24,Lumbini,Hill,Western
Nawalparasi,Lumbini,Terai,Western,2070/71,2013/14,Maternal Death,2,Lumbini,Terai,Western
Nawalparasi,Lumbini,Terai,Western,2070/71,2013/14,Neonatal Death,15,Lumbini,Terai,Western
Nawalparasi,Lumbini,Terai,Western,2070/71,2013/14,Still birth,51,Lumbini,Terai,Western
Rupandehi,Lumbini,Terai,Western,2070/71,2013/14,Maternal Death,34,Lumbini,Terai,Western
Rupandehi,Lumbini,Terai,Western,2070/71,2013/14,Neonatal Death,0,Lumbini,Terai,Western
Rupandehi,Lumbini,Terai,Western,2070/71,2013/14,Still birth,0,Lumbini,Terai,Western
Kapilbastu,Lumbini,Terai,Western,2070/71,2013/14,Maternal Death,3,Lumbini,Terai,Western
Kapilbastu,Lumbini,Terai,Western,2070/71,2013/14,Neonatal Death,53,Lumbini,Terai,Western
Kapilbastu,Lumbini,Terai,Western,2070/71,2013/14,Still birth,38,Lumbini,Terai,Western
Arghakhanchi,Lumbini,Hill,Western,2070/71,2013/14,Maternal Death,3,Lumbini,Hill,Western
Arghakhanchi,Lumbini,Hill,Western,2070/71,2013/14,Neonatal Death,29,Lumbini,Hill,Western
Arghakhanchi,Lumbini,Hill,Western,2070/71,2013/14,Still birth,42,Lumbini,Hill,Western
Pyuthan,Rapti,Hill,Mid-Western,2070/71,2013/14,Maternal Death,3,Rapti,Hill,Mid-Western
Pyuthan,Rapti,Hill,Mid-Western,2070/71,2013/14,Neonatal Death,13,Rapti,Hill,Mid-Western
Pyuthan,Rapti,Hill,Mid-Western,2070/71,2013/14,Still birth,31,Rapti,Hill,Mid-Western
Rolpa,Rapti,Hill,Mid-Western,2070/71,2013/14,Maternal Death,8,Rapti,Hill,Mid-Western
Rolpa,Rapti,Hill,Mid-Western,2070/71,2013/14,Neonatal Death,10,Rapti,Hill,Mid-Western
Rolpa,Rapti,Hill,Mid-Western,2070/71,2013/14,Still birth,13,Rapti,Hill,Mid-Western
Rukum,Rapti,Hill,Mid-Western,2070/71,2013/14,Maternal Death,7,Rapti,Hill,Mid-Western
Rukum,Rapti,Hill,Mid-Western,2070/71,2013/14,Neonatal Death,24,Rapti,Hill,Mid-Western
Rukum,Rapti,Hill,Mid-Western,2070/71,2013/14,Still birth,31,Rapti,Hill,Mid-Western
Salyan,Rapti,Hill,Mid-Western,2070/71,2013/14,Maternal Death,1,Rapti,Hill,Mid-Western
Salyan,Rapti,Hill,Mid-Western,2070/71,2013/14,Neonatal Death,18,Rapti,Hill,Mid-Western
Salyan,Rapti,Hill,Mid-Western,2070/71,2013/14,Still birth,15,Rapti,Hill,Mid-Western
Dang,Rapti,Terai,Mid-Western,2070/71,2013/14,Maternal Death,5,Rapti,Terai,Mid-Western
Dang,Rapti,Terai,Mid-Western,2070/71,2013/14,Neonatal Death,34,Rapti,Terai,Mid-Western
Dang,Rapti,Terai,Mid-Western,2070/71,2013/14,Still birth,108,Rapti,Terai,Mid-Western
Banke,Bheri,Terai,Mid-Western,2070/71,2013/14,Maternal Death,22,Bheri,Terai,Mid-Western
Banke,Bheri,Terai,Mid-Western,2070/71,2013/14,Neonatal Death,340,Bheri,Terai,Mid-Western
Banke,Bheri,Terai,Mid-Western,2070/71,2013/14,Still birth,495,Bheri,Terai,Mid-Western
Bardiya,Bheri,Terai,Mid-Western,2070/71,2013/14,Maternal Death,7,Bheri,Terai,Mid-Western
Bardiya,Bheri,Terai,Mid-Western,2070/71,2013/14,Neonatal Death,52,Bheri,Terai,Mid-Western
Bardiya,Bheri,Terai,Mid-Western,2070/71,2013/14,Still birth,130,Bheri,Terai,Mid-Western
Surkhet,Bheri,Hill,Mid-Western,2070/71,2013/14,Maternal Death,4,Bheri,Hill,Mid-Western
Surkhet,Bheri,Hill,Mid-Western,2070/71,2013/14,Neonatal Death,54,Bheri,Hill,Mid-Western
Surkhet,Bheri,Hill,Mid-Western,2070/71,2013/14,Still birth,132,Bheri,Hill,Mid-Western
Dailekh,Bheri,Hill,Mid-Western,2070/71,2013/14,Maternal Death,1,Bheri,Hill,Mid-Western
Dailekh,Bheri,Hill,Mid-Western,2070/71,2013/14,Neonatal Death,41,Bheri,Hill,Mid-Western
Dailekh,Bheri,Hill,Mid-Western,2070/71,2013/14,Still birth,83,Bheri,Hill,Mid-Western
Jajarkot,Bheri,Hill,Mid-Western,2070/71,2013/14,Maternal Death,5,Bheri,Hill,Mid-Western
Jajarkot,Bheri,Hill,Mid-Western,2070/71,2013/14,Neonatal Death,23,Bheri,Hill,Mid-Western
Jajarkot,Bheri,Hill,Mid-Western,2070/71,2013/14,Still birth,22,Bheri,Hill,Mid-Western
Dolpa,Karnali,Mountain,Mid-Western,2070/71,2013/14,Maternal Death,1,Karnali,Mountain,Mid-Western
Dolpa,Karnali,Mountain,Mid-Western,2070/71,2013/14,Neonatal Death,2,Karnali,Mountain,Mid-Western
Dolpa,Karnali,Mountain,Mid-Western,2070/71,2013/14,Still birth,2,Karnali,Mountain,Mid-Western
Jumla,Karnali,Mountain,Mid-Western,2070/71,2013/14,Maternal Death,1,Karnali,Mountain,Mid-Western
Jumla,Karnali,Mountain,Mid-Western,2070/71,2013/14,Neonatal Death,15,Karnali,Mountain,Mid-Western
Jumla,Karnali,Mountain,Mid-Western,2070/71,2013/14,Still birth,16,Karnali,Mountain,Mid-Western
Kalikot,Karnali,Mountain,Mid-Western,2070/71,2013/14,Maternal Death,5,Karnali,Mountain,Mid-Western
Kalikot,Karnali,Mountain,Mid-Western,2070/71,2013/14,Neonatal Death,26,Karnali,Mountain,Mid-Western
Kalikot,Karnali,Mountain,Mid-Western,2070/71,2013/14,Still birth,35,Karnali,Mountain,Mid-Western
Mugu,Karnali,Mountain,Mid-Western,2070/71,2013/14,Maternal Death,3,Karnali,Mountain,Mid-Western
Mugu,Karnali,Mountain,Mid-Western,2070/71,2013/14,Neonatal Death,2,Karnali,Mountain,Mid-Western
Mugu,Karnali,Mountain,Mid-Western,2070/71,2013/14,Still birth,15,Karnali,Mountain,Mid-Western
Humla,Karnali,Mountain,Mid-Western,2070/71,2013/14,Maternal Death,1,Karnali,Mountain,Mid-Western
Humla,Karnali,Mountain,Mid-Western,2070/71,2013/14,Neonatal Death,35,Karnali,Mountain,Mid-Western
Humla,Karnali,Mountain,Mid-Western,2070/71,2013/14,Still birth,19,Karnali,Mountain,Mid-Western
Bajura,Seti,Mountain,Far-Western,2070/71,2013/14,Maternal Death,1,Seti,Mountain,Far-Western
Bajura,Seti,Mountain,Far-Western,2070/71,2013/14,Neonatal Death,24,Seti,Mountain,Far-Western
Bajura,Seti,Mountain,Far-Western,2070/71,2013/14,Still birth,44,Seti,Mountain,Far-Western
Bajhang,Seti,Mountain,Far-Western,2070/71,2013/14,Maternal Death,8,Seti,Mountain,Far-Western
Bajhang,Seti,Mountain,Far-Western,2070/71,2013/14,Neonatal Death,43,Seti,Mountain,Far-Western
Bajhang,Seti,Mountain,Far-Western,2070/71,2013/14,Still birth,54,Seti,Mountain,Far-Western
Achham,Seti,Hill,Far-Western,2070/71,2013/14,Maternal Death,3,Seti,Hill,Far-Western
Achham,Seti,Hill,Far-Western,2070/71,2013/14,Neonatal Death,42,Seti,Hill,Far-Western
Achham,Seti,Hill,Far-Western,2070/71,2013/14,Still birth,88,Seti,Hill,Far-Western
Doti,Seti,Hill,Far-Western,2070/71,2013/14,Maternal Death,6,Seti,Hill,Far-Western
Doti,Seti,Hill,Far-Western,2070/71,2013/14,Neonatal Death,63,Seti,Hill,Far-Western
Doti,Seti,Hill,Far-Western,2070/71,2013/14,Still birth,70,Seti,Hill,Far-Western
Kailali,Seti,Terai,Far-Western,2070/71,2013/14,Maternal Death,14,Seti,Terai,Far-Western
Kailali,Seti,Terai,Far-Western,2070/71,2013/14,Neonatal Death,160,Seti,Terai,Far-Western
Kailali,Seti,Terai,Far-Western,2070/71,2013/14,Still birth,124,Seti,Terai,Far-Western
Kanchanpur,Mahakali,Terai,Far-Western,2070/71,2013/14,Maternal Death,3,Mahakali,Terai,Far-Western
Kanchanpur,Mahakali,Terai,Far-Western,2070/71,2013/14,Neonatal Death,60,Mahakali,Terai,Far-Western
Kanchanpur,Mahakali,Terai,Far-Western,2070/71,2013/14,Still birth,61,Mahakali,Terai,Far-Western
Dadeldhura,Mahakali,Hill,Far-Western,2070/71,2013/14,Maternal Death,2,Mahakali,Hill,Far-Western
Dadeldhura,Mahakali,Hill,Far-Western,2070/71,2013/14,Neonatal Death,46,Mahakali,Hill,Far-Western
Dadeldhura,Mahakali,Hill,Far-Western,2070/71,2013/14,Still birth,41,Mahakali,Hill,Far-Western
Baitadi,Mahakali,Hill,Far-Western,2070/71,2013/14,Maternal Death,1,Mahakali,Hill,Far-Western
Baitadi,Mahakali,Hill,Far-Western,2070/71,2013/14,Neonatal Death,79,Mahakali,Hill,Far-Western
Baitadi,Mahakali,Hill,Far-Western,2070/71,2013/14,Still birth,74,Mahakali,Hill,Far-Western
Darchaula,Mahakali,Mountain,Far-Western,2070/71,2013/14,Maternal Death,0,Mahakali,Mountain,Far-Western
Darchaula,Mahakali,Mountain,Far-Western,2070/71,2013/14,Neonatal Death,10,Mahakali,Mountain,Far-Western
Darchaula,Mahakali,Mountain,Far-Western,2070/71,2013/14,Still birth,8,Mahakali,Mountain,Far-Western
