Year BS,Year AD,District,zone,belt,region,Eye Problem,No of People
2066/67,2009/10,Achham,Seti,Hill,Far-Western,Blindness,123
2066/67,2009/10,Achham,Seti,Hill,Far-Western,Cataract,325
2066/67,2009/10,Achham,Seti,Hill,Far-Western,Conjuntivitis,7518
2066/67,2009/10,Achham,Seti,Hill,Far-Western,Trachoma,332
2067/68,2010/11,Achham,Seti,Hill,Far-Western,Blindness,93
2067/68,2010/11,Achham,Seti,Hill,Far-Western,Cataract,24
2067/68,2010/11,Achham,Seti,Hill,Far-Western,Conjuntivitis,6953
2067/68,2010/11,Achham,Seti,Hill,Far-Western,Trachoma,136
2068/69,2011/12,Achham,Seti,Hill,Far-Western,Blindness,74
2068/69,2011/12,Achham,Seti,Hill,Far-Western,Cataract,24
2068/69,2011/12,Achham,Seti,Hill,Far-Western,Conjuntivitis,6410
2068/69,2011/12,Achham,Seti,Hill,Far-Western,Trachoma,241
2069/70,2012/13,Achham,Seti,Hill,Far-Western,Blindness,98
2069/70,2012/13,Achham,Seti,Hill,Far-Western,Cataract,25
2069/70,2012/13,Achham,Seti,Hill,Far-Western,Conjuntivitis,8528
2069/70,2012/13,Achham,Seti,Hill,Far-Western,Trachoma,30
2070/71,2013/14,Achham,Seti,Hill,Far-Western,Blindness,153
2070/71,2013/14,Achham,Seti,Hill,Far-Western,Cataract,19
2070/71,2013/14,Achham,Seti,Hill,Far-Western,Conjuntivitis,8449
2070/71,2013/14,Achham,Seti,Hill,Far-Western,Trachoma,30
2066/67,2009/10,Arghakhanchi,Lumbini,Hill,Western,Blindness,14
2066/67,2009/10,Arghakhanchi,Lumbini,Hill,Western,Cataract,34
2066/67,2009/10,Arghakhanchi,Lumbini,Hill,Western,Conjuntivitis,3666
2066/67,2009/10,Arghakhanchi,Lumbini,Hill,Western,Trachoma,86
2067/68,2010/11,Arghakhanchi,Lumbini,Hill,Western,Blindness,120
2067/68,2010/11,Arghakhanchi,Lumbini,Hill,Western,Cataract,94
2067/68,2010/11,Arghakhanchi,Lumbini,Hill,Western,Conjuntivitis,3812
2067/68,2010/11,Arghakhanchi,Lumbini,Hill,Western,Trachoma,32
2068/69,2011/12,Arghakhanchi,Lumbini,Hill,Western,Blindness,33
2068/69,2011/12,Arghakhanchi,Lumbini,Hill,Western,Cataract,43
2068/69,2011/12,Arghakhanchi,Lumbini,Hill,Western,Conjuntivitis,3365
2068/69,2011/12,Arghakhanchi,Lumbini,Hill,Western,Trachoma,38
2069/70,2012/13,Arghakhanchi,Lumbini,Hill,Western,Blindness,8
2069/70,2012/13,Arghakhanchi,Lumbini,Hill,Western,Cataract,26
2069/70,2012/13,Arghakhanchi,Lumbini,Hill,Western,Conjuntivitis,3763
2069/70,2012/13,Arghakhanchi,Lumbini,Hill,Western,Trachoma,25
2070/71,2013/14,Arghakhanchi,Lumbini,Hill,Western,Blindness,6
2070/71,2013/14,Arghakhanchi,Lumbini,Hill,Western,Cataract,4
2070/71,2013/14,Arghakhanchi,Lumbini,Hill,Western,Conjuntivitis,2945
2070/71,2013/14,Arghakhanchi,Lumbini,Hill,Western,Trachoma,26
2066/67,2009/10,Baglung,Dhawalagiri,Hill,Western,Blindness,48
2066/67,2009/10,Baglung,Dhawalagiri,Hill,Western,Cataract,38
2066/67,2009/10,Baglung,Dhawalagiri,Hill,Western,Conjuntivitis,5153
2066/67,2009/10,Baglung,Dhawalagiri,Hill,Western,Trachoma,75
2067/68,2010/11,Baglung,Dhawalagiri,Hill,Western,Blindness,27
2067/68,2010/11,Baglung,Dhawalagiri,Hill,Western,Cataract,5
2067/68,2010/11,Baglung,Dhawalagiri,Hill,Western,Conjuntivitis,5517
2067/68,2010/11,Baglung,Dhawalagiri,Hill,Western,Trachoma,57
2068/69,2011/12,Baglung,Dhawalagiri,Hill,Western,Blindness,29
2068/69,2011/12,Baglung,Dhawalagiri,Hill,Western,Cataract,11
2068/69,2011/12,Baglung,Dhawalagiri,Hill,Western,Conjuntivitis,4760
2068/69,2011/12,Baglung,Dhawalagiri,Hill,Western,Trachoma,58
2069/70,2012/13,Baglung,Dhawalagiri,Hill,Western,Blindness,23
2069/70,2012/13,Baglung,Dhawalagiri,Hill,Western,Cataract,34
2069/70,2012/13,Baglung,Dhawalagiri,Hill,Western,Conjuntivitis,5042
2069/70,2012/13,Baglung,Dhawalagiri,Hill,Western,Trachoma,32
2070/71,2013/14,Baglung,Dhawalagiri,Hill,Western,Blindness,18
2070/71,2013/14,Baglung,Dhawalagiri,Hill,Western,Cataract,25
2070/71,2013/14,Baglung,Dhawalagiri,Hill,Western,Conjuntivitis,5214
2070/71,2013/14,Baglung,Dhawalagiri,Hill,Western,Trachoma,35
2066/67,2009/10,Baitadi,Mahakali,Hill,Far-Western,Blindness,81
2066/67,2009/10,Baitadi,Mahakali,Hill,Far-Western,Cataract,51
2066/67,2009/10,Baitadi,Mahakali,Hill,Far-Western,Conjuntivitis,5003
2066/67,2009/10,Baitadi,Mahakali,Hill,Far-Western,Trachoma,508
2067/68,2010/11,Baitadi,Mahakali,Hill,Far-Western,Blindness,51
2067/68,2010/11,Baitadi,Mahakali,Hill,Far-Western,Cataract,30
2067/68,2010/11,Baitadi,Mahakali,Hill,Far-Western,Conjuntivitis,5397
2067/68,2010/11,Baitadi,Mahakali,Hill,Far-Western,Trachoma,10
2068/69,2011/12,Baitadi,Mahakali,Hill,Far-Western,Blindness,24
2068/69,2011/12,Baitadi,Mahakali,Hill,Far-Western,Cataract,37
2068/69,2011/12,Baitadi,Mahakali,Hill,Far-Western,Conjuntivitis,5086
2068/69,2011/12,Baitadi,Mahakali,Hill,Far-Western,Trachoma,18
2069/70,2012/13,Baitadi,Mahakali,Hill,Far-Western,Blindness,39
2069/70,2012/13,Baitadi,Mahakali,Hill,Far-Western,Cataract,29
2069/70,2012/13,Baitadi,Mahakali,Hill,Far-Western,Conjuntivitis,4780
2069/70,2012/13,Baitadi,Mahakali,Hill,Far-Western,Trachoma,31
2070/71,2013/14,Baitadi,Mahakali,Hill,Far-Western,Blindness,48
2070/71,2013/14,Baitadi,Mahakali,Hill,Far-Western,Cataract,26
2070/71,2013/14,Baitadi,Mahakali,Hill,Far-Western,Conjuntivitis,4033
2070/71,2013/14,Baitadi,Mahakali,Hill,Far-Western,Trachoma,12
2066/67,2009/10,Bajhang,Seti,Mountain,Far-Western,Blindness,175
2066/67,2009/10,Bajhang,Seti,Mountain,Far-Western,Cataract,37
2066/67,2009/10,Bajhang,Seti,Mountain,Far-Western,Conjuntivitis,3064
2066/67,2009/10,Bajhang,Seti,Mountain,Far-Western,Trachoma,37
2067/68,2010/11,Bajhang,Seti,Mountain,Far-Western,Blindness,172
2067/68,2010/11,Bajhang,Seti,Mountain,Far-Western,Cataract,43
2067/68,2010/11,Bajhang,Seti,Mountain,Far-Western,Conjuntivitis,3917
2067/68,2010/11,Bajhang,Seti,Mountain,Far-Western,Trachoma,75
2068/69,2011/12,Bajhang,Seti,Mountain,Far-Western,Blindness,186
2068/69,2011/12,Bajhang,Seti,Mountain,Far-Western,Cataract,35
2068/69,2011/12,Bajhang,Seti,Mountain,Far-Western,Conjuntivitis,3089
2068/69,2011/12,Bajhang,Seti,Mountain,Far-Western,Trachoma,64
2069/70,2012/13,Bajhang,Seti,Mountain,Far-Western,Blindness,202
2069/70,2012/13,Bajhang,Seti,Mountain,Far-Western,Cataract,19
2069/70,2012/13,Bajhang,Seti,Mountain,Far-Western,Conjuntivitis,3275
2069/70,2012/13,Bajhang,Seti,Mountain,Far-Western,Trachoma,119
2070/71,2013/14,Bajhang,Seti,Mountain,Far-Western,Blindness,228
2070/71,2013/14,Bajhang,Seti,Mountain,Far-Western,Cataract,27
2070/71,2013/14,Bajhang,Seti,Mountain,Far-Western,Conjuntivitis,3424
2070/71,2013/14,Bajhang,Seti,Mountain,Far-Western,Trachoma,176
2066/67,2009/10,Bajura,Seti,Mountain,Far-Western,Blindness,45
2066/67,2009/10,Bajura,Seti,Mountain,Far-Western,Cataract,7
2066/67,2009/10,Bajura,Seti,Mountain,Far-Western,Conjuntivitis,2964
2066/67,2009/10,Bajura,Seti,Mountain,Far-Western,Trachoma,81
2067/68,2010/11,Bajura,Seti,Mountain,Far-Western,Blindness,40
2067/68,2010/11,Bajura,Seti,Mountain,Far-Western,Cataract,23
2067/68,2010/11,Bajura,Seti,Mountain,Far-Western,Conjuntivitis,2322
2067/68,2010/11,Bajura,Seti,Mountain,Far-Western,Trachoma,10
2068/69,2011/12,Bajura,Seti,Mountain,Far-Western,Blindness,46
2068/69,2011/12,Bajura,Seti,Mountain,Far-Western,Cataract,16
2068/69,2011/12,Bajura,Seti,Mountain,Far-Western,Conjuntivitis,3406
2068/69,2011/12,Bajura,Seti,Mountain,Far-Western,Trachoma,63
2069/70,2012/13,Bajura,Seti,Mountain,Far-Western,Blindness,151
2069/70,2012/13,Bajura,Seti,Mountain,Far-Western,Cataract,114
2069/70,2012/13,Bajura,Seti,Mountain,Far-Western,Conjuntivitis,3857
2069/70,2012/13,Bajura,Seti,Mountain,Far-Western,Trachoma,70
2070/71,2013/14,Bajura,Seti,Mountain,Far-Western,Blindness,144
2070/71,2013/14,Bajura,Seti,Mountain,Far-Western,Cataract,80
2070/71,2013/14,Bajura,Seti,Mountain,Far-Western,Conjuntivitis,3404
2070/71,2013/14,Bajura,Seti,Mountain,Far-Western,Trachoma,6
2066/67,2009/10,Banke,Bheri,Terai,Mid-Western,Blindness,90
2066/67,2009/10,Banke,Bheri,Terai,Mid-Western,Cataract,105
2066/67,2009/10,Banke,Bheri,Terai,Mid-Western,Conjuntivitis,12148
2066/67,2009/10,Banke,Bheri,Terai,Mid-Western,Trachoma,134
2067/68,2010/11,Banke,Bheri,Terai,Mid-Western,Blindness,60
2067/68,2010/11,Banke,Bheri,Terai,Mid-Western,Cataract,128
2067/68,2010/11,Banke,Bheri,Terai,Mid-Western,Conjuntivitis,10741
2067/68,2010/11,Banke,Bheri,Terai,Mid-Western,Trachoma,35
2068/69,2011/12,Banke,Bheri,Terai,Mid-Western,Blindness,79
2068/69,2011/12,Banke,Bheri,Terai,Mid-Western,Cataract,123
2068/69,2011/12,Banke,Bheri,Terai,Mid-Western,Conjuntivitis,11877
2068/69,2011/12,Banke,Bheri,Terai,Mid-Western,Trachoma,67
2069/70,2012/13,Banke,Bheri,Terai,Mid-Western,Blindness,144
2069/70,2012/13,Banke,Bheri,Terai,Mid-Western,Cataract,19323
2069/70,2012/13,Banke,Bheri,Terai,Mid-Western,Conjuntivitis,20011
2069/70,2012/13,Banke,Bheri,Terai,Mid-Western,Trachoma,61
2070/71,2013/14,Banke,Bheri,Terai,Mid-Western,Blindness,186
2070/71,2013/14,Banke,Bheri,Terai,Mid-Western,Cataract,19442
2070/71,2013/14,Banke,Bheri,Terai,Mid-Western,Conjuntivitis,20635
2070/71,2013/14,Banke,Bheri,Terai,Mid-Western,Trachoma,193
2066/67,2009/10,Bara,Narayani,Terai,Central,Blindness,169
2066/67,2009/10,Bara,Narayani,Terai,Central,Cataract,113
2066/67,2009/10,Bara,Narayani,Terai,Central,Conjuntivitis,7244
2066/67,2009/10,Bara,Narayani,Terai,Central,Trachoma,89
2067/68,2010/11,Bara,Narayani,Terai,Central,Blindness,411
2067/68,2010/11,Bara,Narayani,Terai,Central,Cataract,385
2067/68,2010/11,Bara,Narayani,Terai,Central,Conjuntivitis,9241
2067/68,2010/11,Bara,Narayani,Terai,Central,Trachoma,220
2068/69,2011/12,Bara,Narayani,Terai,Central,Blindness,192
2068/69,2011/12,Bara,Narayani,Terai,Central,Cataract,379
2068/69,2011/12,Bara,Narayani,Terai,Central,Conjuntivitis,11690
2068/69,2011/12,Bara,Narayani,Terai,Central,Trachoma,161
2069/70,2012/13,Bara,Narayani,Terai,Central,Blindness,112
2069/70,2012/13,Bara,Narayani,Terai,Central,Cataract,141
2069/70,2012/13,Bara,Narayani,Terai,Central,Conjuntivitis,12887
2069/70,2012/13,Bara,Narayani,Terai,Central,Trachoma,85
2070/71,2013/14,Bara,Narayani,Terai,Central,Blindness,273
2070/71,2013/14,Bara,Narayani,Terai,Central,Cataract,173
2070/71,2013/14,Bara,Narayani,Terai,Central,Conjuntivitis,12644
2070/71,2013/14,Bara,Narayani,Terai,Central,Trachoma,65
2066/67,2009/10,Bardiya,Bheri,Terai,Mid-Western,Blindness,183
2066/67,2009/10,Bardiya,Bheri,Terai,Mid-Western,Cataract,252
2066/67,2009/10,Bardiya,Bheri,Terai,Mid-Western,Conjuntivitis,5710
2066/67,2009/10,Bardiya,Bheri,Terai,Mid-Western,Trachoma,13
2067/68,2010/11,Bardiya,Bheri,Terai,Mid-Western,Blindness,250
2067/68,2010/11,Bardiya,Bheri,Terai,Mid-Western,Cataract,77
2067/68,2010/11,Bardiya,Bheri,Terai,Mid-Western,Conjuntivitis,6847
2067/68,2010/11,Bardiya,Bheri,Terai,Mid-Western,Trachoma,24
2068/69,2011/12,Bardiya,Bheri,Terai,Mid-Western,Blindness,245
2068/69,2011/12,Bardiya,Bheri,Terai,Mid-Western,Cataract,174
2068/69,2011/12,Bardiya,Bheri,Terai,Mid-Western,Conjuntivitis,6427
2068/69,2011/12,Bardiya,Bheri,Terai,Mid-Western,Trachoma,32
2069/70,2012/13,Bardiya,Bheri,Terai,Mid-Western,Blindness,255
2069/70,2012/13,Bardiya,Bheri,Terai,Mid-Western,Cataract,201
2069/70,2012/13,Bardiya,Bheri,Terai,Mid-Western,Conjuntivitis,7016
2069/70,2012/13,Bardiya,Bheri,Terai,Mid-Western,Trachoma,58
2070/71,2013/14,Bardiya,Bheri,Terai,Mid-Western,Blindness,137
2070/71,2013/14,Bardiya,Bheri,Terai,Mid-Western,Cataract,244
2070/71,2013/14,Bardiya,Bheri,Terai,Mid-Western,Conjuntivitis,6697
2070/71,2013/14,Bardiya,Bheri,Terai,Mid-Western,Trachoma,65
2066/67,2009/10,Bhaktapur,Bagmati,Hill,Central,Blindness,19
2066/67,2009/10,Bhaktapur,Bagmati,Hill,Central,Cataract,18
2066/67,2009/10,Bhaktapur,Bagmati,Hill,Central,Conjuntivitis,3335
2066/67,2009/10,Bhaktapur,Bagmati,Hill,Central,Trachoma,41
2067/68,2010/11,Bhaktapur,Bagmati,Hill,Central,Blindness,42
2067/68,2010/11,Bhaktapur,Bagmati,Hill,Central,Cataract,21
2067/68,2010/11,Bhaktapur,Bagmati,Hill,Central,Conjuntivitis,3069
2067/68,2010/11,Bhaktapur,Bagmati,Hill,Central,Trachoma,9
2068/69,2011/12,Bhaktapur,Bagmati,Hill,Central,Blindness,48
2068/69,2011/12,Bhaktapur,Bagmati,Hill,Central,Cataract,13
2068/69,2011/12,Bhaktapur,Bagmati,Hill,Central,Conjuntivitis,3593
2068/69,2011/12,Bhaktapur,Bagmati,Hill,Central,Trachoma,123
2069/70,2012/13,Bhaktapur,Bagmati,Hill,Central,Blindness,118
2069/70,2012/13,Bhaktapur,Bagmati,Hill,Central,Cataract,31
2069/70,2012/13,Bhaktapur,Bagmati,Hill,Central,Conjuntivitis,4400
2069/70,2012/13,Bhaktapur,Bagmati,Hill,Central,Trachoma,60
2070/71,2013/14,Bhaktapur,Bagmati,Hill,Central,Blindness,258
2070/71,2013/14,Bhaktapur,Bagmati,Hill,Central,Cataract,37
2070/71,2013/14,Bhaktapur,Bagmati,Hill,Central,Conjuntivitis,4322
2070/71,2013/14,Bhaktapur,Bagmati,Hill,Central,Trachoma,21
2066/67,2009/10,Bhojpur,Kosi,Hill,Eastern,Blindness,65
2066/67,2009/10,Bhojpur,Kosi,Hill,Eastern,Cataract,15
2066/67,2009/10,Bhojpur,Kosi,Hill,Eastern,Conjuntivitis,6153
2066/67,2009/10,Bhojpur,Kosi,Hill,Eastern,Trachoma,25
2067/68,2010/11,Bhojpur,Kosi,Hill,Eastern,Blindness,78
2067/68,2010/11,Bhojpur,Kosi,Hill,Eastern,Cataract,5
2067/68,2010/11,Bhojpur,Kosi,Hill,Eastern,Conjuntivitis,4424
2067/68,2010/11,Bhojpur,Kosi,Hill,Eastern,Trachoma,32
2068/69,2011/12,Bhojpur,Kosi,Hill,Eastern,Blindness,31
2068/69,2011/12,Bhojpur,Kosi,Hill,Eastern,Cataract,15
2068/69,2011/12,Bhojpur,Kosi,Hill,Eastern,Conjuntivitis,4916
2068/69,2011/12,Bhojpur,Kosi,Hill,Eastern,Trachoma,44
2069/70,2012/13,Bhojpur,Kosi,Hill,Eastern,Blindness,16
2069/70,2012/13,Bhojpur,Kosi,Hill,Eastern,Cataract,12
2069/70,2012/13,Bhojpur,Kosi,Hill,Eastern,Conjuntivitis,4753
2069/70,2012/13,Bhojpur,Kosi,Hill,Eastern,Trachoma,20
2070/71,2013/14,Bhojpur,Kosi,Hill,Eastern,Blindness,40
2070/71,2013/14,Bhojpur,Kosi,Hill,Eastern,Cataract,118
2070/71,2013/14,Bhojpur,Kosi,Hill,Eastern,Conjuntivitis,4729
2070/71,2013/14,Bhojpur,Kosi,Hill,Eastern,Trachoma,33
2066/67,2009/10,Chitawan,Narayani,Terai,Central,Blindness,537
2066/67,2009/10,Chitawan,Narayani,Terai,Central,Cataract,381
2066/67,2009/10,Chitawan,Narayani,Terai,Central,Conjuntivitis,6579
2066/67,2009/10,Chitawan,Narayani,Terai,Central,Trachoma,972
2067/68,2010/11,Chitawan,Narayani,Terai,Central,Blindness,1492
2067/68,2010/11,Chitawan,Narayani,Terai,Central,Cataract,782
2067/68,2010/11,Chitawan,Narayani,Terai,Central,Conjuntivitis,8443
2067/68,2010/11,Chitawan,Narayani,Terai,Central,Trachoma,1343
2068/69,2011/12,Chitawan,Narayani,Terai,Central,Blindness,344
2068/69,2011/12,Chitawan,Narayani,Terai,Central,Cataract,66
2068/69,2011/12,Chitawan,Narayani,Terai,Central,Conjuntivitis,6839
2068/69,2011/12,Chitawan,Narayani,Terai,Central,Trachoma,56
2069/70,2012/13,Chitawan,Narayani,Terai,Central,Blindness,577
2069/70,2012/13,Chitawan,Narayani,Terai,Central,Cataract,282
2069/70,2012/13,Chitawan,Narayani,Terai,Central,Conjuntivitis,9301
2069/70,2012/13,Chitawan,Narayani,Terai,Central,Trachoma,275
2070/71,2013/14,Chitawan,Narayani,Terai,Central,Blindness,875
2070/71,2013/14,Chitawan,Narayani,Terai,Central,Cataract,1399
2070/71,2013/14,Chitawan,Narayani,Terai,Central,Conjuntivitis,12520
2070/71,2013/14,Chitawan,Narayani,Terai,Central,Trachoma,737
2066/67,2009/10,Dadeldhura,Mahakali,Hill,Far-Western,Blindness,409
2066/67,2009/10,Dadeldhura,Mahakali,Hill,Far-Western,Cataract,191
2066/67,2009/10,Dadeldhura,Mahakali,Hill,Far-Western,Conjuntivitis,3197
2066/67,2009/10,Dadeldhura,Mahakali,Hill,Far-Western,Trachoma,47
2067/68,2010/11,Dadeldhura,Mahakali,Hill,Far-Western,Blindness,24
2067/68,2010/11,Dadeldhura,Mahakali,Hill,Far-Western,Cataract,18
2067/68,2010/11,Dadeldhura,Mahakali,Hill,Far-Western,Conjuntivitis,2243
2067/68,2010/11,Dadeldhura,Mahakali,Hill,Far-Western,Trachoma,32
2068/69,2011/12,Dadeldhura,Mahakali,Hill,Far-Western,Blindness,75
2068/69,2011/12,Dadeldhura,Mahakali,Hill,Far-Western,Cataract,15
2068/69,2011/12,Dadeldhura,Mahakali,Hill,Far-Western,Conjuntivitis,2564
2068/69,2011/12,Dadeldhura,Mahakali,Hill,Far-Western,Trachoma,77
2069/70,2012/13,Dadeldhura,Mahakali,Hill,Far-Western,Blindness,67
2069/70,2012/13,Dadeldhura,Mahakali,Hill,Far-Western,Cataract,18
2069/70,2012/13,Dadeldhura,Mahakali,Hill,Far-Western,Conjuntivitis,2541
2069/70,2012/13,Dadeldhura,Mahakali,Hill,Far-Western,Trachoma,40
2070/71,2013/14,Dadeldhura,Mahakali,Hill,Far-Western,Blindness,162
2070/71,2013/14,Dadeldhura,Mahakali,Hill,Far-Western,Cataract,63
2070/71,2013/14,Dadeldhura,Mahakali,Hill,Far-Western,Conjuntivitis,3011
2070/71,2013/14,Dadeldhura,Mahakali,Hill,Far-Western,Trachoma,58
2066/67,2009/10,Dailekh,Bheri,Hill,Mid-Western,Blindness,29
2066/67,2009/10,Dailekh,Bheri,Hill,Mid-Western,Cataract,18
2066/67,2009/10,Dailekh,Bheri,Hill,Mid-Western,Conjuntivitis,4048
2066/67,2009/10,Dailekh,Bheri,Hill,Mid-Western,Trachoma,9
2067/68,2010/11,Dailekh,Bheri,Hill,Mid-Western,Blindness,34
2067/68,2010/11,Dailekh,Bheri,Hill,Mid-Western,Cataract,40
2067/68,2010/11,Dailekh,Bheri,Hill,Mid-Western,Conjuntivitis,4390
2067/68,2010/11,Dailekh,Bheri,Hill,Mid-Western,Trachoma,16
2068/69,2011/12,Dailekh,Bheri,Hill,Mid-Western,Blindness,28
2068/69,2011/12,Dailekh,Bheri,Hill,Mid-Western,Cataract,19
2068/69,2011/12,Dailekh,Bheri,Hill,Mid-Western,Conjuntivitis,4277
2068/69,2011/12,Dailekh,Bheri,Hill,Mid-Western,Trachoma,13
2069/70,2012/13,Dailekh,Bheri,Hill,Mid-Western,Blindness,44
2069/70,2012/13,Dailekh,Bheri,Hill,Mid-Western,Cataract,37
2069/70,2012/13,Dailekh,Bheri,Hill,Mid-Western,Conjuntivitis,5024
2069/70,2012/13,Dailekh,Bheri,Hill,Mid-Western,Trachoma,9
2070/71,2013/14,Dailekh,Bheri,Hill,Mid-Western,Blindness,38
2070/71,2013/14,Dailekh,Bheri,Hill,Mid-Western,Cataract,23
2070/71,2013/14,Dailekh,Bheri,Hill,Mid-Western,Conjuntivitis,5706
2070/71,2013/14,Dailekh,Bheri,Hill,Mid-Western,Trachoma,13
2066/67,2009/10,Dang,Rapti,Terai,Mid-Western,Blindness,251
2066/67,2009/10,Dang,Rapti,Terai,Mid-Western,Cataract,27
2066/67,2009/10,Dang,Rapti,Terai,Mid-Western,Conjuntivitis,6744
2066/67,2009/10,Dang,Rapti,Terai,Mid-Western,Trachoma,181
2067/68,2010/11,Dang,Rapti,Terai,Mid-Western,Blindness,283
2067/68,2010/11,Dang,Rapti,Terai,Mid-Western,Cataract,64
2067/68,2010/11,Dang,Rapti,Terai,Mid-Western,Conjuntivitis,6694
2067/68,2010/11,Dang,Rapti,Terai,Mid-Western,Trachoma,51
2068/69,2011/12,Dang,Rapti,Terai,Mid-Western,Blindness,189
2068/69,2011/12,Dang,Rapti,Terai,Mid-Western,Cataract,37
2068/69,2011/12,Dang,Rapti,Terai,Mid-Western,Conjuntivitis,7077
2068/69,2011/12,Dang,Rapti,Terai,Mid-Western,Trachoma,31
2069/70,2012/13,Dang,Rapti,Terai,Mid-Western,Blindness,139
2069/70,2012/13,Dang,Rapti,Terai,Mid-Western,Cataract,31
2069/70,2012/13,Dang,Rapti,Terai,Mid-Western,Conjuntivitis,7574
2069/70,2012/13,Dang,Rapti,Terai,Mid-Western,Trachoma,97
2070/71,2013/14,Dang,Rapti,Terai,Mid-Western,Blindness,103
2070/71,2013/14,Dang,Rapti,Terai,Mid-Western,Cataract,66
2070/71,2013/14,Dang,Rapti,Terai,Mid-Western,Conjuntivitis,7290
2070/71,2013/14,Dang,Rapti,Terai,Mid-Western,Trachoma,134
2066/67,2009/10,Darchaula,Mahakali,Mountain,Far-Western,Blindness,107
2066/67,2009/10,Darchaula,Mahakali,Mountain,Far-Western,Cataract,3
2066/67,2009/10,Darchaula,Mahakali,Mountain,Far-Western,Conjuntivitis,2994
2066/67,2009/10,Darchaula,Mahakali,Mountain,Far-Western,Trachoma,24
2067/68,2010/11,Darchaula,Mahakali,Mountain,Far-Western,Blindness,40
2067/68,2010/11,Darchaula,Mahakali,Mountain,Far-Western,Cataract,2
2067/68,2010/11,Darchaula,Mahakali,Mountain,Far-Western,Conjuntivitis,2773
2067/68,2010/11,Darchaula,Mahakali,Mountain,Far-Western,Trachoma,333
2068/69,2011/12,Darchaula,Mahakali,Mountain,Far-Western,Blindness,40
2068/69,2011/12,Darchaula,Mahakali,Mountain,Far-Western,Cataract,41
2068/69,2011/12,Darchaula,Mahakali,Mountain,Far-Western,Conjuntivitis,4545
2068/69,2011/12,Darchaula,Mahakali,Mountain,Far-Western,Trachoma,81
2069/70,2012/13,Darchaula,Mahakali,Mountain,Far-Western,Blindness,46
2069/70,2012/13,Darchaula,Mahakali,Mountain,Far-Western,Cataract,6
2069/70,2012/13,Darchaula,Mahakali,Mountain,Far-Western,Conjuntivitis,3747
2069/70,2012/13,Darchaula,Mahakali,Mountain,Far-Western,Trachoma,4
2070/71,2013/14,Darchaula,Mahakali,Mountain,Far-Western,Blindness,18
2070/71,2013/14,Darchaula,Mahakali,Mountain,Far-Western,Cataract,20
2070/71,2013/14,Darchaula,Mahakali,Mountain,Far-Western,Conjuntivitis,3290
2070/71,2013/14,Darchaula,Mahakali,Mountain,Far-Western,Trachoma,9
2066/67,2009/10,Dhading,Bagmati,Hill,Central,Blindness,115
2066/67,2009/10,Dhading,Bagmati,Hill,Central,Cataract,158
2066/67,2009/10,Dhading,Bagmati,Hill,Central,Conjuntivitis,9315
2066/67,2009/10,Dhading,Bagmati,Hill,Central,Trachoma,150
2067/68,2010/11,Dhading,Bagmati,Hill,Central,Blindness,105
2067/68,2010/11,Dhading,Bagmati,Hill,Central,Cataract,120
2067/68,2010/11,Dhading,Bagmati,Hill,Central,Conjuntivitis,9716
2067/68,2010/11,Dhading,Bagmati,Hill,Central,Trachoma,91
2068/69,2011/12,Dhading,Bagmati,Hill,Central,Blindness,118
2068/69,2011/12,Dhading,Bagmati,Hill,Central,Cataract,150
2068/69,2011/12,Dhading,Bagmati,Hill,Central,Conjuntivitis,9557
2068/69,2011/12,Dhading,Bagmati,Hill,Central,Trachoma,33
2069/70,2012/13,Dhading,Bagmati,Hill,Central,Blindness,170
2069/70,2012/13,Dhading,Bagmati,Hill,Central,Cataract,192
2069/70,2012/13,Dhading,Bagmati,Hill,Central,Conjuntivitis,8624
2069/70,2012/13,Dhading,Bagmati,Hill,Central,Trachoma,72
2070/71,2013/14,Dhading,Bagmati,Hill,Central,Blindness,497
2070/71,2013/14,Dhading,Bagmati,Hill,Central,Cataract,240
2070/71,2013/14,Dhading,Bagmati,Hill,Central,Conjuntivitis,8141
2070/71,2013/14,Dhading,Bagmati,Hill,Central,Trachoma,65
2066/67,2009/10,Dhankuta,Kosi,Hill,Eastern,Blindness,10
2066/67,2009/10,Dhankuta,Kosi,Hill,Eastern,Cataract,4
2066/67,2009/10,Dhankuta,Kosi,Hill,Eastern,Conjuntivitis,4715
2066/67,2009/10,Dhankuta,Kosi,Hill,Eastern,Trachoma,20
2067/68,2010/11,Dhankuta,Kosi,Hill,Eastern,Blindness,7
2067/68,2010/11,Dhankuta,Kosi,Hill,Eastern,Cataract,1
2067/68,2010/11,Dhankuta,Kosi,Hill,Eastern,Conjuntivitis,4503
2067/68,2010/11,Dhankuta,Kosi,Hill,Eastern,Trachoma,4
2068/69,2011/12,Dhankuta,Kosi,Hill,Eastern,Blindness,8
2068/69,2011/12,Dhankuta,Kosi,Hill,Eastern,Cataract,11
2068/69,2011/12,Dhankuta,Kosi,Hill,Eastern,Conjuntivitis,4421
2068/69,2011/12,Dhankuta,Kosi,Hill,Eastern,Trachoma,48
2069/70,2012/13,Dhankuta,Kosi,Hill,Eastern,Blindness,15
2069/70,2012/13,Dhankuta,Kosi,Hill,Eastern,Cataract,1
2069/70,2012/13,Dhankuta,Kosi,Hill,Eastern,Conjuntivitis,3728
2069/70,2012/13,Dhankuta,Kosi,Hill,Eastern,Trachoma,10
2070/71,2013/14,Dhankuta,Kosi,Hill,Eastern,Blindness,12
2070/71,2013/14,Dhankuta,Kosi,Hill,Eastern,Cataract,15
2070/71,2013/14,Dhankuta,Kosi,Hill,Eastern,Conjuntivitis,4325
2070/71,2013/14,Dhankuta,Kosi,Hill,Eastern,Trachoma,22
2066/67,2009/10,Dhanusa,Janakpur,Terai,Central,Blindness,452
2066/67,2009/10,Dhanusa,Janakpur,Terai,Central,Cataract,126
2066/67,2009/10,Dhanusa,Janakpur,Terai,Central,Conjuntivitis,12267
2066/67,2009/10,Dhanusa,Janakpur,Terai,Central,Trachoma,109
2067/68,2010/11,Dhanusa,Janakpur,Terai,Central,Blindness,220
2067/68,2010/11,Dhanusa,Janakpur,Terai,Central,Cataract,122
2067/68,2010/11,Dhanusa,Janakpur,Terai,Central,Conjuntivitis,11503
2067/68,2010/11,Dhanusa,Janakpur,Terai,Central,Trachoma,126
2068/69,2011/12,Dhanusa,Janakpur,Terai,Central,Blindness,162
2068/69,2011/12,Dhanusa,Janakpur,Terai,Central,Cataract,53
2068/69,2011/12,Dhanusa,Janakpur,Terai,Central,Conjuntivitis,10835
2068/69,2011/12,Dhanusa,Janakpur,Terai,Central,Trachoma,295
2069/70,2012/13,Dhanusa,Janakpur,Terai,Central,Blindness,156
2069/70,2012/13,Dhanusa,Janakpur,Terai,Central,Cataract,59
2069/70,2012/13,Dhanusa,Janakpur,Terai,Central,Conjuntivitis,10028
2069/70,2012/13,Dhanusa,Janakpur,Terai,Central,Trachoma,97
2070/71,2013/14,Dhanusa,Janakpur,Terai,Central,Blindness,166
2070/71,2013/14,Dhanusa,Janakpur,Terai,Central,Cataract,82
2070/71,2013/14,Dhanusa,Janakpur,Terai,Central,Conjuntivitis,9901
2070/71,2013/14,Dhanusa,Janakpur,Terai,Central,Trachoma,72
2066/67,2009/10,Dolakha,Janakpur,Mountain,Central,Blindness,100
2066/67,2009/10,Dolakha,Janakpur,Mountain,Central,Cataract,54
2066/67,2009/10,Dolakha,Janakpur,Mountain,Central,Conjuntivitis,5842
2066/67,2009/10,Dolakha,Janakpur,Mountain,Central,Trachoma,101
2067/68,2010/11,Dolakha,Janakpur,Mountain,Central,Blindness,133
2067/68,2010/11,Dolakha,Janakpur,Mountain,Central,Cataract,99
2067/68,2010/11,Dolakha,Janakpur,Mountain,Central,Conjuntivitis,5888
2067/68,2010/11,Dolakha,Janakpur,Mountain,Central,Trachoma,73
2068/69,2011/12,Dolakha,Janakpur,Mountain,Central,Blindness,29
2068/69,2011/12,Dolakha,Janakpur,Mountain,Central,Cataract,15
2068/69,2011/12,Dolakha,Janakpur,Mountain,Central,Conjuntivitis,5717
2068/69,2011/12,Dolakha,Janakpur,Mountain,Central,Trachoma,89
2069/70,2012/13,Dolakha,Janakpur,Mountain,Central,Blindness,1972
2069/70,2012/13,Dolakha,Janakpur,Mountain,Central,Cataract,755
2069/70,2012/13,Dolakha,Janakpur,Mountain,Central,Conjuntivitis,6833
2069/70,2012/13,Dolakha,Janakpur,Mountain,Central,Trachoma,110
2070/71,2013/14,Dolakha,Janakpur,Mountain,Central,Blindness,1556
2070/71,2013/14,Dolakha,Janakpur,Mountain,Central,Cataract,291
2070/71,2013/14,Dolakha,Janakpur,Mountain,Central,Conjuntivitis,5973
2070/71,2013/14,Dolakha,Janakpur,Mountain,Central,Trachoma,80
2066/67,2009/10,Dolpa,Karnali,Mountain,Mid-Western,Blindness,39
2066/67,2009/10,Dolpa,Karnali,Mountain,Mid-Western,Cataract,8
2066/67,2009/10,Dolpa,Karnali,Mountain,Mid-Western,Conjuntivitis,821
2066/67,2009/10,Dolpa,Karnali,Mountain,Mid-Western,Trachoma,19
2067/68,2010/11,Dolpa,Karnali,Mountain,Mid-Western,Blindness,16
2067/68,2010/11,Dolpa,Karnali,Mountain,Mid-Western,Cataract,4
2067/68,2010/11,Dolpa,Karnali,Mountain,Mid-Western,Conjuntivitis,807
2067/68,2010/11,Dolpa,Karnali,Mountain,Mid-Western,Trachoma,0
2068/69,2011/12,Dolpa,Karnali,Mountain,Mid-Western,Blindness,7
2068/69,2011/12,Dolpa,Karnali,Mountain,Mid-Western,Cataract,2
2068/69,2011/12,Dolpa,Karnali,Mountain,Mid-Western,Conjuntivitis,811
2068/69,2011/12,Dolpa,Karnali,Mountain,Mid-Western,Trachoma,6
2069/70,2012/13,Dolpa,Karnali,Mountain,Mid-Western,Blindness,12
2069/70,2012/13,Dolpa,Karnali,Mountain,Mid-Western,Cataract,4
2069/70,2012/13,Dolpa,Karnali,Mountain,Mid-Western,Conjuntivitis,986
2069/70,2012/13,Dolpa,Karnali,Mountain,Mid-Western,Trachoma,8
2070/71,2013/14,Dolpa,Karnali,Mountain,Mid-Western,Blindness,22
2070/71,2013/14,Dolpa,Karnali,Mountain,Mid-Western,Cataract,11
2070/71,2013/14,Dolpa,Karnali,Mountain,Mid-Western,Conjuntivitis,1649
2070/71,2013/14,Dolpa,Karnali,Mountain,Mid-Western,Trachoma,11
2066/67,2009/10,Doti,Seti,Hill,Far-Western,Blindness,115
2066/67,2009/10,Doti,Seti,Hill,Far-Western,Cataract,22
2066/67,2009/10,Doti,Seti,Hill,Far-Western,Conjuntivitis,7203
2066/67,2009/10,Doti,Seti,Hill,Far-Western,Trachoma,87
2067/68,2010/11,Doti,Seti,Hill,Far-Western,Blindness,94
2067/68,2010/11,Doti,Seti,Hill,Far-Western,Cataract,28
2067/68,2010/11,Doti,Seti,Hill,Far-Western,Conjuntivitis,5130
2067/68,2010/11,Doti,Seti,Hill,Far-Western,Trachoma,73
2068/69,2011/12,Doti,Seti,Hill,Far-Western,Blindness,89
2068/69,2011/12,Doti,Seti,Hill,Far-Western,Cataract,20
2068/69,2011/12,Doti,Seti,Hill,Far-Western,Conjuntivitis,5178
2068/69,2011/12,Doti,Seti,Hill,Far-Western,Trachoma,44
2069/70,2012/13,Doti,Seti,Hill,Far-Western,Blindness,40
2069/70,2012/13,Doti,Seti,Hill,Far-Western,Cataract,13
2069/70,2012/13,Doti,Seti,Hill,Far-Western,Conjuntivitis,5979
2069/70,2012/13,Doti,Seti,Hill,Far-Western,Trachoma,22
2070/71,2013/14,Doti,Seti,Hill,Far-Western,Blindness,30
2070/71,2013/14,Doti,Seti,Hill,Far-Western,Cataract,23
2070/71,2013/14,Doti,Seti,Hill,Far-Western,Conjuntivitis,6772
2070/71,2013/14,Doti,Seti,Hill,Far-Western,Trachoma,91
2066/67,2009/10,Gorkha,Gandaki,Hill,Western,Blindness,501
2066/67,2009/10,Gorkha,Gandaki,Hill,Western,Cataract,179
2066/67,2009/10,Gorkha,Gandaki,Hill,Western,Conjuntivitis,9492
2066/67,2009/10,Gorkha,Gandaki,Hill,Western,Trachoma,86
2067/68,2010/11,Gorkha,Gandaki,Hill,Western,Blindness,130
2067/68,2010/11,Gorkha,Gandaki,Hill,Western,Cataract,188
2067/68,2010/11,Gorkha,Gandaki,Hill,Western,Conjuntivitis,8222
2067/68,2010/11,Gorkha,Gandaki,Hill,Western,Trachoma,72
2068/69,2011/12,Gorkha,Gandaki,Hill,Western,Blindness,79
2068/69,2011/12,Gorkha,Gandaki,Hill,Western,Cataract,133
2068/69,2011/12,Gorkha,Gandaki,Hill,Western,Conjuntivitis,7219
2068/69,2011/12,Gorkha,Gandaki,Hill,Western,Trachoma,40
2069/70,2012/13,Gorkha,Gandaki,Hill,Western,Blindness,118
2069/70,2012/13,Gorkha,Gandaki,Hill,Western,Cataract,118
2069/70,2012/13,Gorkha,Gandaki,Hill,Western,Conjuntivitis,7229
2069/70,2012/13,Gorkha,Gandaki,Hill,Western,Trachoma,14
2070/71,2013/14,Gorkha,Gandaki,Hill,Western,Blindness,82
2070/71,2013/14,Gorkha,Gandaki,Hill,Western,Cataract,91
2070/71,2013/14,Gorkha,Gandaki,Hill,Western,Conjuntivitis,6788
2070/71,2013/14,Gorkha,Gandaki,Hill,Western,Trachoma,14
2066/67,2009/10,Gulmi,Lumbini,Hill,Western,Blindness,74
2066/67,2009/10,Gulmi,Lumbini,Hill,Western,Cataract,46
2066/67,2009/10,Gulmi,Lumbini,Hill,Western,Conjuntivitis,6802
2066/67,2009/10,Gulmi,Lumbini,Hill,Western,Trachoma,127
2067/68,2010/11,Gulmi,Lumbini,Hill,Western,Blindness,23
2067/68,2010/11,Gulmi,Lumbini,Hill,Western,Cataract,12
2067/68,2010/11,Gulmi,Lumbini,Hill,Western,Conjuntivitis,6564
2067/68,2010/11,Gulmi,Lumbini,Hill,Western,Trachoma,99
2068/69,2011/12,Gulmi,Lumbini,Hill,Western,Blindness,31
2068/69,2011/12,Gulmi,Lumbini,Hill,Western,Cataract,44
2068/69,2011/12,Gulmi,Lumbini,Hill,Western,Conjuntivitis,5422
2068/69,2011/12,Gulmi,Lumbini,Hill,Western,Trachoma,54
2069/70,2012/13,Gulmi,Lumbini,Hill,Western,Blindness,0
2069/70,2012/13,Gulmi,Lumbini,Hill,Western,Cataract,1
2069/70,2012/13,Gulmi,Lumbini,Hill,Western,Conjuntivitis,1800
2069/70,2012/13,Gulmi,Lumbini,Hill,Western,Trachoma,24
2070/71,2013/14,Gulmi,Lumbini,Hill,Western,Blindness,0
2070/71,2013/14,Gulmi,Lumbini,Hill,Western,Cataract,0
2070/71,2013/14,Gulmi,Lumbini,Hill,Western,Conjuntivitis,1321
2070/71,2013/14,Gulmi,Lumbini,Hill,Western,Trachoma,3
2066/67,2009/10,Humla,Karnali,Mountain,Mid-Western,Blindness,79
2066/67,2009/10,Humla,Karnali,Mountain,Mid-Western,Cataract,22
2066/67,2009/10,Humla,Karnali,Mountain,Mid-Western,Conjuntivitis,2569
2066/67,2009/10,Humla,Karnali,Mountain,Mid-Western,Trachoma,32
2067/68,2010/11,Humla,Karnali,Mountain,Mid-Western,Blindness,26
2067/68,2010/11,Humla,Karnali,Mountain,Mid-Western,Cataract,68
2067/68,2010/11,Humla,Karnali,Mountain,Mid-Western,Conjuntivitis,2585
2067/68,2010/11,Humla,Karnali,Mountain,Mid-Western,Trachoma,44
2068/69,2011/12,Humla,Karnali,Mountain,Mid-Western,Blindness,61
2068/69,2011/12,Humla,Karnali,Mountain,Mid-Western,Cataract,13
2068/69,2011/12,Humla,Karnali,Mountain,Mid-Western,Conjuntivitis,2468
2068/69,2011/12,Humla,Karnali,Mountain,Mid-Western,Trachoma,3
2069/70,2012/13,Humla,Karnali,Mountain,Mid-Western,Blindness,67
2069/70,2012/13,Humla,Karnali,Mountain,Mid-Western,Cataract,8
2069/70,2012/13,Humla,Karnali,Mountain,Mid-Western,Conjuntivitis,3378
2069/70,2012/13,Humla,Karnali,Mountain,Mid-Western,Trachoma,0
2070/71,2013/14,Humla,Karnali,Mountain,Mid-Western,Blindness,10
2070/71,2013/14,Humla,Karnali,Mountain,Mid-Western,Cataract,0
2070/71,2013/14,Humla,Karnali,Mountain,Mid-Western,Conjuntivitis,3303
2070/71,2013/14,Humla,Karnali,Mountain,Mid-Western,Trachoma,0
2066/67,2009/10,Ilam,Mechi,Hill,Eastern,Blindness,27
2066/67,2009/10,Ilam,Mechi,Hill,Eastern,Cataract,31
2066/67,2009/10,Ilam,Mechi,Hill,Eastern,Conjuntivitis,4995
2066/67,2009/10,Ilam,Mechi,Hill,Eastern,Trachoma,27
2067/68,2010/11,Ilam,Mechi,Hill,Eastern,Blindness,23
2067/68,2010/11,Ilam,Mechi,Hill,Eastern,Cataract,10
2067/68,2010/11,Ilam,Mechi,Hill,Eastern,Conjuntivitis,4371
2067/68,2010/11,Ilam,Mechi,Hill,Eastern,Trachoma,2
2068/69,2011/12,Ilam,Mechi,Hill,Eastern,Blindness,28
2068/69,2011/12,Ilam,Mechi,Hill,Eastern,Cataract,7
2068/69,2011/12,Ilam,Mechi,Hill,Eastern,Conjuntivitis,4085
2068/69,2011/12,Ilam,Mechi,Hill,Eastern,Trachoma,8
2069/70,2012/13,Ilam,Mechi,Hill,Eastern,Blindness,34
2069/70,2012/13,Ilam,Mechi,Hill,Eastern,Cataract,32
2069/70,2012/13,Ilam,Mechi,Hill,Eastern,Conjuntivitis,3746
2069/70,2012/13,Ilam,Mechi,Hill,Eastern,Trachoma,26
2070/71,2013/14,Ilam,Mechi,Hill,Eastern,Blindness,14
2070/71,2013/14,Ilam,Mechi,Hill,Eastern,Cataract,31
2070/71,2013/14,Ilam,Mechi,Hill,Eastern,Conjuntivitis,3554
2070/71,2013/14,Ilam,Mechi,Hill,Eastern,Trachoma,53
2066/67,2009/10,Jajarkot,Bheri,Hill,Mid-Western,Blindness,127
2066/67,2009/10,Jajarkot,Bheri,Hill,Mid-Western,Cataract,4
2066/67,2009/10,Jajarkot,Bheri,Hill,Mid-Western,Conjuntivitis,3032
2066/67,2009/10,Jajarkot,Bheri,Hill,Mid-Western,Trachoma,0
2067/68,2010/11,Jajarkot,Bheri,Hill,Mid-Western,Blindness,162
2067/68,2010/11,Jajarkot,Bheri,Hill,Mid-Western,Cataract,158
2067/68,2010/11,Jajarkot,Bheri,Hill,Mid-Western,Conjuntivitis,3253
2067/68,2010/11,Jajarkot,Bheri,Hill,Mid-Western,Trachoma,64
2068/69,2011/12,Jajarkot,Bheri,Hill,Mid-Western,Blindness,138
2068/69,2011/12,Jajarkot,Bheri,Hill,Mid-Western,Cataract,60
2068/69,2011/12,Jajarkot,Bheri,Hill,Mid-Western,Conjuntivitis,3093
2068/69,2011/12,Jajarkot,Bheri,Hill,Mid-Western,Trachoma,52
2069/70,2012/13,Jajarkot,Bheri,Hill,Mid-Western,Blindness,188
2069/70,2012/13,Jajarkot,Bheri,Hill,Mid-Western,Cataract,74
2069/70,2012/13,Jajarkot,Bheri,Hill,Mid-Western,Conjuntivitis,3328
2069/70,2012/13,Jajarkot,Bheri,Hill,Mid-Western,Trachoma,27
2070/71,2013/14,Jajarkot,Bheri,Hill,Mid-Western,Blindness,129
2070/71,2013/14,Jajarkot,Bheri,Hill,Mid-Western,Cataract,85
2070/71,2013/14,Jajarkot,Bheri,Hill,Mid-Western,Conjuntivitis,2932
2070/71,2013/14,Jajarkot,Bheri,Hill,Mid-Western,Trachoma,44
2066/67,2009/10,Jhapa,Mechi,Terai,Eastern,Blindness,170
2066/67,2009/10,Jhapa,Mechi,Terai,Eastern,Cataract,401
2066/67,2009/10,Jhapa,Mechi,Terai,Eastern,Conjuntivitis,6480
2066/67,2009/10,Jhapa,Mechi,Terai,Eastern,Trachoma,350
2067/68,2010/11,Jhapa,Mechi,Terai,Eastern,Blindness,4564
2067/68,2010/11,Jhapa,Mechi,Terai,Eastern,Cataract,1296
2067/68,2010/11,Jhapa,Mechi,Terai,Eastern,Conjuntivitis,8729
2067/68,2010/11,Jhapa,Mechi,Terai,Eastern,Trachoma,20
2068/69,2011/12,Jhapa,Mechi,Terai,Eastern,Blindness,7005
2068/69,2011/12,Jhapa,Mechi,Terai,Eastern,Cataract,7972
2068/69,2011/12,Jhapa,Mechi,Terai,Eastern,Conjuntivitis,9920
2068/69,2011/12,Jhapa,Mechi,Terai,Eastern,Trachoma,1534
2069/70,2012/13,Jhapa,Mechi,Terai,Eastern,Blindness,3600
2069/70,2012/13,Jhapa,Mechi,Terai,Eastern,Cataract,4019
2069/70,2012/13,Jhapa,Mechi,Terai,Eastern,Conjuntivitis,10405
2069/70,2012/13,Jhapa,Mechi,Terai,Eastern,Trachoma,97
2070/71,2013/14,Jhapa,Mechi,Terai,Eastern,Blindness,5895
2070/71,2013/14,Jhapa,Mechi,Terai,Eastern,Cataract,9853
2070/71,2013/14,Jhapa,Mechi,Terai,Eastern,Conjuntivitis,9562
2070/71,2013/14,Jhapa,Mechi,Terai,Eastern,Trachoma,116
2066/67,2009/10,Jumla,Karnali,Mountain,Mid-Western,Blindness,36
2066/67,2009/10,Jumla,Karnali,Mountain,Mid-Western,Cataract,13
2066/67,2009/10,Jumla,Karnali,Mountain,Mid-Western,Conjuntivitis,1693
2066/67,2009/10,Jumla,Karnali,Mountain,Mid-Western,Trachoma,72
2067/68,2010/11,Jumla,Karnali,Mountain,Mid-Western,Blindness,30
2067/68,2010/11,Jumla,Karnali,Mountain,Mid-Western,Cataract,0
2067/68,2010/11,Jumla,Karnali,Mountain,Mid-Western,Conjuntivitis,1592
2067/68,2010/11,Jumla,Karnali,Mountain,Mid-Western,Trachoma,58
2068/69,2011/12,Jumla,Karnali,Mountain,Mid-Western,Blindness,56
2068/69,2011/12,Jumla,Karnali,Mountain,Mid-Western,Cataract,8
2068/69,2011/12,Jumla,Karnali,Mountain,Mid-Western,Conjuntivitis,2109
2068/69,2011/12,Jumla,Karnali,Mountain,Mid-Western,Trachoma,94
2069/70,2012/13,Jumla,Karnali,Mountain,Mid-Western,Blindness,58
2069/70,2012/13,Jumla,Karnali,Mountain,Mid-Western,Cataract,50
2069/70,2012/13,Jumla,Karnali,Mountain,Mid-Western,Conjuntivitis,2043
2069/70,2012/13,Jumla,Karnali,Mountain,Mid-Western,Trachoma,104
2070/71,2013/14,Jumla,Karnali,Mountain,Mid-Western,Blindness,33
2070/71,2013/14,Jumla,Karnali,Mountain,Mid-Western,Cataract,5
2070/71,2013/14,Jumla,Karnali,Mountain,Mid-Western,Conjuntivitis,2481
2070/71,2013/14,Jumla,Karnali,Mountain,Mid-Western,Trachoma,99
2066/67,2009/10,Kailali,Seti,Terai,Far-Western,Blindness,97
2066/67,2009/10,Kailali,Seti,Terai,Far-Western,Cataract,136
2066/67,2009/10,Kailali,Seti,Terai,Far-Western,Conjuntivitis,8078
2066/67,2009/10,Kailali,Seti,Terai,Far-Western,Trachoma,55
2067/68,2010/11,Kailali,Seti,Terai,Far-Western,Blindness,102
2067/68,2010/11,Kailali,Seti,Terai,Far-Western,Cataract,164
2067/68,2010/11,Kailali,Seti,Terai,Far-Western,Conjuntivitis,8351
2067/68,2010/11,Kailali,Seti,Terai,Far-Western,Trachoma,73
2068/69,2011/12,Kailali,Seti,Terai,Far-Western,Blindness,66
2068/69,2011/12,Kailali,Seti,Terai,Far-Western,Cataract,115
2068/69,2011/12,Kailali,Seti,Terai,Far-Western,Conjuntivitis,8494
2068/69,2011/12,Kailali,Seti,Terai,Far-Western,Trachoma,66
2069/70,2012/13,Kailali,Seti,Terai,Far-Western,Blindness,86
2069/70,2012/13,Kailali,Seti,Terai,Far-Western,Cataract,68
2069/70,2012/13,Kailali,Seti,Terai,Far-Western,Conjuntivitis,9108
2069/70,2012/13,Kailali,Seti,Terai,Far-Western,Trachoma,36
2070/71,2013/14,Kailali,Seti,Terai,Far-Western,Blindness,111
2070/71,2013/14,Kailali,Seti,Terai,Far-Western,Cataract,92
2070/71,2013/14,Kailali,Seti,Terai,Far-Western,Conjuntivitis,8181
2070/71,2013/14,Kailali,Seti,Terai,Far-Western,Trachoma,19
2066/67,2009/10,Kalikot,Karnali,Mountain,Mid-Western,Blindness,41
2066/67,2009/10,Kalikot,Karnali,Mountain,Mid-Western,Cataract,26
2066/67,2009/10,Kalikot,Karnali,Mountain,Mid-Western,Conjuntivitis,951
2066/67,2009/10,Kalikot,Karnali,Mountain,Mid-Western,Trachoma,76
2067/68,2010/11,Kalikot,Karnali,Mountain,Mid-Western,Blindness,37
2067/68,2010/11,Kalikot,Karnali,Mountain,Mid-Western,Cataract,12
2067/68,2010/11,Kalikot,Karnali,Mountain,Mid-Western,Conjuntivitis,1057
2067/68,2010/11,Kalikot,Karnali,Mountain,Mid-Western,Trachoma,58
2068/69,2011/12,Kalikot,Karnali,Mountain,Mid-Western,Blindness,81
2068/69,2011/12,Kalikot,Karnali,Mountain,Mid-Western,Cataract,25
2068/69,2011/12,Kalikot,Karnali,Mountain,Mid-Western,Conjuntivitis,1236
2068/69,2011/12,Kalikot,Karnali,Mountain,Mid-Western,Trachoma,78
2069/70,2012/13,Kalikot,Karnali,Mountain,Mid-Western,Blindness,110
2069/70,2012/13,Kalikot,Karnali,Mountain,Mid-Western,Cataract,25
2069/70,2012/13,Kalikot,Karnali,Mountain,Mid-Western,Conjuntivitis,1873
2069/70,2012/13,Kalikot,Karnali,Mountain,Mid-Western,Trachoma,119
2070/71,2013/14,Kalikot,Karnali,Mountain,Mid-Western,Blindness,78
2070/71,2013/14,Kalikot,Karnali,Mountain,Mid-Western,Cataract,29
2070/71,2013/14,Kalikot,Karnali,Mountain,Mid-Western,Conjuntivitis,1794
2070/71,2013/14,Kalikot,Karnali,Mountain,Mid-Western,Trachoma,136
2066/67,2009/10,Kanchanpur,Mahakali,Terai,Far-Western,Blindness,52
2066/67,2009/10,Kanchanpur,Mahakali,Terai,Far-Western,Cataract,41
2066/67,2009/10,Kanchanpur,Mahakali,Terai,Far-Western,Conjuntivitis,3522
2066/67,2009/10,Kanchanpur,Mahakali,Terai,Far-Western,Trachoma,9
2067/68,2010/11,Kanchanpur,Mahakali,Terai,Far-Western,Blindness,39
2067/68,2010/11,Kanchanpur,Mahakali,Terai,Far-Western,Cataract,11
2067/68,2010/11,Kanchanpur,Mahakali,Terai,Far-Western,Conjuntivitis,4654
2067/68,2010/11,Kanchanpur,Mahakali,Terai,Far-Western,Trachoma,17
2068/69,2011/12,Kanchanpur,Mahakali,Terai,Far-Western,Blindness,49
2068/69,2011/12,Kanchanpur,Mahakali,Terai,Far-Western,Cataract,21
2068/69,2011/12,Kanchanpur,Mahakali,Terai,Far-Western,Conjuntivitis,4731
2068/69,2011/12,Kanchanpur,Mahakali,Terai,Far-Western,Trachoma,8
2069/70,2012/13,Kanchanpur,Mahakali,Terai,Far-Western,Blindness,49
2069/70,2012/13,Kanchanpur,Mahakali,Terai,Far-Western,Cataract,9
2069/70,2012/13,Kanchanpur,Mahakali,Terai,Far-Western,Conjuntivitis,4895
2069/70,2012/13,Kanchanpur,Mahakali,Terai,Far-Western,Trachoma,8
2070/71,2013/14,Kanchanpur,Mahakali,Terai,Far-Western,Blindness,21
2070/71,2013/14,Kanchanpur,Mahakali,Terai,Far-Western,Cataract,3
2070/71,2013/14,Kanchanpur,Mahakali,Terai,Far-Western,Conjuntivitis,4751
2070/71,2013/14,Kanchanpur,Mahakali,Terai,Far-Western,Trachoma,0
2066/67,2009/10,Kapilbastu,Lumbini,Terai,Western,Blindness,171
2066/67,2009/10,Kapilbastu,Lumbini,Terai,Western,Cataract,11
2066/67,2009/10,Kapilbastu,Lumbini,Terai,Western,Conjuntivitis,8286
2066/67,2009/10,Kapilbastu,Lumbini,Terai,Western,Trachoma,175
2067/68,2010/11,Kapilbastu,Lumbini,Terai,Western,Blindness,186
2067/68,2010/11,Kapilbastu,Lumbini,Terai,Western,Cataract,25
2067/68,2010/11,Kapilbastu,Lumbini,Terai,Western,Conjuntivitis,9028
2067/68,2010/11,Kapilbastu,Lumbini,Terai,Western,Trachoma,514
2068/69,2011/12,Kapilbastu,Lumbini,Terai,Western,Blindness,161
2068/69,2011/12,Kapilbastu,Lumbini,Terai,Western,Cataract,68
2068/69,2011/12,Kapilbastu,Lumbini,Terai,Western,Conjuntivitis,11082
2068/69,2011/12,Kapilbastu,Lumbini,Terai,Western,Trachoma,341
2069/70,2012/13,Kapilbastu,Lumbini,Terai,Western,Blindness,191
2069/70,2012/13,Kapilbastu,Lumbini,Terai,Western,Cataract,65
2069/70,2012/13,Kapilbastu,Lumbini,Terai,Western,Conjuntivitis,13362
2069/70,2012/13,Kapilbastu,Lumbini,Terai,Western,Trachoma,100
2070/71,2013/14,Kapilbastu,Lumbini,Terai,Western,Blindness,167
2070/71,2013/14,Kapilbastu,Lumbini,Terai,Western,Cataract,249
2070/71,2013/14,Kapilbastu,Lumbini,Terai,Western,Conjuntivitis,12915
2070/71,2013/14,Kapilbastu,Lumbini,Terai,Western,Trachoma,277
2066/67,2009/10,Kaski,Gandaki,Hill,Western,Blindness,62
2066/67,2009/10,Kaski,Gandaki,Hill,Western,Cataract,1681
2066/67,2009/10,Kaski,Gandaki,Hill,Western,Conjuntivitis,6157
2066/67,2009/10,Kaski,Gandaki,Hill,Western,Trachoma,667
2067/68,2010/11,Kaski,Gandaki,Hill,Western,Blindness,244
2067/68,2010/11,Kaski,Gandaki,Hill,Western,Cataract,1395
2067/68,2010/11,Kaski,Gandaki,Hill,Western,Conjuntivitis,7847
2067/68,2010/11,Kaski,Gandaki,Hill,Western,Trachoma,125
2068/69,2011/12,Kaski,Gandaki,Hill,Western,Blindness,110
2068/69,2011/12,Kaski,Gandaki,Hill,Western,Cataract,1612
2068/69,2011/12,Kaski,Gandaki,Hill,Western,Conjuntivitis,7646
2068/69,2011/12,Kaski,Gandaki,Hill,Western,Trachoma,218
2069/70,2012/13,Kaski,Gandaki,Hill,Western,Blindness,230
2069/70,2012/13,Kaski,Gandaki,Hill,Western,Cataract,1939
2069/70,2012/13,Kaski,Gandaki,Hill,Western,Conjuntivitis,8902
2069/70,2012/13,Kaski,Gandaki,Hill,Western,Trachoma,467
2070/71,2013/14,Kaski,Gandaki,Hill,Western,Blindness,1185
2070/71,2013/14,Kaski,Gandaki,Hill,Western,Cataract,1985
2070/71,2013/14,Kaski,Gandaki,Hill,Western,Conjuntivitis,9383
2070/71,2013/14,Kaski,Gandaki,Hill,Western,Trachoma,431
2066/67,2009/10,Kathmandu,Bagmati,Hill,Central,Blindness,720
2066/67,2009/10,Kathmandu,Bagmati,Hill,Central,Cataract,326
2066/67,2009/10,Kathmandu,Bagmati,Hill,Central,Conjuntivitis,10653
2066/67,2009/10,Kathmandu,Bagmati,Hill,Central,Trachoma,360
2067/68,2010/11,Kathmandu,Bagmati,Hill,Central,Blindness,603
2067/68,2010/11,Kathmandu,Bagmati,Hill,Central,Cataract,326
2067/68,2010/11,Kathmandu,Bagmati,Hill,Central,Conjuntivitis,10563
2067/68,2010/11,Kathmandu,Bagmati,Hill,Central,Trachoma,302
2068/69,2011/12,Kathmandu,Bagmati,Hill,Central,Blindness,1106
2068/69,2011/12,Kathmandu,Bagmati,Hill,Central,Cataract,430
2068/69,2011/12,Kathmandu,Bagmati,Hill,Central,Conjuntivitis,9658
2068/69,2011/12,Kathmandu,Bagmati,Hill,Central,Trachoma,250
2069/70,2012/13,Kathmandu,Bagmati,Hill,Central,Blindness,2373
2069/70,2012/13,Kathmandu,Bagmati,Hill,Central,Cataract,875
2069/70,2012/13,Kathmandu,Bagmati,Hill,Central,Conjuntivitis,12586
2069/70,2012/13,Kathmandu,Bagmati,Hill,Central,Trachoma,179
2070/71,2013/14,Kathmandu,Bagmati,Hill,Central,Blindness,3880
2070/71,2013/14,Kathmandu,Bagmati,Hill,Central,Cataract,1687
2070/71,2013/14,Kathmandu,Bagmati,Hill,Central,Conjuntivitis,15111
2070/71,2013/14,Kathmandu,Bagmati,Hill,Central,Trachoma,391
2066/67,2009/10,Kavre,Bagmati,Hill,Central,Blindness,1354
2066/67,2009/10,Kavre,Bagmati,Hill,Central,Cataract,154
2066/67,2009/10,Kavre,Bagmati,Hill,Central,Conjuntivitis,17844
2066/67,2009/10,Kavre,Bagmati,Hill,Central,Trachoma,101
2067/68,2010/11,Kavre,Bagmati,Hill,Central,Blindness,1451
2067/68,2010/11,Kavre,Bagmati,Hill,Central,Cataract,126
2067/68,2010/11,Kavre,Bagmati,Hill,Central,Conjuntivitis,16656
2067/68,2010/11,Kavre,Bagmati,Hill,Central,Trachoma,21
2068/69,2011/12,Kavre,Bagmati,Hill,Central,Blindness,1698
2068/69,2011/12,Kavre,Bagmati,Hill,Central,Cataract,225
2068/69,2011/12,Kavre,Bagmati,Hill,Central,Conjuntivitis,16374
2068/69,2011/12,Kavre,Bagmati,Hill,Central,Trachoma,53
2069/70,2012/13,Kavre,Bagmati,Hill,Central,Blindness,1560
2069/70,2012/13,Kavre,Bagmati,Hill,Central,Cataract,173
2069/70,2012/13,Kavre,Bagmati,Hill,Central,Conjuntivitis,19316
2069/70,2012/13,Kavre,Bagmati,Hill,Central,Trachoma,300
2070/71,2013/14,Kavre,Bagmati,Hill,Central,Blindness,1738
2070/71,2013/14,Kavre,Bagmati,Hill,Central,Cataract,246
2070/71,2013/14,Kavre,Bagmati,Hill,Central,Conjuntivitis,17323
2070/71,2013/14,Kavre,Bagmati,Hill,Central,Trachoma,26
2066/67,2009/10,Khotang,Sagarmatha,Hill,Eastern,Blindness,172
2066/67,2009/10,Khotang,Sagarmatha,Hill,Eastern,Cataract,26
2066/67,2009/10,Khotang,Sagarmatha,Hill,Eastern,Conjuntivitis,5668
2066/67,2009/10,Khotang,Sagarmatha,Hill,Eastern,Trachoma,195
2067/68,2010/11,Khotang,Sagarmatha,Hill,Eastern,Blindness,63
2067/68,2010/11,Khotang,Sagarmatha,Hill,Eastern,Cataract,27
2067/68,2010/11,Khotang,Sagarmatha,Hill,Eastern,Conjuntivitis,5276
2067/68,2010/11,Khotang,Sagarmatha,Hill,Eastern,Trachoma,266
2068/69,2011/12,Khotang,Sagarmatha,Hill,Eastern,Blindness,73
2068/69,2011/12,Khotang,Sagarmatha,Hill,Eastern,Cataract,33
2068/69,2011/12,Khotang,Sagarmatha,Hill,Eastern,Conjuntivitis,6269
2068/69,2011/12,Khotang,Sagarmatha,Hill,Eastern,Trachoma,131
2069/70,2012/13,Khotang,Sagarmatha,Hill,Eastern,Blindness,33
2069/70,2012/13,Khotang,Sagarmatha,Hill,Eastern,Cataract,31
2069/70,2012/13,Khotang,Sagarmatha,Hill,Eastern,Conjuntivitis,6721
2069/70,2012/13,Khotang,Sagarmatha,Hill,Eastern,Trachoma,1
2070/71,2013/14,Khotang,Sagarmatha,Hill,Eastern,Blindness,16
2070/71,2013/14,Khotang,Sagarmatha,Hill,Eastern,Cataract,11
2070/71,2013/14,Khotang,Sagarmatha,Hill,Eastern,Conjuntivitis,5534
2070/71,2013/14,Khotang,Sagarmatha,Hill,Eastern,Trachoma,21
2066/67,2009/10,Lalitpur,Bagmati,Hill,Central,Blindness,0
2066/67,2009/10,Lalitpur,Bagmati,Hill,Central,Cataract,0
2066/67,2009/10,Lalitpur,Bagmati,Hill,Central,Conjuntivitis,0
2066/67,2009/10,Lalitpur,Bagmati,Hill,Central,Trachoma,0
2067/68,2010/11,Lalitpur,Bagmati,Hill,Central,Blindness,0
2067/68,2010/11,Lalitpur,Bagmati,Hill,Central,Cataract,0
2067/68,2010/11,Lalitpur,Bagmati,Hill,Central,Conjuntivitis,0
2067/68,2010/11,Lalitpur,Bagmati,Hill,Central,Trachoma,0
2068/69,2011/12,Lalitpur,Bagmati,Hill,Central,Blindness,0
2068/69,2011/12,Lalitpur,Bagmati,Hill,Central,Cataract,0
2068/69,2011/12,Lalitpur,Bagmati,Hill,Central,Conjuntivitis,0
2068/69,2011/12,Lalitpur,Bagmati,Hill,Central,Trachoma,0
2069/70,2012/13,Lalitpur,Bagmati,Hill,Central,Blindness,0
2069/70,2012/13,Lalitpur,Bagmati,Hill,Central,Cataract,0
2069/70,2012/13,Lalitpur,Bagmati,Hill,Central,Conjuntivitis,0
2069/70,2012/13,Lalitpur,Bagmati,Hill,Central,Trachoma,0
2070/71,2013/14,Lalitpur,Bagmati,Hill,Central,Blindness,0
2070/71,2013/14,Lalitpur,Bagmati,Hill,Central,Cataract,0
2070/71,2013/14,Lalitpur,Bagmati,Hill,Central,Conjuntivitis,0
2070/71,2013/14,Lalitpur,Bagmati,Hill,Central,Trachoma,0
2066/67,2009/10,Lamjung,Gandaki,Hill,Western,Blindness,24
2066/67,2009/10,Lamjung,Gandaki,Hill,Western,Cataract,151
2066/67,2009/10,Lamjung,Gandaki,Hill,Western,Conjuntivitis,4858
2066/67,2009/10,Lamjung,Gandaki,Hill,Western,Trachoma,21
2067/68,2010/11,Lamjung,Gandaki,Hill,Western,Blindness,96
2067/68,2010/11,Lamjung,Gandaki,Hill,Western,Cataract,105
2067/68,2010/11,Lamjung,Gandaki,Hill,Western,Conjuntivitis,4913
2067/68,2010/11,Lamjung,Gandaki,Hill,Western,Trachoma,409
2068/69,2011/12,Lamjung,Gandaki,Hill,Western,Blindness,306
2068/69,2011/12,Lamjung,Gandaki,Hill,Western,Cataract,212
2068/69,2011/12,Lamjung,Gandaki,Hill,Western,Conjuntivitis,5205
2068/69,2011/12,Lamjung,Gandaki,Hill,Western,Trachoma,71
2069/70,2012/13,Lamjung,Gandaki,Hill,Western,Blindness,72
2069/70,2012/13,Lamjung,Gandaki,Hill,Western,Cataract,351
2069/70,2012/13,Lamjung,Gandaki,Hill,Western,Conjuntivitis,5778
2069/70,2012/13,Lamjung,Gandaki,Hill,Western,Trachoma,87
2070/71,2013/14,Lamjung,Gandaki,Hill,Western,Blindness,24
2070/71,2013/14,Lamjung,Gandaki,Hill,Western,Cataract,1154
2070/71,2013/14,Lamjung,Gandaki,Hill,Western,Conjuntivitis,6266
2070/71,2013/14,Lamjung,Gandaki,Hill,Western,Trachoma,292
2066/67,2009/10,Mahottari,Janakpur,Terai,Central,Blindness,400
2066/67,2009/10,Mahottari,Janakpur,Terai,Central,Cataract,108
2066/67,2009/10,Mahottari,Janakpur,Terai,Central,Conjuntivitis,6687
2066/67,2009/10,Mahottari,Janakpur,Terai,Central,Trachoma,97
2067/68,2010/11,Mahottari,Janakpur,Terai,Central,Blindness,275
2067/68,2010/11,Mahottari,Janakpur,Terai,Central,Cataract,65
2067/68,2010/11,Mahottari,Janakpur,Terai,Central,Conjuntivitis,5460
2067/68,2010/11,Mahottari,Janakpur,Terai,Central,Trachoma,37
2068/69,2011/12,Mahottari,Janakpur,Terai,Central,Blindness,307
2068/69,2011/12,Mahottari,Janakpur,Terai,Central,Cataract,144
2068/69,2011/12,Mahottari,Janakpur,Terai,Central,Conjuntivitis,7210
2068/69,2011/12,Mahottari,Janakpur,Terai,Central,Trachoma,86
2069/70,2012/13,Mahottari,Janakpur,Terai,Central,Blindness,262
2069/70,2012/13,Mahottari,Janakpur,Terai,Central,Cataract,58
2069/70,2012/13,Mahottari,Janakpur,Terai,Central,Conjuntivitis,9090
2069/70,2012/13,Mahottari,Janakpur,Terai,Central,Trachoma,118
2070/71,2013/14,Mahottari,Janakpur,Terai,Central,Blindness,272
2070/71,2013/14,Mahottari,Janakpur,Terai,Central,Cataract,52
2070/71,2013/14,Mahottari,Janakpur,Terai,Central,Conjuntivitis,8859
2070/71,2013/14,Mahottari,Janakpur,Terai,Central,Trachoma,55
2066/67,2009/10,Makwanpur,Narayani,Hill,Central,Blindness,259
2066/67,2009/10,Makwanpur,Narayani,Hill,Central,Cataract,1162
2066/67,2009/10,Makwanpur,Narayani,Hill,Central,Conjuntivitis,11895
2066/67,2009/10,Makwanpur,Narayani,Hill,Central,Trachoma,429
2067/68,2010/11,Makwanpur,Narayani,Hill,Central,Blindness,405
2067/68,2010/11,Makwanpur,Narayani,Hill,Central,Cataract,1267
2067/68,2010/11,Makwanpur,Narayani,Hill,Central,Conjuntivitis,12093
2067/68,2010/11,Makwanpur,Narayani,Hill,Central,Trachoma,248
2068/69,2011/12,Makwanpur,Narayani,Hill,Central,Blindness,287
2068/69,2011/12,Makwanpur,Narayani,Hill,Central,Cataract,824
2068/69,2011/12,Makwanpur,Narayani,Hill,Central,Conjuntivitis,5952
2068/69,2011/12,Makwanpur,Narayani,Hill,Central,Trachoma,131
2069/70,2012/13,Makwanpur,Narayani,Hill,Central,Blindness,288
2069/70,2012/13,Makwanpur,Narayani,Hill,Central,Cataract,737
2069/70,2012/13,Makwanpur,Narayani,Hill,Central,Conjuntivitis,7362
2069/70,2012/13,Makwanpur,Narayani,Hill,Central,Trachoma,64
2070/71,2013/14,Makwanpur,Narayani,Hill,Central,Blindness,291
2070/71,2013/14,Makwanpur,Narayani,Hill,Central,Cataract,654
2070/71,2013/14,Makwanpur,Narayani,Hill,Central,Conjuntivitis,5627
2070/71,2013/14,Makwanpur,Narayani,Hill,Central,Trachoma,28
2066/67,2009/10,Manang,Gandaki,Mountain,Western,Blindness,0
2066/67,2009/10,Manang,Gandaki,Mountain,Western,Cataract,0
2066/67,2009/10,Manang,Gandaki,Mountain,Western,Conjuntivitis,503
2066/67,2009/10,Manang,Gandaki,Mountain,Western,Trachoma,1
2067/68,2010/11,Manang,Gandaki,Mountain,Western,Blindness,0
2067/68,2010/11,Manang,Gandaki,Mountain,Western,Cataract,1
2067/68,2010/11,Manang,Gandaki,Mountain,Western,Conjuntivitis,589
2067/68,2010/11,Manang,Gandaki,Mountain,Western,Trachoma,0
2068/69,2011/12,Manang,Gandaki,Mountain,Western,Blindness,1
2068/69,2011/12,Manang,Gandaki,Mountain,Western,Cataract,0
2068/69,2011/12,Manang,Gandaki,Mountain,Western,Conjuntivitis,544
2068/69,2011/12,Manang,Gandaki,Mountain,Western,Trachoma,0
2069/70,2012/13,Manang,Gandaki,Mountain,Western,Blindness,2
2069/70,2012/13,Manang,Gandaki,Mountain,Western,Cataract,0
2069/70,2012/13,Manang,Gandaki,Mountain,Western,Conjuntivitis,594
2069/70,2012/13,Manang,Gandaki,Mountain,Western,Trachoma,0
2070/71,2013/14,Manang,Gandaki,Mountain,Western,Blindness,0
2070/71,2013/14,Manang,Gandaki,Mountain,Western,Cataract,0
2070/71,2013/14,Manang,Gandaki,Mountain,Western,Conjuntivitis,564
2070/71,2013/14,Manang,Gandaki,Mountain,Western,Trachoma,1
2066/67,2009/10,Morang,Kosi,Terai,Eastern,Blindness,179
2066/67,2009/10,Morang,Kosi,Terai,Eastern,Cataract,117
2066/67,2009/10,Morang,Kosi,Terai,Eastern,Conjuntivitis,9405
2066/67,2009/10,Morang,Kosi,Terai,Eastern,Trachoma,115
2067/68,2010/11,Morang,Kosi,Terai,Eastern,Blindness,937
2067/68,2010/11,Morang,Kosi,Terai,Eastern,Cataract,34697
2067/68,2010/11,Morang,Kosi,Terai,Eastern,Conjuntivitis,12744
2067/68,2010/11,Morang,Kosi,Terai,Eastern,Trachoma,68
2068/69,2011/12,Morang,Kosi,Terai,Eastern,Blindness,639
2068/69,2011/12,Morang,Kosi,Terai,Eastern,Cataract,17470
2068/69,2011/12,Morang,Kosi,Terai,Eastern,Conjuntivitis,10630
2068/69,2011/12,Morang,Kosi,Terai,Eastern,Trachoma,101
2069/70,2012/13,Morang,Kosi,Terai,Eastern,Blindness,327
2069/70,2012/13,Morang,Kosi,Terai,Eastern,Cataract,68055
2069/70,2012/13,Morang,Kosi,Terai,Eastern,Conjuntivitis,18279
2069/70,2012/13,Morang,Kosi,Terai,Eastern,Trachoma,211
2070/71,2013/14,Morang,Kosi,Terai,Eastern,Blindness,429
2070/71,2013/14,Morang,Kosi,Terai,Eastern,Cataract,74293
2070/71,2013/14,Morang,Kosi,Terai,Eastern,Conjuntivitis,21298
2070/71,2013/14,Morang,Kosi,Terai,Eastern,Trachoma,247
2066/67,2009/10,Mugu,Karnali,Mountain,Mid-Western,Blindness,29
2066/67,2009/10,Mugu,Karnali,Mountain,Mid-Western,Cataract,14
2066/67,2009/10,Mugu,Karnali,Mountain,Mid-Western,Conjuntivitis,1088
2066/67,2009/10,Mugu,Karnali,Mountain,Mid-Western,Trachoma,76
2067/68,2010/11,Mugu,Karnali,Mountain,Mid-Western,Blindness,32
2067/68,2010/11,Mugu,Karnali,Mountain,Mid-Western,Cataract,16
2067/68,2010/11,Mugu,Karnali,Mountain,Mid-Western,Conjuntivitis,1173
2067/68,2010/11,Mugu,Karnali,Mountain,Mid-Western,Trachoma,41
2068/69,2011/12,Mugu,Karnali,Mountain,Mid-Western,Blindness,31
2068/69,2011/12,Mugu,Karnali,Mountain,Mid-Western,Cataract,28
2068/69,2011/12,Mugu,Karnali,Mountain,Mid-Western,Conjuntivitis,1087
2068/69,2011/12,Mugu,Karnali,Mountain,Mid-Western,Trachoma,14
2069/70,2012/13,Mugu,Karnali,Mountain,Mid-Western,Blindness,48
2069/70,2012/13,Mugu,Karnali,Mountain,Mid-Western,Cataract,61
2069/70,2012/13,Mugu,Karnali,Mountain,Mid-Western,Conjuntivitis,1192
2069/70,2012/13,Mugu,Karnali,Mountain,Mid-Western,Trachoma,31
2070/71,2013/14,Mugu,Karnali,Mountain,Mid-Western,Blindness,20
2070/71,2013/14,Mugu,Karnali,Mountain,Mid-Western,Cataract,31
2070/71,2013/14,Mugu,Karnali,Mountain,Mid-Western,Conjuntivitis,1111
2070/71,2013/14,Mugu,Karnali,Mountain,Mid-Western,Trachoma,59
2066/67,2009/10,Mustang,Dhawalagiri,Mountain,Western,Blindness,4
2066/67,2009/10,Mustang,Dhawalagiri,Mountain,Western,Cataract,3
2066/67,2009/10,Mustang,Dhawalagiri,Mountain,Western,Conjuntivitis,873
2066/67,2009/10,Mustang,Dhawalagiri,Mountain,Western,Trachoma,21
2067/68,2010/11,Mustang,Dhawalagiri,Mountain,Western,Blindness,0
2067/68,2010/11,Mustang,Dhawalagiri,Mountain,Western,Cataract,1
2067/68,2010/11,Mustang,Dhawalagiri,Mountain,Western,Conjuntivitis,741
2067/68,2010/11,Mustang,Dhawalagiri,Mountain,Western,Trachoma,3
2068/69,2011/12,Mustang,Dhawalagiri,Mountain,Western,Blindness,0
2068/69,2011/12,Mustang,Dhawalagiri,Mountain,Western,Cataract,2
2068/69,2011/12,Mustang,Dhawalagiri,Mountain,Western,Conjuntivitis,691
2068/69,2011/12,Mustang,Dhawalagiri,Mountain,Western,Trachoma,0
2069/70,2012/13,Mustang,Dhawalagiri,Mountain,Western,Blindness,2
2069/70,2012/13,Mustang,Dhawalagiri,Mountain,Western,Cataract,4
2069/70,2012/13,Mustang,Dhawalagiri,Mountain,Western,Conjuntivitis,695
2069/70,2012/13,Mustang,Dhawalagiri,Mountain,Western,Trachoma,14
2070/71,2013/14,Mustang,Dhawalagiri,Mountain,Western,Blindness,5
2070/71,2013/14,Mustang,Dhawalagiri,Mountain,Western,Cataract,1
2070/71,2013/14,Mustang,Dhawalagiri,Mountain,Western,Conjuntivitis,587
2070/71,2013/14,Mustang,Dhawalagiri,Mountain,Western,Trachoma,0
2066/67,2009/10,Myagdi,Dhawalagiri,Hill,Western,Blindness,24
2066/67,2009/10,Myagdi,Dhawalagiri,Hill,Western,Cataract,1
2066/67,2009/10,Myagdi,Dhawalagiri,Hill,Western,Conjuntivitis,4158
2066/67,2009/10,Myagdi,Dhawalagiri,Hill,Western,Trachoma,103
2067/68,2010/11,Myagdi,Dhawalagiri,Hill,Western,Blindness,8
2067/68,2010/11,Myagdi,Dhawalagiri,Hill,Western,Cataract,1
2067/68,2010/11,Myagdi,Dhawalagiri,Hill,Western,Conjuntivitis,3939
2067/68,2010/11,Myagdi,Dhawalagiri,Hill,Western,Trachoma,62
2068/69,2011/12,Myagdi,Dhawalagiri,Hill,Western,Blindness,1037
2068/69,2011/12,Myagdi,Dhawalagiri,Hill,Western,Cataract,61
2068/69,2011/12,Myagdi,Dhawalagiri,Hill,Western,Conjuntivitis,3272
2068/69,2011/12,Myagdi,Dhawalagiri,Hill,Western,Trachoma,245
2069/70,2012/13,Myagdi,Dhawalagiri,Hill,Western,Blindness,2722
2069/70,2012/13,Myagdi,Dhawalagiri,Hill,Western,Cataract,72
2069/70,2012/13,Myagdi,Dhawalagiri,Hill,Western,Conjuntivitis,2851
2069/70,2012/13,Myagdi,Dhawalagiri,Hill,Western,Trachoma,141
2070/71,2013/14,Myagdi,Dhawalagiri,Hill,Western,Blindness,4917
2070/71,2013/14,Myagdi,Dhawalagiri,Hill,Western,Cataract,11
2070/71,2013/14,Myagdi,Dhawalagiri,Hill,Western,Conjuntivitis,3485
2070/71,2013/14,Myagdi,Dhawalagiri,Hill,Western,Trachoma,80
2066/67,2009/10,Nawalparasi,Lumbini,Terai,Western,Blindness,71
2066/67,2009/10,Nawalparasi,Lumbini,Terai,Western,Cataract,69
2066/67,2009/10,Nawalparasi,Lumbini,Terai,Western,Conjuntivitis,8664
2066/67,2009/10,Nawalparasi,Lumbini,Terai,Western,Trachoma,42
2067/68,2010/11,Nawalparasi,Lumbini,Terai,Western,Blindness,58
2067/68,2010/11,Nawalparasi,Lumbini,Terai,Western,Cataract,29
2067/68,2010/11,Nawalparasi,Lumbini,Terai,Western,Conjuntivitis,10946
2067/68,2010/11,Nawalparasi,Lumbini,Terai,Western,Trachoma,66
2068/69,2011/12,Nawalparasi,Lumbini,Terai,Western,Blindness,73
2068/69,2011/12,Nawalparasi,Lumbini,Terai,Western,Cataract,55
2068/69,2011/12,Nawalparasi,Lumbini,Terai,Western,Conjuntivitis,10490
2068/69,2011/12,Nawalparasi,Lumbini,Terai,Western,Trachoma,19
2069/70,2012/13,Nawalparasi,Lumbini,Terai,Western,Blindness,33
2069/70,2012/13,Nawalparasi,Lumbini,Terai,Western,Cataract,26
2069/70,2012/13,Nawalparasi,Lumbini,Terai,Western,Conjuntivitis,10219
2069/70,2012/13,Nawalparasi,Lumbini,Terai,Western,Trachoma,11
2070/71,2013/14,Nawalparasi,Lumbini,Terai,Western,Blindness,55
2070/71,2013/14,Nawalparasi,Lumbini,Terai,Western,Cataract,15
2070/71,2013/14,Nawalparasi,Lumbini,Terai,Western,Conjuntivitis,9783
2070/71,2013/14,Nawalparasi,Lumbini,Terai,Western,Trachoma,38
2066/67,2009/10,Nuwakot,Bagmati,Hill,Central,Blindness,263
2066/67,2009/10,Nuwakot,Bagmati,Hill,Central,Cataract,56
2066/67,2009/10,Nuwakot,Bagmati,Hill,Central,Conjuntivitis,3497
2066/67,2009/10,Nuwakot,Bagmati,Hill,Central,Trachoma,74
2067/68,2010/11,Nuwakot,Bagmati,Hill,Central,Blindness,207
2067/68,2010/11,Nuwakot,Bagmati,Hill,Central,Cataract,72
2067/68,2010/11,Nuwakot,Bagmati,Hill,Central,Conjuntivitis,5028
2067/68,2010/11,Nuwakot,Bagmati,Hill,Central,Trachoma,32
2068/69,2011/12,Nuwakot,Bagmati,Hill,Central,Blindness,169
2068/69,2011/12,Nuwakot,Bagmati,Hill,Central,Cataract,117
2068/69,2011/12,Nuwakot,Bagmati,Hill,Central,Conjuntivitis,4982
2068/69,2011/12,Nuwakot,Bagmati,Hill,Central,Trachoma,53
2069/70,2012/13,Nuwakot,Bagmati,Hill,Central,Blindness,198
2069/70,2012/13,Nuwakot,Bagmati,Hill,Central,Cataract,271
2069/70,2012/13,Nuwakot,Bagmati,Hill,Central,Conjuntivitis,5944
2069/70,2012/13,Nuwakot,Bagmati,Hill,Central,Trachoma,43
2070/71,2013/14,Nuwakot,Bagmati,Hill,Central,Blindness,308
2070/71,2013/14,Nuwakot,Bagmati,Hill,Central,Cataract,101
2070/71,2013/14,Nuwakot,Bagmati,Hill,Central,Conjuntivitis,5812
2070/71,2013/14,Nuwakot,Bagmati,Hill,Central,Trachoma,43
2066/67,2009/10,Okhaldhunga,Sagarmatha,Hill,Eastern,Blindness,167
2066/67,2009/10,Okhaldhunga,Sagarmatha,Hill,Eastern,Cataract,93
2066/67,2009/10,Okhaldhunga,Sagarmatha,Hill,Eastern,Conjuntivitis,5600
2066/67,2009/10,Okhaldhunga,Sagarmatha,Hill,Eastern,Trachoma,52
2067/68,2010/11,Okhaldhunga,Sagarmatha,Hill,Eastern,Blindness,48
2067/68,2010/11,Okhaldhunga,Sagarmatha,Hill,Eastern,Cataract,31
2067/68,2010/11,Okhaldhunga,Sagarmatha,Hill,Eastern,Conjuntivitis,5407
2067/68,2010/11,Okhaldhunga,Sagarmatha,Hill,Eastern,Trachoma,46
2068/69,2011/12,Okhaldhunga,Sagarmatha,Hill,Eastern,Blindness,77
2068/69,2011/12,Okhaldhunga,Sagarmatha,Hill,Eastern,Cataract,27
2068/69,2011/12,Okhaldhunga,Sagarmatha,Hill,Eastern,Conjuntivitis,5640
2068/69,2011/12,Okhaldhunga,Sagarmatha,Hill,Eastern,Trachoma,40
2069/70,2012/13,Okhaldhunga,Sagarmatha,Hill,Eastern,Blindness,78
2069/70,2012/13,Okhaldhunga,Sagarmatha,Hill,Eastern,Cataract,31
2069/70,2012/13,Okhaldhunga,Sagarmatha,Hill,Eastern,Conjuntivitis,4977
2069/70,2012/13,Okhaldhunga,Sagarmatha,Hill,Eastern,Trachoma,42
2070/71,2013/14,Okhaldhunga,Sagarmatha,Hill,Eastern,Blindness,24
2070/71,2013/14,Okhaldhunga,Sagarmatha,Hill,Eastern,Cataract,23
2070/71,2013/14,Okhaldhunga,Sagarmatha,Hill,Eastern,Conjuntivitis,5263
2070/71,2013/14,Okhaldhunga,Sagarmatha,Hill,Eastern,Trachoma,4
2066/67,2009/10,Palpa,Lumbini,Hill,Western,Blindness,31
2066/67,2009/10,Palpa,Lumbini,Hill,Western,Cataract,24
2066/67,2009/10,Palpa,Lumbini,Hill,Western,Conjuntivitis,7171
2066/67,2009/10,Palpa,Lumbini,Hill,Western,Trachoma,69
2067/68,2010/11,Palpa,Lumbini,Hill,Western,Blindness,63
2067/68,2010/11,Palpa,Lumbini,Hill,Western,Cataract,1494
2067/68,2010/11,Palpa,Lumbini,Hill,Western,Conjuntivitis,9559
2067/68,2010/11,Palpa,Lumbini,Hill,Western,Trachoma,53
2068/69,2011/12,Palpa,Lumbini,Hill,Western,Blindness,109
2068/69,2011/12,Palpa,Lumbini,Hill,Western,Cataract,1279
2068/69,2011/12,Palpa,Lumbini,Hill,Western,Conjuntivitis,9029
2068/69,2011/12,Palpa,Lumbini,Hill,Western,Trachoma,43
2069/70,2012/13,Palpa,Lumbini,Hill,Western,Blindness,297
2069/70,2012/13,Palpa,Lumbini,Hill,Western,Cataract,1425
2069/70,2012/13,Palpa,Lumbini,Hill,Western,Conjuntivitis,9138
2069/70,2012/13,Palpa,Lumbini,Hill,Western,Trachoma,316
2070/71,2013/14,Palpa,Lumbini,Hill,Western,Blindness,856
2070/71,2013/14,Palpa,Lumbini,Hill,Western,Cataract,1318
2070/71,2013/14,Palpa,Lumbini,Hill,Western,Conjuntivitis,6502
2070/71,2013/14,Palpa,Lumbini,Hill,Western,Trachoma,111
2066/67,2009/10,Panchthar,Mechi,Hill,Eastern,Blindness,32
2066/67,2009/10,Panchthar,Mechi,Hill,Eastern,Cataract,28
2066/67,2009/10,Panchthar,Mechi,Hill,Eastern,Conjuntivitis,6063
2066/67,2009/10,Panchthar,Mechi,Hill,Eastern,Trachoma,61
2067/68,2010/11,Panchthar,Mechi,Hill,Eastern,Blindness,34
2067/68,2010/11,Panchthar,Mechi,Hill,Eastern,Cataract,0
2067/68,2010/11,Panchthar,Mechi,Hill,Eastern,Conjuntivitis,3687
2067/68,2010/11,Panchthar,Mechi,Hill,Eastern,Trachoma,39
2068/69,2011/12,Panchthar,Mechi,Hill,Eastern,Blindness,24
2068/69,2011/12,Panchthar,Mechi,Hill,Eastern,Cataract,2
2068/69,2011/12,Panchthar,Mechi,Hill,Eastern,Conjuntivitis,4684
2068/69,2011/12,Panchthar,Mechi,Hill,Eastern,Trachoma,44
2069/70,2012/13,Panchthar,Mechi,Hill,Eastern,Blindness,15
2069/70,2012/13,Panchthar,Mechi,Hill,Eastern,Cataract,5
2069/70,2012/13,Panchthar,Mechi,Hill,Eastern,Conjuntivitis,4388
2069/70,2012/13,Panchthar,Mechi,Hill,Eastern,Trachoma,26
2070/71,2013/14,Panchthar,Mechi,Hill,Eastern,Blindness,5
2070/71,2013/14,Panchthar,Mechi,Hill,Eastern,Cataract,8
2070/71,2013/14,Panchthar,Mechi,Hill,Eastern,Conjuntivitis,4517
2070/71,2013/14,Panchthar,Mechi,Hill,Eastern,Trachoma,13
2066/67,2009/10,Parbat,Dhawalagiri,Hill,Western,Blindness,3
2066/67,2009/10,Parbat,Dhawalagiri,Hill,Western,Cataract,10
2066/67,2009/10,Parbat,Dhawalagiri,Hill,Western,Conjuntivitis,4989
2066/67,2009/10,Parbat,Dhawalagiri,Hill,Western,Trachoma,75
2067/68,2010/11,Parbat,Dhawalagiri,Hill,Western,Blindness,13
2067/68,2010/11,Parbat,Dhawalagiri,Hill,Western,Cataract,22
2067/68,2010/11,Parbat,Dhawalagiri,Hill,Western,Conjuntivitis,4928
2067/68,2010/11,Parbat,Dhawalagiri,Hill,Western,Trachoma,91
2068/69,2011/12,Parbat,Dhawalagiri,Hill,Western,Blindness,107
2068/69,2011/12,Parbat,Dhawalagiri,Hill,Western,Cataract,114
2068/69,2011/12,Parbat,Dhawalagiri,Hill,Western,Conjuntivitis,4446
2068/69,2011/12,Parbat,Dhawalagiri,Hill,Western,Trachoma,203
2069/70,2012/13,Parbat,Dhawalagiri,Hill,Western,Blindness,86
2069/70,2012/13,Parbat,Dhawalagiri,Hill,Western,Cataract,240
2069/70,2012/13,Parbat,Dhawalagiri,Hill,Western,Conjuntivitis,3821
2069/70,2012/13,Parbat,Dhawalagiri,Hill,Western,Trachoma,51
2070/71,2013/14,Parbat,Dhawalagiri,Hill,Western,Blindness,269
2070/71,2013/14,Parbat,Dhawalagiri,Hill,Western,Cataract,192
2070/71,2013/14,Parbat,Dhawalagiri,Hill,Western,Conjuntivitis,3269
2070/71,2013/14,Parbat,Dhawalagiri,Hill,Western,Trachoma,3
2066/67,2009/10,Parsa,Narayani,Terai,Central,Blindness,0
2066/67,2009/10,Parsa,Narayani,Terai,Central,Cataract,0
2066/67,2009/10,Parsa,Narayani,Terai,Central,Conjuntivitis,0
2066/67,2009/10,Parsa,Narayani,Terai,Central,Trachoma,0
2067/68,2010/11,Parsa,Narayani,Terai,Central,Blindness,0
2067/68,2010/11,Parsa,Narayani,Terai,Central,Cataract,0
2067/68,2010/11,Parsa,Narayani,Terai,Central,Conjuntivitis,0
2067/68,2010/11,Parsa,Narayani,Terai,Central,Trachoma,0
2068/69,2011/12,Parsa,Narayani,Terai,Central,Blindness,0
2068/69,2011/12,Parsa,Narayani,Terai,Central,Cataract,0
2068/69,2011/12,Parsa,Narayani,Terai,Central,Conjuntivitis,0
2068/69,2011/12,Parsa,Narayani,Terai,Central,Trachoma,0
2069/70,2012/13,Parsa,Narayani,Terai,Central,Blindness,0
2069/70,2012/13,Parsa,Narayani,Terai,Central,Cataract,0
2069/70,2012/13,Parsa,Narayani,Terai,Central,Conjuntivitis,0
2069/70,2012/13,Parsa,Narayani,Terai,Central,Trachoma,0
2070/71,2013/14,Parsa,Narayani,Terai,Central,Blindness,0
2070/71,2013/14,Parsa,Narayani,Terai,Central,Cataract,0
2070/71,2013/14,Parsa,Narayani,Terai,Central,Conjuntivitis,0
2070/71,2013/14,Parsa,Narayani,Terai,Central,Trachoma,0
2066/67,2009/10,Pyuthan,Rapti,Hill,Mid-Western,Blindness,9
2066/67,2009/10,Pyuthan,Rapti,Hill,Mid-Western,Cataract,28
2066/67,2009/10,Pyuthan,Rapti,Hill,Mid-Western,Conjuntivitis,6197
2066/67,2009/10,Pyuthan,Rapti,Hill,Mid-Western,Trachoma,64
2067/68,2010/11,Pyuthan,Rapti,Hill,Mid-Western,Blindness,7
2067/68,2010/11,Pyuthan,Rapti,Hill,Mid-Western,Cataract,10
2067/68,2010/11,Pyuthan,Rapti,Hill,Mid-Western,Conjuntivitis,5071
2067/68,2010/11,Pyuthan,Rapti,Hill,Mid-Western,Trachoma,32
2068/69,2011/12,Pyuthan,Rapti,Hill,Mid-Western,Blindness,5
2068/69,2011/12,Pyuthan,Rapti,Hill,Mid-Western,Cataract,10
2068/69,2011/12,Pyuthan,Rapti,Hill,Mid-Western,Conjuntivitis,5693
2068/69,2011/12,Pyuthan,Rapti,Hill,Mid-Western,Trachoma,11
2069/70,2012/13,Pyuthan,Rapti,Hill,Mid-Western,Blindness,1
2069/70,2012/13,Pyuthan,Rapti,Hill,Mid-Western,Cataract,13
2069/70,2012/13,Pyuthan,Rapti,Hill,Mid-Western,Conjuntivitis,6443
2069/70,2012/13,Pyuthan,Rapti,Hill,Mid-Western,Trachoma,1
2070/71,2013/14,Pyuthan,Rapti,Hill,Mid-Western,Blindness,7
2070/71,2013/14,Pyuthan,Rapti,Hill,Mid-Western,Cataract,18
2070/71,2013/14,Pyuthan,Rapti,Hill,Mid-Western,Conjuntivitis,6026
2070/71,2013/14,Pyuthan,Rapti,Hill,Mid-Western,Trachoma,18
2066/67,2009/10,Ramechhap,Janakpur,Hill,Central,Blindness,35
2066/67,2009/10,Ramechhap,Janakpur,Hill,Central,Cataract,195
2066/67,2009/10,Ramechhap,Janakpur,Hill,Central,Conjuntivitis,8082
2066/67,2009/10,Ramechhap,Janakpur,Hill,Central,Trachoma,102
2067/68,2010/11,Ramechhap,Janakpur,Hill,Central,Blindness,19
2067/68,2010/11,Ramechhap,Janakpur,Hill,Central,Cataract,384
2067/68,2010/11,Ramechhap,Janakpur,Hill,Central,Conjuntivitis,9837
2067/68,2010/11,Ramechhap,Janakpur,Hill,Central,Trachoma,43
2068/69,2011/12,Ramechhap,Janakpur,Hill,Central,Blindness,410
2068/69,2011/12,Ramechhap,Janakpur,Hill,Central,Cataract,148
2068/69,2011/12,Ramechhap,Janakpur,Hill,Central,Conjuntivitis,8423
2068/69,2011/12,Ramechhap,Janakpur,Hill,Central,Trachoma,330
2069/70,2012/13,Ramechhap,Janakpur,Hill,Central,Blindness,370
2069/70,2012/13,Ramechhap,Janakpur,Hill,Central,Cataract,129
2069/70,2012/13,Ramechhap,Janakpur,Hill,Central,Conjuntivitis,8820
2069/70,2012/13,Ramechhap,Janakpur,Hill,Central,Trachoma,172
2070/71,2013/14,Ramechhap,Janakpur,Hill,Central,Blindness,25
2070/71,2013/14,Ramechhap,Janakpur,Hill,Central,Cataract,54
2070/71,2013/14,Ramechhap,Janakpur,Hill,Central,Conjuntivitis,6194
2070/71,2013/14,Ramechhap,Janakpur,Hill,Central,Trachoma,100
2066/67,2009/10,Rasuwa,Bagmati,Mountain,Central,Blindness,18
2066/67,2009/10,Rasuwa,Bagmati,Mountain,Central,Cataract,15
2066/67,2009/10,Rasuwa,Bagmati,Mountain,Central,Conjuntivitis,1499
2066/67,2009/10,Rasuwa,Bagmati,Mountain,Central,Trachoma,6
2067/68,2010/11,Rasuwa,Bagmati,Mountain,Central,Blindness,28
2067/68,2010/11,Rasuwa,Bagmati,Mountain,Central,Cataract,8
2067/68,2010/11,Rasuwa,Bagmati,Mountain,Central,Conjuntivitis,1444
2067/68,2010/11,Rasuwa,Bagmati,Mountain,Central,Trachoma,4
2068/69,2011/12,Rasuwa,Bagmati,Mountain,Central,Blindness,37
2068/69,2011/12,Rasuwa,Bagmati,Mountain,Central,Cataract,10
2068/69,2011/12,Rasuwa,Bagmati,Mountain,Central,Conjuntivitis,2049
2068/69,2011/12,Rasuwa,Bagmati,Mountain,Central,Trachoma,12
2069/70,2012/13,Rasuwa,Bagmati,Mountain,Central,Blindness,26
2069/70,2012/13,Rasuwa,Bagmati,Mountain,Central,Cataract,64
2069/70,2012/13,Rasuwa,Bagmati,Mountain,Central,Conjuntivitis,2420
2069/70,2012/13,Rasuwa,Bagmati,Mountain,Central,Trachoma,11
2070/71,2013/14,Rasuwa,Bagmati,Mountain,Central,Blindness,35
2070/71,2013/14,Rasuwa,Bagmati,Mountain,Central,Cataract,50
2070/71,2013/14,Rasuwa,Bagmati,Mountain,Central,Conjuntivitis,2239
2070/71,2013/14,Rasuwa,Bagmati,Mountain,Central,Trachoma,3
2066/67,2009/10,Rautahat,Narayani,Terai,Central,Blindness,264
2066/67,2009/10,Rautahat,Narayani,Terai,Central,Cataract,97
2066/67,2009/10,Rautahat,Narayani,Terai,Central,Conjuntivitis,6154
2066/67,2009/10,Rautahat,Narayani,Terai,Central,Trachoma,101
2067/68,2010/11,Rautahat,Narayani,Terai,Central,Blindness,197
2067/68,2010/11,Rautahat,Narayani,Terai,Central,Cataract,108
2067/68,2010/11,Rautahat,Narayani,Terai,Central,Conjuntivitis,5618
2067/68,2010/11,Rautahat,Narayani,Terai,Central,Trachoma,191
2068/69,2011/12,Rautahat,Narayani,Terai,Central,Blindness,159
2068/69,2011/12,Rautahat,Narayani,Terai,Central,Cataract,93
2068/69,2011/12,Rautahat,Narayani,Terai,Central,Conjuntivitis,7333
2068/69,2011/12,Rautahat,Narayani,Terai,Central,Trachoma,110
2069/70,2012/13,Rautahat,Narayani,Terai,Central,Blindness,293
2069/70,2012/13,Rautahat,Narayani,Terai,Central,Cataract,66
2069/70,2012/13,Rautahat,Narayani,Terai,Central,Conjuntivitis,14377
2069/70,2012/13,Rautahat,Narayani,Terai,Central,Trachoma,210
2070/71,2013/14,Rautahat,Narayani,Terai,Central,Blindness,170
2070/71,2013/14,Rautahat,Narayani,Terai,Central,Cataract,86
2070/71,2013/14,Rautahat,Narayani,Terai,Central,Conjuntivitis,9304
2070/71,2013/14,Rautahat,Narayani,Terai,Central,Trachoma,105
2066/67,2009/10,Rolpa,Rapti,Hill,Mid-Western,Blindness,71
2066/67,2009/10,Rolpa,Rapti,Hill,Mid-Western,Cataract,220
2066/67,2009/10,Rolpa,Rapti,Hill,Mid-Western,Conjuntivitis,4336
2066/67,2009/10,Rolpa,Rapti,Hill,Mid-Western,Trachoma,69
2067/68,2010/11,Rolpa,Rapti,Hill,Mid-Western,Blindness,16
2067/68,2010/11,Rolpa,Rapti,Hill,Mid-Western,Cataract,71
2067/68,2010/11,Rolpa,Rapti,Hill,Mid-Western,Conjuntivitis,4764
2067/68,2010/11,Rolpa,Rapti,Hill,Mid-Western,Trachoma,36
2068/69,2011/12,Rolpa,Rapti,Hill,Mid-Western,Blindness,28
2068/69,2011/12,Rolpa,Rapti,Hill,Mid-Western,Cataract,30
2068/69,2011/12,Rolpa,Rapti,Hill,Mid-Western,Conjuntivitis,4341
2068/69,2011/12,Rolpa,Rapti,Hill,Mid-Western,Trachoma,8
2069/70,2012/13,Rolpa,Rapti,Hill,Mid-Western,Blindness,23
2069/70,2012/13,Rolpa,Rapti,Hill,Mid-Western,Cataract,20
2069/70,2012/13,Rolpa,Rapti,Hill,Mid-Western,Conjuntivitis,4355
2069/70,2012/13,Rolpa,Rapti,Hill,Mid-Western,Trachoma,20
2070/71,2013/14,Rolpa,Rapti,Hill,Mid-Western,Blindness,13
2070/71,2013/14,Rolpa,Rapti,Hill,Mid-Western,Cataract,21
2070/71,2013/14,Rolpa,Rapti,Hill,Mid-Western,Conjuntivitis,4272
2070/71,2013/14,Rolpa,Rapti,Hill,Mid-Western,Trachoma,13
2066/67,2009/10,Rukum,Rapti,Hill,Mid-Western,Blindness,40
2066/67,2009/10,Rukum,Rapti,Hill,Mid-Western,Cataract,8
2066/67,2009/10,Rukum,Rapti,Hill,Mid-Western,Conjuntivitis,3615
2066/67,2009/10,Rukum,Rapti,Hill,Mid-Western,Trachoma,74
2067/68,2010/11,Rukum,Rapti,Hill,Mid-Western,Blindness,12
2067/68,2010/11,Rukum,Rapti,Hill,Mid-Western,Cataract,4
2067/68,2010/11,Rukum,Rapti,Hill,Mid-Western,Conjuntivitis,3776
2067/68,2010/11,Rukum,Rapti,Hill,Mid-Western,Trachoma,113
2068/69,2011/12,Rukum,Rapti,Hill,Mid-Western,Blindness,10
2068/69,2011/12,Rukum,Rapti,Hill,Mid-Western,Cataract,18
2068/69,2011/12,Rukum,Rapti,Hill,Mid-Western,Conjuntivitis,3588
2068/69,2011/12,Rukum,Rapti,Hill,Mid-Western,Trachoma,98
2069/70,2012/13,Rukum,Rapti,Hill,Mid-Western,Blindness,10
2069/70,2012/13,Rukum,Rapti,Hill,Mid-Western,Cataract,10
2069/70,2012/13,Rukum,Rapti,Hill,Mid-Western,Conjuntivitis,3490
2069/70,2012/13,Rukum,Rapti,Hill,Mid-Western,Trachoma,116
2070/71,2013/14,Rukum,Rapti,Hill,Mid-Western,Blindness,1
2070/71,2013/14,Rukum,Rapti,Hill,Mid-Western,Cataract,12
2070/71,2013/14,Rukum,Rapti,Hill,Mid-Western,Conjuntivitis,3101
2070/71,2013/14,Rukum,Rapti,Hill,Mid-Western,Trachoma,1
2066/67,2009/10,Rupandehi,Lumbini,Terai,Western,Blindness,0
2066/67,2009/10,Rupandehi,Lumbini,Terai,Western,Cataract,0
2066/67,2009/10,Rupandehi,Lumbini,Terai,Western,Conjuntivitis,0
2066/67,2009/10,Rupandehi,Lumbini,Terai,Western,Trachoma,0
2067/68,2010/11,Rupandehi,Lumbini,Terai,Western,Blindness,0
2067/68,2010/11,Rupandehi,Lumbini,Terai,Western,Cataract,0
2067/68,2010/11,Rupandehi,Lumbini,Terai,Western,Conjuntivitis,0
2067/68,2010/11,Rupandehi,Lumbini,Terai,Western,Trachoma,0
2068/69,2011/12,Rupandehi,Lumbini,Terai,Western,Blindness,0
2068/69,2011/12,Rupandehi,Lumbini,Terai,Western,Cataract,0
2068/69,2011/12,Rupandehi,Lumbini,Terai,Western,Conjuntivitis,0
2068/69,2011/12,Rupandehi,Lumbini,Terai,Western,Trachoma,0
2069/70,2012/13,Rupandehi,Lumbini,Terai,Western,Blindness,0
2069/70,2012/13,Rupandehi,Lumbini,Terai,Western,Cataract,0
2069/70,2012/13,Rupandehi,Lumbini,Terai,Western,Conjuntivitis,0
2069/70,2012/13,Rupandehi,Lumbini,Terai,Western,Trachoma,0
2070/71,2013/14,Rupandehi,Lumbini,Terai,Western,Blindness,0
2070/71,2013/14,Rupandehi,Lumbini,Terai,Western,Cataract,0
2070/71,2013/14,Rupandehi,Lumbini,Terai,Western,Conjuntivitis,0
2070/71,2013/14,Rupandehi,Lumbini,Terai,Western,Trachoma,0
2066/67,2009/10,Salyan,Rapti,Hill,Mid-Western,Blindness,43
2066/67,2009/10,Salyan,Rapti,Hill,Mid-Western,Cataract,79
2066/67,2009/10,Salyan,Rapti,Hill,Mid-Western,Conjuntivitis,5538
2066/67,2009/10,Salyan,Rapti,Hill,Mid-Western,Trachoma,174
2067/68,2010/11,Salyan,Rapti,Hill,Mid-Western,Blindness,121
2067/68,2010/11,Salyan,Rapti,Hill,Mid-Western,Cataract,57
2067/68,2010/11,Salyan,Rapti,Hill,Mid-Western,Conjuntivitis,5729
2067/68,2010/11,Salyan,Rapti,Hill,Mid-Western,Trachoma,68
2068/69,2011/12,Salyan,Rapti,Hill,Mid-Western,Blindness,114
2068/69,2011/12,Salyan,Rapti,Hill,Mid-Western,Cataract,7
2068/69,2011/12,Salyan,Rapti,Hill,Mid-Western,Conjuntivitis,4831
2068/69,2011/12,Salyan,Rapti,Hill,Mid-Western,Trachoma,25
2069/70,2012/13,Salyan,Rapti,Hill,Mid-Western,Blindness,63
2069/70,2012/13,Salyan,Rapti,Hill,Mid-Western,Cataract,45
2069/70,2012/13,Salyan,Rapti,Hill,Mid-Western,Conjuntivitis,5393
2069/70,2012/13,Salyan,Rapti,Hill,Mid-Western,Trachoma,47
2070/71,2013/14,Salyan,Rapti,Hill,Mid-Western,Blindness,57
2070/71,2013/14,Salyan,Rapti,Hill,Mid-Western,Cataract,68
2070/71,2013/14,Salyan,Rapti,Hill,Mid-Western,Conjuntivitis,4903
2070/71,2013/14,Salyan,Rapti,Hill,Mid-Western,Trachoma,40
2066/67,2009/10,Sankhuwasabha,Kosi,Mountain,Eastern,Blindness,211
2066/67,2009/10,Sankhuwasabha,Kosi,Mountain,Eastern,Cataract,45
2066/67,2009/10,Sankhuwasabha,Kosi,Mountain,Eastern,Conjuntivitis,4434
2066/67,2009/10,Sankhuwasabha,Kosi,Mountain,Eastern,Trachoma,106
2067/68,2010/11,Sankhuwasabha,Kosi,Mountain,Eastern,Blindness,17
2067/68,2010/11,Sankhuwasabha,Kosi,Mountain,Eastern,Cataract,14
2067/68,2010/11,Sankhuwasabha,Kosi,Mountain,Eastern,Conjuntivitis,4210
2067/68,2010/11,Sankhuwasabha,Kosi,Mountain,Eastern,Trachoma,31
2068/69,2011/12,Sankhuwasabha,Kosi,Mountain,Eastern,Blindness,45
2068/69,2011/12,Sankhuwasabha,Kosi,Mountain,Eastern,Cataract,24
2068/69,2011/12,Sankhuwasabha,Kosi,Mountain,Eastern,Conjuntivitis,3886
2068/69,2011/12,Sankhuwasabha,Kosi,Mountain,Eastern,Trachoma,27
2069/70,2012/13,Sankhuwasabha,Kosi,Mountain,Eastern,Blindness,208
2069/70,2012/13,Sankhuwasabha,Kosi,Mountain,Eastern,Cataract,9
2069/70,2012/13,Sankhuwasabha,Kosi,Mountain,Eastern,Conjuntivitis,3786
2069/70,2012/13,Sankhuwasabha,Kosi,Mountain,Eastern,Trachoma,13
2070/71,2013/14,Sankhuwasabha,Kosi,Mountain,Eastern,Blindness,86
2070/71,2013/14,Sankhuwasabha,Kosi,Mountain,Eastern,Cataract,19
2070/71,2013/14,Sankhuwasabha,Kosi,Mountain,Eastern,Conjuntivitis,4086
2070/71,2013/14,Sankhuwasabha,Kosi,Mountain,Eastern,Trachoma,28
2066/67,2009/10,Saptari,Sagarmatha,Terai,Eastern,Blindness,372
2066/67,2009/10,Saptari,Sagarmatha,Terai,Eastern,Cataract,74
2066/67,2009/10,Saptari,Sagarmatha,Terai,Eastern,Conjuntivitis,9299
2066/67,2009/10,Saptari,Sagarmatha,Terai,Eastern,Trachoma,136
2067/68,2010/11,Saptari,Sagarmatha,Terai,Eastern,Blindness,257
2067/68,2010/11,Saptari,Sagarmatha,Terai,Eastern,Cataract,36
2067/68,2010/11,Saptari,Sagarmatha,Terai,Eastern,Conjuntivitis,8910
2067/68,2010/11,Saptari,Sagarmatha,Terai,Eastern,Trachoma,114
2068/69,2011/12,Saptari,Sagarmatha,Terai,Eastern,Blindness,238
2068/69,2011/12,Saptari,Sagarmatha,Terai,Eastern,Cataract,37
2068/69,2011/12,Saptari,Sagarmatha,Terai,Eastern,Conjuntivitis,8775
2068/69,2011/12,Saptari,Sagarmatha,Terai,Eastern,Trachoma,114
2069/70,2012/13,Saptari,Sagarmatha,Terai,Eastern,Blindness,190
2069/70,2012/13,Saptari,Sagarmatha,Terai,Eastern,Cataract,68
2069/70,2012/13,Saptari,Sagarmatha,Terai,Eastern,Conjuntivitis,10397
2069/70,2012/13,Saptari,Sagarmatha,Terai,Eastern,Trachoma,81
2070/71,2013/14,Saptari,Sagarmatha,Terai,Eastern,Blindness,147
2070/71,2013/14,Saptari,Sagarmatha,Terai,Eastern,Cataract,28
2070/71,2013/14,Saptari,Sagarmatha,Terai,Eastern,Conjuntivitis,10160
2070/71,2013/14,Saptari,Sagarmatha,Terai,Eastern,Trachoma,47
2066/67,2009/10,Sarlahi,Janakpur,Terai,Central,Blindness,377
2066/67,2009/10,Sarlahi,Janakpur,Terai,Central,Cataract,45
2066/67,2009/10,Sarlahi,Janakpur,Terai,Central,Conjuntivitis,8116
2066/67,2009/10,Sarlahi,Janakpur,Terai,Central,Trachoma,77
2067/68,2010/11,Sarlahi,Janakpur,Terai,Central,Blindness,398
2067/68,2010/11,Sarlahi,Janakpur,Terai,Central,Cataract,93
2067/68,2010/11,Sarlahi,Janakpur,Terai,Central,Conjuntivitis,7924
2067/68,2010/11,Sarlahi,Janakpur,Terai,Central,Trachoma,75
2068/69,2011/12,Sarlahi,Janakpur,Terai,Central,Blindness,444
2068/69,2011/12,Sarlahi,Janakpur,Terai,Central,Cataract,161
2068/69,2011/12,Sarlahi,Janakpur,Terai,Central,Conjuntivitis,10102
2068/69,2011/12,Sarlahi,Janakpur,Terai,Central,Trachoma,188
2069/70,2012/13,Sarlahi,Janakpur,Terai,Central,Blindness,5991
2069/70,2012/13,Sarlahi,Janakpur,Terai,Central,Cataract,3103
2069/70,2012/13,Sarlahi,Janakpur,Terai,Central,Conjuntivitis,18803
2069/70,2012/13,Sarlahi,Janakpur,Terai,Central,Trachoma,229
2070/71,2013/14,Sarlahi,Janakpur,Terai,Central,Blindness,2176
2070/71,2013/14,Sarlahi,Janakpur,Terai,Central,Cataract,2747
2070/71,2013/14,Sarlahi,Janakpur,Terai,Central,Conjuntivitis,19529
2070/71,2013/14,Sarlahi,Janakpur,Terai,Central,Trachoma,195
2066/67,2009/10,Sindhuli,Janakpur,Hill,Central,Blindness,192
2066/67,2009/10,Sindhuli,Janakpur,Hill,Central,Cataract,118
2066/67,2009/10,Sindhuli,Janakpur,Hill,Central,Conjuntivitis,3001
2066/67,2009/10,Sindhuli,Janakpur,Hill,Central,Trachoma,105
2067/68,2010/11,Sindhuli,Janakpur,Hill,Central,Blindness,90
2067/68,2010/11,Sindhuli,Janakpur,Hill,Central,Cataract,77
2067/68,2010/11,Sindhuli,Janakpur,Hill,Central,Conjuntivitis,3018
2067/68,2010/11,Sindhuli,Janakpur,Hill,Central,Trachoma,28
2068/69,2011/12,Sindhuli,Janakpur,Hill,Central,Blindness,22
2068/69,2011/12,Sindhuli,Janakpur,Hill,Central,Cataract,42
2068/69,2011/12,Sindhuli,Janakpur,Hill,Central,Conjuntivitis,3134
2068/69,2011/12,Sindhuli,Janakpur,Hill,Central,Trachoma,66
2069/70,2012/13,Sindhuli,Janakpur,Hill,Central,Blindness,45
2069/70,2012/13,Sindhuli,Janakpur,Hill,Central,Cataract,48
2069/70,2012/13,Sindhuli,Janakpur,Hill,Central,Conjuntivitis,3513
2069/70,2012/13,Sindhuli,Janakpur,Hill,Central,Trachoma,67
2070/71,2013/14,Sindhuli,Janakpur,Hill,Central,Blindness,246
2070/71,2013/14,Sindhuli,Janakpur,Hill,Central,Cataract,81
2070/71,2013/14,Sindhuli,Janakpur,Hill,Central,Conjuntivitis,3317
2070/71,2013/14,Sindhuli,Janakpur,Hill,Central,Trachoma,73
2066/67,2009/10,Sindhupalchok,Bagmati,Mountain,Central,Blindness,119
2066/67,2009/10,Sindhupalchok,Bagmati,Mountain,Central,Cataract,135
2066/67,2009/10,Sindhupalchok,Bagmati,Mountain,Central,Conjuntivitis,7219
2066/67,2009/10,Sindhupalchok,Bagmati,Mountain,Central,Trachoma,134
2067/68,2010/11,Sindhupalchok,Bagmati,Mountain,Central,Blindness,97
2067/68,2010/11,Sindhupalchok,Bagmati,Mountain,Central,Cataract,133
2067/68,2010/11,Sindhupalchok,Bagmati,Mountain,Central,Conjuntivitis,6738
2067/68,2010/11,Sindhupalchok,Bagmati,Mountain,Central,Trachoma,168
2068/69,2011/12,Sindhupalchok,Bagmati,Mountain,Central,Blindness,118
2068/69,2011/12,Sindhupalchok,Bagmati,Mountain,Central,Cataract,108
2068/69,2011/12,Sindhupalchok,Bagmati,Mountain,Central,Conjuntivitis,6664
2068/69,2011/12,Sindhupalchok,Bagmati,Mountain,Central,Trachoma,112
2069/70,2012/13,Sindhupalchok,Bagmati,Mountain,Central,Blindness,315
2069/70,2012/13,Sindhupalchok,Bagmati,Mountain,Central,Cataract,297
2069/70,2012/13,Sindhupalchok,Bagmati,Mountain,Central,Conjuntivitis,6914
2069/70,2012/13,Sindhupalchok,Bagmati,Mountain,Central,Trachoma,85
2070/71,2013/14,Sindhupalchok,Bagmati,Mountain,Central,Blindness,164
2070/71,2013/14,Sindhupalchok,Bagmati,Mountain,Central,Cataract,69
2070/71,2013/14,Sindhupalchok,Bagmati,Mountain,Central,Conjuntivitis,6263
2070/71,2013/14,Sindhupalchok,Bagmati,Mountain,Central,Trachoma,99
2066/67,2009/10,Siraha,Sagarmatha,Terai,Eastern,Blindness,269
2066/67,2009/10,Siraha,Sagarmatha,Terai,Eastern,Cataract,135
2066/67,2009/10,Siraha,Sagarmatha,Terai,Eastern,Conjuntivitis,11970
2066/67,2009/10,Siraha,Sagarmatha,Terai,Eastern,Trachoma,178
2067/68,2010/11,Siraha,Sagarmatha,Terai,Eastern,Blindness,97
2067/68,2010/11,Siraha,Sagarmatha,Terai,Eastern,Cataract,30
2067/68,2010/11,Siraha,Sagarmatha,Terai,Eastern,Conjuntivitis,11345
2067/68,2010/11,Siraha,Sagarmatha,Terai,Eastern,Trachoma,123
2068/69,2011/12,Siraha,Sagarmatha,Terai,Eastern,Blindness,118
2068/69,2011/12,Siraha,Sagarmatha,Terai,Eastern,Cataract,85
2068/69,2011/12,Siraha,Sagarmatha,Terai,Eastern,Conjuntivitis,9987
2068/69,2011/12,Siraha,Sagarmatha,Terai,Eastern,Trachoma,30
2069/70,2012/13,Siraha,Sagarmatha,Terai,Eastern,Blindness,109
2069/70,2012/13,Siraha,Sagarmatha,Terai,Eastern,Cataract,34
2069/70,2012/13,Siraha,Sagarmatha,Terai,Eastern,Conjuntivitis,11782
2069/70,2012/13,Siraha,Sagarmatha,Terai,Eastern,Trachoma,49
2070/71,2013/14,Siraha,Sagarmatha,Terai,Eastern,Blindness,101
2070/71,2013/14,Siraha,Sagarmatha,Terai,Eastern,Cataract,30
2070/71,2013/14,Siraha,Sagarmatha,Terai,Eastern,Conjuntivitis,12025
2070/71,2013/14,Siraha,Sagarmatha,Terai,Eastern,Trachoma,36
2066/67,2009/10,Solukhumbu,Sagarmatha,Mountain,Eastern,Blindness,80
2066/67,2009/10,Solukhumbu,Sagarmatha,Mountain,Eastern,Cataract,26
2066/67,2009/10,Solukhumbu,Sagarmatha,Mountain,Eastern,Conjuntivitis,3315
2066/67,2009/10,Solukhumbu,Sagarmatha,Mountain,Eastern,Trachoma,72
2067/68,2010/11,Solukhumbu,Sagarmatha,Mountain,Eastern,Blindness,157
2067/68,2010/11,Solukhumbu,Sagarmatha,Mountain,Eastern,Cataract,50
2067/68,2010/11,Solukhumbu,Sagarmatha,Mountain,Eastern,Conjuntivitis,3719
2067/68,2010/11,Solukhumbu,Sagarmatha,Mountain,Eastern,Trachoma,51
2068/69,2011/12,Solukhumbu,Sagarmatha,Mountain,Eastern,Blindness,217
2068/69,2011/12,Solukhumbu,Sagarmatha,Mountain,Eastern,Cataract,70
2068/69,2011/12,Solukhumbu,Sagarmatha,Mountain,Eastern,Conjuntivitis,4557
2068/69,2011/12,Solukhumbu,Sagarmatha,Mountain,Eastern,Trachoma,106
2069/70,2012/13,Solukhumbu,Sagarmatha,Mountain,Eastern,Blindness,162
2069/70,2012/13,Solukhumbu,Sagarmatha,Mountain,Eastern,Cataract,56
2069/70,2012/13,Solukhumbu,Sagarmatha,Mountain,Eastern,Conjuntivitis,4996
2069/70,2012/13,Solukhumbu,Sagarmatha,Mountain,Eastern,Trachoma,106
2070/71,2013/14,Solukhumbu,Sagarmatha,Mountain,Eastern,Blindness,271
2070/71,2013/14,Solukhumbu,Sagarmatha,Mountain,Eastern,Cataract,110
2070/71,2013/14,Solukhumbu,Sagarmatha,Mountain,Eastern,Conjuntivitis,5238
2070/71,2013/14,Solukhumbu,Sagarmatha,Mountain,Eastern,Trachoma,114
2066/67,2009/10,Sunsari,Kosi,Terai,Eastern,Blindness,144
2066/67,2009/10,Sunsari,Kosi,Terai,Eastern,Cataract,16
2066/67,2009/10,Sunsari,Kosi,Terai,Eastern,Conjuntivitis,11687
2066/67,2009/10,Sunsari,Kosi,Terai,Eastern,Trachoma,27
2067/68,2010/11,Sunsari,Kosi,Terai,Eastern,Blindness,79
2067/68,2010/11,Sunsari,Kosi,Terai,Eastern,Cataract,8
2067/68,2010/11,Sunsari,Kosi,Terai,Eastern,Conjuntivitis,11298
2067/68,2010/11,Sunsari,Kosi,Terai,Eastern,Trachoma,21
2068/69,2011/12,Sunsari,Kosi,Terai,Eastern,Blindness,81
2068/69,2011/12,Sunsari,Kosi,Terai,Eastern,Cataract,20
2068/69,2011/12,Sunsari,Kosi,Terai,Eastern,Conjuntivitis,9369
2068/69,2011/12,Sunsari,Kosi,Terai,Eastern,Trachoma,62
2069/70,2012/13,Sunsari,Kosi,Terai,Eastern,Blindness,89
2069/70,2012/13,Sunsari,Kosi,Terai,Eastern,Cataract,23
2069/70,2012/13,Sunsari,Kosi,Terai,Eastern,Conjuntivitis,9482
2069/70,2012/13,Sunsari,Kosi,Terai,Eastern,Trachoma,77
2070/71,2013/14,Sunsari,Kosi,Terai,Eastern,Blindness,171
2070/71,2013/14,Sunsari,Kosi,Terai,Eastern,Cataract,24
2070/71,2013/14,Sunsari,Kosi,Terai,Eastern,Conjuntivitis,8275
2070/71,2013/14,Sunsari,Kosi,Terai,Eastern,Trachoma,47
2066/67,2009/10,Surkhet,Bheri,Hill,Mid-Western,Blindness,71
2066/67,2009/10,Surkhet,Bheri,Hill,Mid-Western,Cataract,105
2066/67,2009/10,Surkhet,Bheri,Hill,Mid-Western,Conjuntivitis,8155
2066/67,2009/10,Surkhet,Bheri,Hill,Mid-Western,Trachoma,49
2067/68,2010/11,Surkhet,Bheri,Hill,Mid-Western,Blindness,81
2067/68,2010/11,Surkhet,Bheri,Hill,Mid-Western,Cataract,29
2067/68,2010/11,Surkhet,Bheri,Hill,Mid-Western,Conjuntivitis,8194
2067/68,2010/11,Surkhet,Bheri,Hill,Mid-Western,Trachoma,28
2068/69,2011/12,Surkhet,Bheri,Hill,Mid-Western,Blindness,29
2068/69,2011/12,Surkhet,Bheri,Hill,Mid-Western,Cataract,79
2068/69,2011/12,Surkhet,Bheri,Hill,Mid-Western,Conjuntivitis,7439
2068/69,2011/12,Surkhet,Bheri,Hill,Mid-Western,Trachoma,16
2069/70,2012/13,Surkhet,Bheri,Hill,Mid-Western,Blindness,46
2069/70,2012/13,Surkhet,Bheri,Hill,Mid-Western,Cataract,1251
2069/70,2012/13,Surkhet,Bheri,Hill,Mid-Western,Conjuntivitis,12086
2069/70,2012/13,Surkhet,Bheri,Hill,Mid-Western,Trachoma,58
2070/71,2013/14,Surkhet,Bheri,Hill,Mid-Western,Blindness,97
2070/71,2013/14,Surkhet,Bheri,Hill,Mid-Western,Cataract,1378
2070/71,2013/14,Surkhet,Bheri,Hill,Mid-Western,Conjuntivitis,11255
2070/71,2013/14,Surkhet,Bheri,Hill,Mid-Western,Trachoma,41
2066/67,2009/10,Syangja,Gandaki,Hill,Western,Blindness,56
2066/67,2009/10,Syangja,Gandaki,Hill,Western,Cataract,47
2066/67,2009/10,Syangja,Gandaki,Hill,Western,Conjuntivitis,5950
2066/67,2009/10,Syangja,Gandaki,Hill,Western,Trachoma,164
2067/68,2010/11,Syangja,Gandaki,Hill,Western,Blindness,37
2067/68,2010/11,Syangja,Gandaki,Hill,Western,Cataract,49
2067/68,2010/11,Syangja,Gandaki,Hill,Western,Conjuntivitis,6081
2067/68,2010/11,Syangja,Gandaki,Hill,Western,Trachoma,4
2068/69,2011/12,Syangja,Gandaki,Hill,Western,Blindness,161
2068/69,2011/12,Syangja,Gandaki,Hill,Western,Cataract,68
2068/69,2011/12,Syangja,Gandaki,Hill,Western,Conjuntivitis,5285
2068/69,2011/12,Syangja,Gandaki,Hill,Western,Trachoma,51
2069/70,2012/13,Syangja,Gandaki,Hill,Western,Blindness,136
2069/70,2012/13,Syangja,Gandaki,Hill,Western,Cataract,83
2069/70,2012/13,Syangja,Gandaki,Hill,Western,Conjuntivitis,4571
2069/70,2012/13,Syangja,Gandaki,Hill,Western,Trachoma,7
2070/71,2013/14,Syangja,Gandaki,Hill,Western,Blindness,73
2070/71,2013/14,Syangja,Gandaki,Hill,Western,Cataract,107
2070/71,2013/14,Syangja,Gandaki,Hill,Western,Conjuntivitis,3842
2070/71,2013/14,Syangja,Gandaki,Hill,Western,Trachoma,17
2066/67,2009/10,Tanahu,Gandaki,Hill,Western,Blindness,86
2066/67,2009/10,Tanahu,Gandaki,Hill,Western,Cataract,56
2066/67,2009/10,Tanahu,Gandaki,Hill,Western,Conjuntivitis,4110
2066/67,2009/10,Tanahu,Gandaki,Hill,Western,Trachoma,65
2067/68,2010/11,Tanahu,Gandaki,Hill,Western,Blindness,147
2067/68,2010/11,Tanahu,Gandaki,Hill,Western,Cataract,140
2067/68,2010/11,Tanahu,Gandaki,Hill,Western,Conjuntivitis,4182
2067/68,2010/11,Tanahu,Gandaki,Hill,Western,Trachoma,55
2068/69,2011/12,Tanahu,Gandaki,Hill,Western,Blindness,101
2068/69,2011/12,Tanahu,Gandaki,Hill,Western,Cataract,76
2068/69,2011/12,Tanahu,Gandaki,Hill,Western,Conjuntivitis,3565
2068/69,2011/12,Tanahu,Gandaki,Hill,Western,Trachoma,158
2069/70,2012/13,Tanahu,Gandaki,Hill,Western,Blindness,101
2069/70,2012/13,Tanahu,Gandaki,Hill,Western,Cataract,157
2069/70,2012/13,Tanahu,Gandaki,Hill,Western,Conjuntivitis,3596
2069/70,2012/13,Tanahu,Gandaki,Hill,Western,Trachoma,48
2070/71,2013/14,Tanahu,Gandaki,Hill,Western,Blindness,107
2070/71,2013/14,Tanahu,Gandaki,Hill,Western,Cataract,276
2070/71,2013/14,Tanahu,Gandaki,Hill,Western,Conjuntivitis,3386
2070/71,2013/14,Tanahu,Gandaki,Hill,Western,Trachoma,37
2066/67,2009/10,Taplejung,Mechi,Mountain,Eastern,Blindness,18
2066/67,2009/10,Taplejung,Mechi,Mountain,Eastern,Cataract,25
2066/67,2009/10,Taplejung,Mechi,Mountain,Eastern,Conjuntivitis,5024
2066/67,2009/10,Taplejung,Mechi,Mountain,Eastern,Trachoma,217
2067/68,2010/11,Taplejung,Mechi,Mountain,Eastern,Blindness,30
2067/68,2010/11,Taplejung,Mechi,Mountain,Eastern,Cataract,13
2067/68,2010/11,Taplejung,Mechi,Mountain,Eastern,Conjuntivitis,4830
2067/68,2010/11,Taplejung,Mechi,Mountain,Eastern,Trachoma,48
2068/69,2011/12,Taplejung,Mechi,Mountain,Eastern,Blindness,12
2068/69,2011/12,Taplejung,Mechi,Mountain,Eastern,Cataract,13
2068/69,2011/12,Taplejung,Mechi,Mountain,Eastern,Conjuntivitis,4480
2068/69,2011/12,Taplejung,Mechi,Mountain,Eastern,Trachoma,69
2069/70,2012/13,Taplejung,Mechi,Mountain,Eastern,Blindness,4
2069/70,2012/13,Taplejung,Mechi,Mountain,Eastern,Cataract,10
2069/70,2012/13,Taplejung,Mechi,Mountain,Eastern,Conjuntivitis,4153
2069/70,2012/13,Taplejung,Mechi,Mountain,Eastern,Trachoma,62
2070/71,2013/14,Taplejung,Mechi,Mountain,Eastern,Blindness,34
2070/71,2013/14,Taplejung,Mechi,Mountain,Eastern,Cataract,45
2070/71,2013/14,Taplejung,Mechi,Mountain,Eastern,Conjuntivitis,3953
2070/71,2013/14,Taplejung,Mechi,Mountain,Eastern,Trachoma,156
2066/67,2009/10,Terhathum,Kosi,Hill,Eastern,Blindness,70
2066/67,2009/10,Terhathum,Kosi,Hill,Eastern,Cataract,4
2066/67,2009/10,Terhathum,Kosi,Hill,Eastern,Conjuntivitis,3378
2066/67,2009/10,Terhathum,Kosi,Hill,Eastern,Trachoma,35
2067/68,2010/11,Terhathum,Kosi,Hill,Eastern,Blindness,54
2067/68,2010/11,Terhathum,Kosi,Hill,Eastern,Cataract,21
2067/68,2010/11,Terhathum,Kosi,Hill,Eastern,Conjuntivitis,3345
2067/68,2010/11,Terhathum,Kosi,Hill,Eastern,Trachoma,16
2068/69,2011/12,Terhathum,Kosi,Hill,Eastern,Blindness,49
2068/69,2011/12,Terhathum,Kosi,Hill,Eastern,Cataract,9
2068/69,2011/12,Terhathum,Kosi,Hill,Eastern,Conjuntivitis,3514
2068/69,2011/12,Terhathum,Kosi,Hill,Eastern,Trachoma,14
2069/70,2012/13,Terhathum,Kosi,Hill,Eastern,Blindness,30
2069/70,2012/13,Terhathum,Kosi,Hill,Eastern,Cataract,26
2069/70,2012/13,Terhathum,Kosi,Hill,Eastern,Conjuntivitis,3156
2069/70,2012/13,Terhathum,Kosi,Hill,Eastern,Trachoma,31
2070/71,2013/14,Terhathum,Kosi,Hill,Eastern,Blindness,13
2070/71,2013/14,Terhathum,Kosi,Hill,Eastern,Cataract,1
2070/71,2013/14,Terhathum,Kosi,Hill,Eastern,Conjuntivitis,3335
2070/71,2013/14,Terhathum,Kosi,Hill,Eastern,Trachoma,12
2066/67,2009/10,Udayapur,Sagarmatha,Hill,Eastern,Blindness,61
2066/67,2009/10,Udayapur,Sagarmatha,Hill,Eastern,Cataract,12
2066/67,2009/10,Udayapur,Sagarmatha,Hill,Eastern,Conjuntivitis,4905
2066/67,2009/10,Udayapur,Sagarmatha,Hill,Eastern,Trachoma,186
2067/68,2010/11,Udayapur,Sagarmatha,Hill,Eastern,Blindness,46
2067/68,2010/11,Udayapur,Sagarmatha,Hill,Eastern,Cataract,20
2067/68,2010/11,Udayapur,Sagarmatha,Hill,Eastern,Conjuntivitis,6208
2067/68,2010/11,Udayapur,Sagarmatha,Hill,Eastern,Trachoma,198
2068/69,2011/12,Udayapur,Sagarmatha,Hill,Eastern,Blindness,33
2068/69,2011/12,Udayapur,Sagarmatha,Hill,Eastern,Cataract,15
2068/69,2011/12,Udayapur,Sagarmatha,Hill,Eastern,Conjuntivitis,6093
2068/69,2011/12,Udayapur,Sagarmatha,Hill,Eastern,Trachoma,121
2069/70,2012/13,Udayapur,Sagarmatha,Hill,Eastern,Blindness,53
2069/70,2012/13,Udayapur,Sagarmatha,Hill,Eastern,Cataract,14
2069/70,2012/13,Udayapur,Sagarmatha,Hill,Eastern,Conjuntivitis,5569
2069/70,2012/13,Udayapur,Sagarmatha,Hill,Eastern,Trachoma,35
2070/71,2013/14,Udayapur,Sagarmatha,Hill,Eastern,Blindness,79
2070/71,2013/14,Udayapur,Sagarmatha,Hill,Eastern,Cataract,84
2070/71,2013/14,Udayapur,Sagarmatha,Hill,Eastern,Conjuntivitis,5289
2070/71,2013/14,Udayapur,Sagarmatha,Hill,Eastern,Trachoma,31
