district,Zone,Geographical Region,region,vdc_name,vdc_code,coverage_population,target,rcs_count,Region
Pyuthan,Rapti,Hill,Mid-Western,Arkha,52001,2220,1918,,Mid-Western
Pyuthan,Rapti,Hill,Mid-Western,Badikot,52002,2354,2202,,Mid-Western
Pyuthan,Rapti,Hill,Mid-Western,Bangesal,52003,2521,2317,2.0,Mid-Western
Pyuthan,Rapti,Hill,Mid-Western,Baraula,52004,1716,1775,1.0,Mid-Western
Pyuthan,Rapti,Hill,Mid-Western,Barjiwang,52005,1116,1030,,Mid-Western
Pyuthan,Rapti,Hill,Mid-Western,Belwaspur,52006,2157,2270,2.0,Mid-Western
Pyuthan,Rapti,Hill,Mid-Western,Bhingri,52007,2365,2123,1.0,Mid-Western
Pyuthan,Rapti,Hill,Mid-Western,Bijayanagar,52008,1706,1653,1.0,Mid-Western
Pyuthan,Rapti,Hill,Mid-Western,Bijubar,52009,2523,2709,1.0,Mid-Western
Pyuthan,Rapti,Hill,Mid-Western,Bijuli,52010,1598,1723,2.0,Mid-Western
Pyuthan,Rapti,Hill,Mid-Western,Chuja,52011,2221,2389,2.0,Mid-Western
Pyuthan,Rapti,Hill,Mid-Western,Dakhanwadi,52012,2455,2568,1.0,Mid-Western
Pyuthan,Rapti,Hill,Mid-Western,Damri,52013,1826,1834,3.0,Mid-Western
Pyuthan,Rapti,Hill,Mid-Western,Dangwang,52014,1858,1987,1.0,Mid-Western
Pyuthan,Rapti,Hill,Mid-Western,Dharampani,52015,1323,1390,3.0,Mid-Western
Pyuthan,Rapti,Hill,Mid-Western,Dharmawati,52016,2312,2112,1.0,Mid-Western
Pyuthan,Rapti,Hill,Mid-Western,Dhobaghat(Udayapurkot),52017,1336,1179,1.0,Mid-Western
Pyuthan,Rapti,Hill,Mid-Western,Dhuwang,52018,1595,1653,1.0,Mid-Western
Pyuthan,Rapti,Hill,Mid-Western,Dungegadi,52019,1924,1691,1.0,Mid-Western
Pyuthan,Rapti,Hill,Mid-Western,Gothiwang,52020,2239,2118,3.0,Mid-Western
Pyuthan,Rapti,Hill,Mid-Western,Hansapur,52021,1786,1636,1.0,Mid-Western
Pyuthan,Rapti,Hill,Mid-Western,Jumrikanda,52022,1854,1627,2.0,Mid-Western
Pyuthan,Rapti,Hill,Mid-Western,Khaira,52023,1925,1982,1.0,Mid-Western
Pyuthan,Rapti,Hill,Mid-Western,Khawang,52024,2447,2178,1.0,Mid-Western
Pyuthan,Rapti,Hill,Mid-Western,Khung,52025,1282,1177,1.0,Mid-Western
Pyuthan,Rapti,Hill,Mid-Western,Kochiwang,52026,1492,1363,1.0,Mid-Western
Pyuthan,Rapti,Hill,Mid-Western,Ligha,52027,1217,1247,1.0,Mid-Western
Pyuthan,Rapti,Hill,Mid-Western,Liwang,52028,2178,1831,1.0,Mid-Western
Pyuthan,Rapti,Hill,Mid-Western,Lung,52029,1843,1747,,Mid-Western
Pyuthan,Rapti,Hill,Mid-Western,Majhakot,52030,1358,1294,,Mid-Western
Pyuthan,Rapti,Hill,Mid-Western,Maranthana,52031,2305,2506,2.0,Mid-Western
Pyuthan,Rapti,Hill,Mid-Western,Markawang,52032,1458,1244,1.0,Mid-Western
Pyuthan,Rapti,Hill,Mid-Western,Narikot,52033,1561,1345,1.0,Mid-Western
Pyuthan,Rapti,Hill,Mid-Western,Nayagaun,52034,1654,1403,1.0,Mid-Western
Pyuthan,Rapti,Hill,Mid-Western,Okharkot,52035,2276,2349,1.0,Mid-Western
Pyuthan,Rapti,Hill,Mid-Western,Pakala,52036,1841,1867,1.0,Mid-Western
Pyuthan,Rapti,Hill,Mid-Western,Phopli,52037,2921,2763,1.0,Mid-Western
Pyuthan,Rapti,Hill,Mid-Western,Puja,52038,2391,1958,1.0,Mid-Western
Pyuthan,Rapti,Hill,Mid-Western,Pythankhalanga,52039,2353,2423,2.0,Mid-Western
Pyuthan,Rapti,Hill,Mid-Western,Rajbara,52040,2087,1772,1.0,Mid-Western
Pyuthan,Rapti,Hill,Mid-Western,Ramdi,52041,992,1049,2.0,Mid-Western
Pyuthan,Rapti,Hill,Mid-Western,Ruspurkot,52042,1605,1622,3.0,Mid-Western
Pyuthan,Rapti,Hill,Mid-Western,Sari,52043,1466,1459,1.0,Mid-Western
Pyuthan,Rapti,Hill,Mid-Western,Swargadwarikhal,52044,2010,1876,1.0,Mid-Western
Pyuthan,Rapti,Hill,Mid-Western,Syauliwang,52045,1408,1369,3.0,Mid-Western
Pyuthan,Rapti,Hill,Mid-Western,Tiram,52046,2427,2638,2.0,Mid-Western
Pyuthan,Rapti,Hill,Mid-Western,Torwang,52047,1845,1900,2.0,Mid-Western
Pyuthan,Rapti,Hill,Mid-Western,Tusara,52048,2250,2414,,Mid-Western
Pyuthan,Rapti,Hill,Mid-Western,Wangemarot,52049,1901,1856,2.0,Mid-Western
Rolpa,Rapti,Hill,Mid-Western,Aresh,53001,1669,1487,,Mid-Western
Rolpa,Rapti,Hill,Mid-Western,Bhawang,53002,1835,1835,1.0,Mid-Western
Rolpa,Rapti,Hill,Mid-Western,Bhirul,53003,1089,1089,1.0,Mid-Western
Rolpa,Rapti,Hill,Mid-Western,Budagaun,53004,2557,2494,1.0,Mid-Western
Rolpa,Rapti,Hill,Mid-Western,Dhawang,53005,1989,1989,1.0,Mid-Western
Rolpa,Rapti,Hill,Mid-Western,Dubaring,53006,1896,1912,5.0,Mid-Western
Rolpa,Rapti,Hill,Mid-Western,Dubidanda,53007,1735,1759,1.0,Mid-Western
Rolpa,Rapti,Hill,Mid-Western,Eriwang,53008,2078,2078,1.0,Mid-Western
Rolpa,Rapti,Hill,Mid-Western,Fagaam,53009,1228,1228,1.0,Mid-Western
Rolpa,Rapti,Hill,Mid-Western,Gaam,53010,1788,1868,,Mid-Western
Rolpa,Rapti,Hill,Mid-Western,Gairigaun,53011,1809,1871,2.0,Mid-Western
Rolpa,Rapti,Hill,Mid-Western,Gajul,53012,2212,2102,3.0,Mid-Western
Rolpa,Rapti,Hill,Mid-Western,Ghartigaun,53013,2002,2002,,Mid-Western
Rolpa,Rapti,Hill,Mid-Western,Ghodagaun,53014,1634,1238,,Mid-Western
Rolpa,Rapti,Hill,Mid-Western,Gumchal,53015,1535,1476,,Mid-Western
Rolpa,Rapti,Hill,Mid-Western,Harjang,53016,936,923,,Mid-Western
Rolpa,Rapti,Hill,Mid-Western,Jailwang,53017,1091,1196,1.0,Mid-Western
Rolpa,Rapti,Hill,Mid-Western,Jaimakasala,53018,1188,1188,,Mid-Western
Rolpa,Rapti,Hill,Mid-Western,Jankot,53019,1141,1266,,Mid-Western
Rolpa,Rapti,Hill,Mid-Western,Jaulipokhari,53020,1844,1933,1.0,Mid-Western
Rolpa,Rapti,Hill,Mid-Western,Jedwang,53021,1549,1653,1.0,Mid-Western
Rolpa,Rapti,Hill,Mid-Western,Jhenam,53022,2180,2254,1.0,Mid-Western
Rolpa,Rapti,Hill,Mid-Western,Jinawang,53023,2052,2066,,Mid-Western
Rolpa,Rapti,Hill,Mid-Western,Jungar,53024,1924,1910,1.0,Mid-Western
Rolpa,Rapti,Hill,Mid-Western,Kareti,53025,870,870,1.0,Mid-Western
Rolpa,Rapti,Hill,Mid-Western,Khumel,53026,1334,1190,1.0,Mid-Western
Rolpa,Rapti,Hill,Mid-Western,Khungri,53027,1749,1749,1.0,Mid-Western
Rolpa,Rapti,Hill,Mid-Western,Korchawang,53028,1382,1450,1.0,Mid-Western
Rolpa,Rapti,Hill,Mid-Western,Kotgaun,53029,1757,1679,1.0,Mid-Western
Rolpa,Rapti,Hill,Mid-Western,Kureli,53030,1278,1278,1.0,Mid-Western
Rolpa,Rapti,Hill,Mid-Western,Liwang,53031,3576,3576,2.0,Mid-Western
Rolpa,Rapti,Hill,Mid-Western,Masina,53032,1996,1925,,Mid-Western
Rolpa,Rapti,Hill,Mid-Western,Mijhing,53033,2608,2608,3.0,Mid-Western
Rolpa,Rapti,Hill,Mid-Western,Nuwagaun,53034,2088,1711,1.0,Mid-Western
Rolpa,Rapti,Hill,Mid-Western,Pachhawang,53035,1794,1794,,Mid-Western
Rolpa,Rapti,Hill,Mid-Western,Pakhapani,53036,2616,2597,,Mid-Western
Rolpa,Rapti,Hill,Mid-Western,Pang,53037,1758,1758,2.0,Mid-Western
Rolpa,Rapti,Hill,Mid-Western,Rangkot,53038,1392,1392,3.0,Mid-Western
Rolpa,Rapti,Hill,Mid-Western,Rangsi,53039,1789,1990,,Mid-Western
Rolpa,Rapti,Hill,Mid-Western,Rank,53040,2320,2320,1.0,Mid-Western
Rolpa,Rapti,Hill,Mid-Western,Sakhi,53041,1233,1233,1.0,Mid-Western
Rolpa,Rapti,Hill,Mid-Western,Seram,53042,746,742,2.0,Mid-Western
Rolpa,Rapti,Hill,Mid-Western,Sirpa,53043,2644,2732,1.0,Mid-Western
Rolpa,Rapti,Hill,Mid-Western,Siuri,53044,718,769,,Mid-Western
Rolpa,Rapti,Hill,Mid-Western,Talawang,53045,2218,2435,,Mid-Western
Rolpa,Rapti,Hill,Mid-Western,Tewang,53046,1424,1111,3.0,Mid-Western
Rolpa,Rapti,Hill,Mid-Western,Thawang,53047,1511,1798,,Mid-Western
Rolpa,Rapti,Hill,Mid-Western,Uwa,53048,1673,1673,1.0,Mid-Western
Rolpa,Rapti,Hill,Mid-Western,Wadachaur,53049,2015,2015,,Mid-Western
Rolpa,Rapti,Hill,Mid-Western,Whama,53050,1715,1744,1.0,Mid-Western
Rolpa,Rapti,Hill,Mid-Western,Wot,53051,1881,1886,,Mid-Western
Dang,Rapti,Terai,Mid-Western,Baghmare,56001,2841,3114,3.0,Mid-Western
Dang,Rapti,Terai,Mid-Western,Bela,56002,4047,4108,3.0,Mid-Western
Dang,Rapti,Terai,Mid-Western,Bijauri,56003,5395,5225,1.0,Mid-Western
Dang,Rapti,Terai,Mid-Western,Lamahi,56004,6954,6921,1.0,Mid-Western
Dang,Rapti,Terai,Mid-Western,Dhanauri,56005,3428,3757,1.0,Mid-Western
Dang,Rapti,Terai,Mid-Western,Dharna,56006,2754,2769,1.0,Mid-Western
Dang,Rapti,Terai,Mid-Western,Dhikpur,56007,4023,4606,1.0,Mid-Western
Dang,Rapti,Terai,Mid-Western,Duruwa,56008,5255,5629,5.0,Mid-Western
Dang,Rapti,Terai,Mid-Western,Gadhawa,56009,4032,4469,1.0,Mid-Western
Dang,Rapti,Terai,Mid-Western,Gangapraspur,56010,3713,4166,1.0,Mid-Western
Dang,Rapti,Terai,Mid-Western,Gobardiya,56011,5447,5819,2.0,Mid-Western
Dang,Rapti,Terai,Mid-Western,Goltakuri,56012,2241,2285,1.0,Mid-Western
Dang,Rapti,Terai,Mid-Western,Halwar,56013,3852,3788,1.0,Mid-Western
Dang,Rapti,Terai,Mid-Western,Hansipur,56014,3062,3065,1.0,Mid-Western
Dang,Rapti,Terai,Mid-Western,Hapur,56015,4946,5318,1.0,Mid-Western
Dang,Rapti,Terai,Mid-Western,Hekuli,56016,3627,3945,1.0,Mid-Western
Dang,Rapti,Terai,Mid-Western,Kabhre,56017,2966,2926,1.0,Mid-Western
Dang,Rapti,Terai,Mid-Western,Koilabas,56018,282,588,1.0,Mid-Western
Dang,Rapti,Terai,Mid-Western,Lalmatiya,56019,8759,6872,1.0,Mid-Western
Dang,Rapti,Terai,Mid-Western,Laxmipur,56020,4249,4643,1.0,Mid-Western
Dang,Rapti,Terai,Mid-Western,Loharpani,56021,2427,2434,,Mid-Western
Dang,Rapti,Terai,Mid-Western,Manpur,56022,6135,5607,1.0,Mid-Western
Dang,Rapti,Terai,Mid-Western,Narayanpur,56023,5648,5609,,Mid-Western
Dang,Rapti,Terai,Mid-Western,Panchakule,56024,3013,3330,,Mid-Western
Dang,Rapti,Terai,Mid-Western,Pawannagar,56025,3120,3580,2.0,Mid-Western
Dang,Rapti,Terai,Mid-Western,Phulbari,56026,2180,2360,1.0,Mid-Western
Dang,Rapti,Terai,Mid-Western,Purandhara,56027,7653,6914,1.0,Mid-Western
Dang,Rapti,Terai,Mid-Western,Rajpur,56028,4875,5243,1.0,Mid-Western
Dang,Rapti,Terai,Mid-Western,Rampur,56029,4581,4955,1.0,Mid-Western
Dang,Rapti,Terai,Mid-Western,Saidha,56030,2725,2833,1.0,Mid-Western
Dang,Rapti,Terai,Mid-Western,Satbariya,56031,4547,4895,2.0,Mid-Western
Dang,Rapti,Terai,Mid-Western,Saudiyar,56032,4406,4723,3.0,Mid-Western
Dang,Rapti,Terai,Mid-Western,Shantinagar,56033,3544,3831,1.0,Mid-Western
Dang,Rapti,Terai,Mid-Western,Shreegaun,56034,2823,2857,2.0,Mid-Western
Dang,Rapti,Terai,Mid-Western,Sisahaniya,56035,6239,6763,1.0,Mid-Western
Dang,Rapti,Terai,Mid-Western,Sonpur,56036,4655,4928,1.0,Mid-Western
Dang,Rapti,Terai,Mid-Western,Syuja,56037,1957,1986,1.0,Mid-Western
Dang,Rapti,Terai,Mid-Western,Tarigaun,56038,4396,4388,1.0,Mid-Western
Dang,Rapti,Terai,Mid-Western,Tribhuwannagar Municipality,56039,20998,18683,2.0,Mid-Western
Dang,Rapti,Terai,Mid-Western,Tulsipur Municipality,56040,16788,14674,2.0,Mid-Western
Dang,Rapti,Terai,Mid-Western,Urahari,56041,4607,4882,1.0,Mid-Western
Banke,Bheri,Terai,Mid-Western,Bageswari,57001,5056,5411,1.0,Mid-Western
Banke,Bheri,Terai,Mid-Western,Banakatawa,57002,6645,7195,,Mid-Western
Banke,Bheri,Terai,Mid-Western,Banakatti,57003,2343,2194,3.0,Mid-Western
Banke,Bheri,Terai,Mid-Western,Basudevapur,57004,2517,2089,,Mid-Western
Banke,Bheri,Terai,Mid-Western,Bejapur,57005,5202,4803,,Mid-Western
Banke,Bheri,Terai,Mid-Western,Belahari,57006,2031,2037,,Mid-Western
Banke,Bheri,Terai,Mid-Western,Belbhar,57007,1930,1949,1.0,Mid-Western
Banke,Bheri,Terai,Mid-Western,Betahani,57008,3110,2846,2.0,Mid-Western
Banke,Bheri,Terai,Mid-Western,Bhawaniyapur,57009,1550,1524,,Mid-Western
Banke,Bheri,Terai,Mid-Western,Binauna,57010,2804,2877,1.0,Mid-Western
Banke,Bheri,Terai,Mid-Western,Chisapani,57011,2461,2155,,Mid-Western
Banke,Bheri,Terai,Mid-Western,Ganapur,57012,2176,2220,1.0,Mid-Western
Banke,Bheri,Terai,Mid-Western,Gangapur,57013,2627,2370,,Mid-Western
Banke,Bheri,Terai,Mid-Western,Hirminiya,57014,3401,3136,1.0,Mid-Western
Banke,Bheri,Terai,Mid-Western,Holiya,57015,2558,2263,,Mid-Western
Banke,Bheri,Terai,Mid-Western,Indarpur,57016,2478,2937,,Mid-Western
Banke,Bheri,Terai,Mid-Western,Jaispur,57017,1752,2571,,Mid-Western
Banke,Bheri,Terai,Mid-Western,Kalaphanta,57018,1779,1673,1.0,Mid-Western
Banke,Bheri,Terai,Mid-Western,Kamdi,57019,3529,3709,1.0,Mid-Western
Banke,Bheri,Terai,Mid-Western,Kanchanapur,57020,3248,3494,2.0,Mid-Western
Banke,Bheri,Terai,Mid-Western,Kathkuiya,57021,2307,2281,1.0,Mid-Western
Banke,Bheri,Terai,Mid-Western,Khajurakhurda,57022,1967,2267,1.0,Mid-Western
Banke,Bheri,Terai,Mid-Western,Khaskarkado,57023,2178,2696,1.0,Mid-Western
Banke,Bheri,Terai,Mid-Western,Khaskusma,57024,2285,2120,1.0,Mid-Western
Banke,Bheri,Terai,Mid-Western,Kohalpur,57025,13328,8809,2.0,Mid-Western
Banke,Bheri,Terai,Mid-Western,Laxmanpur,57026,2012,2019,2.0,Mid-Western
Banke,Bheri,Terai,Mid-Western,Mahadevpuri,57027,3381,3402,,Mid-Western
Banke,Bheri,Terai,Mid-Western,Manikapur,57028,4459,3439,2.0,Mid-Western
Banke,Bheri,Terai,Mid-Western,Matahiya,57029,2734,2831,1.0,Mid-Western
Banke,Bheri,Terai,Mid-Western,Narainapur,57030,2280,2029,1.0,Mid-Western
Banke,Bheri,Terai,Mid-Western,Naubasta,57031,7375,6800,1.0,Mid-Western
Banke,Bheri,Terai,Mid-Western,Nepalganj Municipality,57032,22487,25207,,Mid-Western
Banke,Bheri,Terai,Mid-Western,Paraspur,57033,1609,1650,1.0,Mid-Western
Banke,Bheri,Terai,Mid-Western,Phatepur,57034,6233,6488,1.0,Mid-Western
Banke,Bheri,Terai,Mid-Western,Piparhawa,57035,1544,1819,1.0,Mid-Western
Banke,Bheri,Terai,Mid-Western,Puraina,57036,2135,2155,3.0,Mid-Western
Banke,Bheri,Terai,Mid-Western,Puraini,57037,1530,1554,1.0,Mid-Western
Banke,Bheri,Terai,Mid-Western,Radhapur,57038,1173,1449,1.0,Mid-Western
Banke,Bheri,Terai,Mid-Western,Rajhena,57039,9311,6508,1.0,Mid-Western
Banke,Bheri,Terai,Mid-Western,Raniyapur,57040,2512,2426,,Mid-Western
Banke,Bheri,Terai,Mid-Western,Saigaun,57041,2385,2366,1.0,Mid-Western
Banke,Bheri,Terai,Mid-Western,Samserganj,57042,2862,3046,1.0,Mid-Western
Banke,Bheri,Terai,Mid-Western,Sitapur,57043,3455,3561,1.0,Mid-Western
Banke,Bheri,Terai,Mid-Western,Sonapur,57044,2617,3114,1.0,Mid-Western
Banke,Bheri,Terai,Mid-Western,Titihiriya,57045,3965,3717,1.0,Mid-Western
Banke,Bheri,Terai,Mid-Western,Udarapur,57046,4211,3964,1.0,Mid-Western
Banke,Bheri,Terai,Mid-Western,Udayapur,57047,1241,1326,1.0,Mid-Western
Bardiya,Bheri,Terai,Mid-Western,Badalpur,58001,2016,2927,1.0,Mid-Western
Bardiya,Bheri,Terai,Mid-Western,Baganaha,58002,4747,5094,,Mid-Western
Bardiya,Bheri,Terai,Mid-Western,Baniyabhar,58003,6447,6429,1.0,Mid-Western
Bardiya,Bheri,Terai,Mid-Western,Belawa,58004,5776,5310,1.0,Mid-Western
Bardiya,Bheri,Terai,Mid-Western,Bhimapur,58005,2903,4329,1.0,Mid-Western
Bardiya,Bheri,Terai,Mid-Western,Daulatpur,58006,2361,3142,1.0,Mid-Western
Bardiya,Bheri,Terai,Mid-Western,Deudakala,58007,6417,7378,1.0,Mid-Western
Bardiya,Bheri,Terai,Mid-Western,Dhadhawar,58008,7804,7674,1.0,Mid-Western
Bardiya,Bheri,Terai,Mid-Western,Dhodhari,58009,3982,3951,,Mid-Western
Bardiya,Bheri,Terai,Mid-Western,Gola,58010,2586,2897,1.0,Mid-Western
Bardiya,Bheri,Terai,Mid-Western,Gulariya Municipality,58011,22922,20004,1.0,Mid-Western
Bardiya,Bheri,Terai,Mid-Western,Jamuni,58012,4750,5006,2.0,Mid-Western
Bardiya,Bheri,Terai,Mid-Western,Kalika,58013,4607,4318,1.0,Mid-Western
Bardiya,Bheri,Terai,Mid-Western,Khairichandanpur,58014,2583,3001,1.0,Mid-Western
Bardiya,Bheri,Terai,Mid-Western,Magaragadi,58015,7187,8105,2.0,Mid-Western
Bardiya,Bheri,Terai,Mid-Western,Mahamadpur,58016,4268,4578,1.0,Mid-Western
Bardiya,Bheri,Terai,Mid-Western,Maniapokher,58017,2876,3061,3.0,Mid-Western
Bardiya,Bheri,Terai,Mid-Western,Manau,58018,2491,3693,1.0,Mid-Western
Bardiya,Bheri,Terai,Mid-Western,Manpurtapara,58019,3012,4122,1.0,Mid-Western
Bardiya,Bheri,Terai,Mid-Western,Motipur,58020,7678,8417,1.0,Mid-Western
Bardiya,Bheri,Terai,Mid-Western,Nayagaun,58021,1753,2527,1.0,Mid-Western
Bardiya,Bheri,Terai,Mid-Western,Neulapur,58022,5528,5093,,Mid-Western
Bardiya,Bheri,Terai,Mid-Western,Padanaha,58023,2831,3725,1.0,Mid-Western
Bardiya,Bheri,Terai,Mid-Western,Pasupatinagar,58024,2312,2710,3.0,Mid-Western
Bardiya,Bheri,Terai,Mid-Western,Patabhar,58025,5329,6117,1.0,Mid-Western
Bardiya,Bheri,Terai,Mid-Western,Rajapur,58026,3977,5498,1.0,Mid-Western
Bardiya,Bheri,Terai,Mid-Western,Sanashree,58027,6530,6844,1.0,Mid-Western
Bardiya,Bheri,Terai,Mid-Western,Sivapur,58028,2695,3224,1.0,Mid-Western
Bardiya,Bheri,Terai,Mid-Western,Sorhawa,58029,4659,5592,1.0,Mid-Western
Bardiya,Bheri,Terai,Mid-Western,Suryapatawa,58030,3480,3991,1.0,Mid-Western
Bardiya,Bheri,Terai,Mid-Western,Taratal,58031,3000,3694,1.0,Mid-Western
Bardiya,Bheri,Terai,Mid-Western,Thakudwara,58032,3457,3354,1.0,Mid-Western
Surkhet,Bheri,Hill,Mid-Western,Agragaun,59001,1157,1170,,Mid-Western
Surkhet,Bheri,Hill,Mid-Western,Awalching,59002,979,1054,,Mid-Western
Surkhet,Bheri,Hill,Mid-Western,Babiyachaur,59003,3226,3040,,Mid-Western
Surkhet,Bheri,Hill,Mid-Western,Bajedichaur,59004,1636,1653,,Mid-Western
Surkhet,Bheri,Hill,Mid-Western,Betan,59005,1116,1224,,Mid-Western
Surkhet,Bheri,Hill,Mid-Western,Bidyapur,59006,2147,2273,,Mid-Western
Surkhet,Bheri,Hill,Mid-Western,Bijaura,59007,2268,2104,,Mid-Western
Surkhet,Bheri,Hill,Mid-Western,Birendranagar Municipality,59008,14497,14884,,Mid-Western
Surkhet,Bheri,Hill,Mid-Western,Chapre,59009,1388,1322,1.0,Mid-Western
Surkhet,Bheri,Hill,Mid-Western,Chhinchu,59010,5259,4704,,Mid-Western
Surkhet,Bheri,Hill,Mid-Western,Dahachaur,59011,1310,1406,,Mid-Western
Surkhet,Bheri,Hill,Mid-Western,Dandakhali,59012,900,871,,Mid-Western
Surkhet,Bheri,Hill,Mid-Western,Dasarathpur,59013,2054,1913,,Mid-Western
Surkhet,Bheri,Hill,Mid-Western,Dharapani,59014,1265,1252,,Mid-Western
Surkhet,Bheri,Hill,Mid-Western,Gadibayalkada,59015,1040,1471,,Mid-Western
Surkhet,Bheri,Hill,Mid-Western,Shanilekh,59016,867,889,1.0,Mid-Western
Surkhet,Bheri,Hill,Mid-Western,Ghatgaun,59017,2080,1872,,Mid-Western
Surkhet,Bheri,Hill,Mid-Western,Ghoreta,59018,1224,1213,,Mid-Western
Surkhet,Bheri,Hill,Mid-Western,Ghumkhahare,59019,1662,1612,,Mid-Western
Surkhet,Bheri,Hill,Mid-Western,Gumi,59020,2200,2810,,Mid-Western
Surkhet,Bheri,Hill,Mid-Western,Guthu,59021,2817,2837,1.0,Mid-Western
Surkhet,Bheri,Hill,Mid-Western,Hariharpur,59022,1722,1824,,Mid-Western
Surkhet,Bheri,Hill,Mid-Western,Jarbuta,59023,3128,2831,,Mid-Western
Surkhet,Bheri,Hill,Mid-Western,Kafalkot,59024,1557,1537,,Mid-Western
Surkhet,Bheri,Hill,Mid-Western,Kalyan,59025,2080,1926,,Mid-Western
Surkhet,Bheri,Hill,Mid-Western,Kaprichaur,59026,888,894,,Mid-Western
Surkhet,Bheri,Hill,Mid-Western,Khanikholla,59027,1105,1025,,Mid-Western
Surkhet,Bheri,Hill,Mid-Western,Kunathari,59028,2583,2683,,Mid-Western
Surkhet,Bheri,Hill,Mid-Western,Banshpani,59029,1758,1897,,Mid-Western
Surkhet,Bheri,Hill,Mid-Western,Latikoili,59030,6976,5330,,Mid-Western
Surkhet,Bheri,Hill,Mid-Western,Lekhfarsa,59031,2290,2397,,Mid-Western
Surkhet,Bheri,Hill,Mid-Western,Lekhgaun,59032,1496,2112,1.0,Mid-Western
Surkhet,Bheri,Hill,Mid-Western,Lekhparajul,59033,3262,3104,1.0,Mid-Western
Surkhet,Bheri,Hill,Mid-Western,Maintada,59034,4689,4518,,Mid-Western
Surkhet,Bheri,Hill,Mid-Western,Malarani,59035,1949,2009,,Mid-Western
Surkhet,Bheri,Hill,Mid-Western,Matela,59036,2363,2295,1.0,Mid-Western
Surkhet,Bheri,Hill,Mid-Western,Mehelkuna,59037,4038,3878,1.0,Mid-Western
Surkhet,Bheri,Hill,Mid-Western,Neta,59038,1216,1566,,Mid-Western
Surkhet,Bheri,Hill,Mid-Western,Pamka,59039,883,990,1.0,Mid-Western
Surkhet,Bheri,Hill,Mid-Western,Pokharikanda,59040,1639,1566,,Mid-Western
Surkhet,Bheri,Hill,Mid-Western,Rajena,59041,988,1000,,Mid-Western
Surkhet,Bheri,Hill,Mid-Western,Rakam,59042,1645,1519,,Mid-Western
Surkhet,Bheri,Hill,Mid-Western,Ramghat,59043,2887,2965,,Mid-Western
Surkhet,Bheri,Hill,Mid-Western,Ranibas,59044,1428,1486,1.0,Mid-Western
Surkhet,Bheri,Hill,Mid-Western,Ratu,59045,572,707,,Mid-Western
Surkhet,Bheri,Hill,Mid-Western,Sahare,59046,4308,4028,,Mid-Western
Surkhet,Bheri,Hill,Mid-Western,Salkot,59047,3202,2888,,Mid-Western
Surkhet,Bheri,Hill,Mid-Western,Satakhani,59048,3538,3632,,Mid-Western
Surkhet,Bheri,Hill,Mid-Western,Taranga,59049,2180,2288,2.0,Mid-Western
Surkhet,Bheri,Hill,Mid-Western,Tatopani,59050,2120,2055,,Mid-Western
Surkhet,Bheri,Hill,Mid-Western,Uttarganga,59051,6536,4389,,Mid-Western
Bajura,Seti,Mountain,Far-Western,Atichaur,67001,1794,1504,,Far-Western
Bajura,Seti,Mountain,Far-Western,Baddhu,67002,2062,1938,,Far-Western
Bajura,Seti,Mountain,Far-Western,Bai,67003,1421,1358,,Far-Western
Bajura,Seti,Mountain,Far-Western,Debalshain,67004,3404,2949,2.0,Far-Western
Bajura,Seti,Mountain,Far-Western,Bichhaiyan,67005,1207,942,,Far-Western
Bajura,Seti,Mountain,Far-Western,Bramhatola,67006,3750,2466,,Far-Western
Bajura,Seti,Mountain,Far-Western,Budhiganga,67007,1725,1348,,Far-Western
Bajura,Seti,Mountain,Far-Western,Chhatara,67008,1524,1314,,Far-Western
Bajura,Seti,Mountain,Far-Western,Dahakot,67009,1755,1688,,Far-Western
Bajura,Seti,Mountain,Far-Western,Dogadi,67010,1426,1315,,Far-Western
Bajura,Seti,Mountain,Far-Western,Gotree,67011,2622,1391,,Far-Western
Bajura,Seti,Mountain,Far-Western,Gudukhati,67012,2211,1890,,Far-Western
Bajura,Seti,Mountain,Far-Western,Jagannath,67013,1463,588,,Far-Western
Bajura,Seti,Mountain,Far-Western,Jayabageswori,67014,998,825,,Far-Western
Bajura,Seti,Mountain,Far-Western,Jugada,67015,2323,2043,2.0,Far-Western
Bajura,Seti,Mountain,Far-Western,Jukot,67016,1441,1380,,Far-Western
Bajura,Seti,Mountain,Far-Western,Kailashmandau,67017,4017,3353,,Far-Western
Bajura,Seti,Mountain,Far-Western,Kanda,67018,1290,1199,2.0,Far-Western
Bajura,Seti,Mountain,Far-Western,Kolti,67019,3149,2509,,Far-Western
Bajura,Seti,Mountain,Far-Western,Kotila,67020,1228,1287,,Far-Western
Bajura,Seti,Mountain,Far-Western,Taatey,67021,3430,2532,,Far-Western
Bajura,Seti,Mountain,Far-Western,Manakot,67022,1039,966,,Far-Western
Bajura,Seti,Mountain,Far-Western,Martadi,67023,3825,2284,,Far-Western
Bajura,Seti,Mountain,Far-Western,Pandusain,67024,2645,2333,,Far-Western
Bajura,Seti,Mountain,Far-Western,Rugin,67025,1210,1081,2.0,Far-Western
Bajura,Seti,Mountain,Far-Western,Sapata,67026,2721,1915,1.0,Far-Western
Bajura,Seti,Mountain,Far-Western,Tolidewal,67027,2352,1697,,Far-Western
Bajhang,Seti,Mountain,Far-Western,Banjh,68001,2180,1757,,Far-Western
Bajhang,Seti,Mountain,Far-Western,Bhairabanath,68002,2484,1811,,Far-Western
Bajhang,Seti,Mountain,Far-Western,Bhamchaur,68003,2103,1731,,Far-Western
Bajhang,Seti,Mountain,Far-Western,Bhatekhola,68004,1581,1304,,Far-Western
Bajhang,Seti,Mountain,Far-Western,Kotchaughan pata,68005,1894,1721,,Far-Western
Bajhang,Seti,Mountain,Far-Western,Chainpur,68006,3529,2201,,Far-Western
Bajhang,Seti,Mountain,Far-Western,Chaudhari,68007,1532,1530,,Far-Western
Bajhang,Seti,Mountain,Far-Western,Dahabagar,68008,2496,2274,,Far-Western
Bajhang,Seti,Mountain,Far-Western,Dangaji,68009,1975,1484,,Far-Western
Bajhang,Seti,Mountain,Far-Western,Dantola,68010,1411,1022,,Far-Western
Bajhang,Seti,Mountain,Far-Western,Daulichaur,68011,2405,1683,,Far-Western
Bajhang,Seti,Mountain,Far-Western,Deulekh,68012,1977,1536,,Far-Western
Bajhang,Seti,Mountain,Far-Western,Deulikot,68013,3021,2617,,Far-Western
Bajhang,Seti,Mountain,Far-Western,Dhamena,68014,1294,970,,Far-Western
Bajhang,Seti,Mountain,Far-Western,Gadaraya,68015,1436,1327,,Far-Western
Bajhang,Seti,Mountain,Far-Western,Hemantabada,68016,1446,1296,,Far-Western
Bajhang,Seti,Mountain,Far-Western,Kadel,68017,2021,1827,,Far-Western
Bajhang,Seti,Mountain,Far-Western,Kailash,68018,933,785,,Far-Western
Bajhang,Seti,Mountain,Far-Western,Kalukheti,68019,1124,1140,,Far-Western
Bajhang,Seti,Mountain,Far-Western,Kanda,68020,1026,735,,Far-Western
Bajhang,Seti,Mountain,Far-Western,Kaphalaseri,68021,2554,2287,,Far-Western
Bajhang,Seti,Mountain,Far-Western,Khiratadi,68022,3313,2766,,Far-Western
Bajhang,Seti,Mountain,Far-Western,Koiralakot,68023,1519,1369,,Far-Western
Bajhang,Seti,Mountain,Far-Western,Kotbhairab,68024,1529,1393,,Far-Western
Bajhang,Seti,Mountain,Far-Western,Kotdewal,68025,1616,1251,,Far-Western
Bajhang,Seti,Mountain,Far-Western,Lamatola,68026,793,712,,Far-Western
Bajhang,Seti,Mountain,Far-Western,Lekhgau,68027,2072,1681,,Far-Western
Bajhang,Seti,Mountain,Far-Western,Luyanta,68028,1374,1169,,Far-Western
Bajhang,Seti,Mountain,Far-Western,Channaa,68029,1771,1753,,Far-Western
Bajhang,Seti,Mountain,Far-Western,Malumela,68030,1031,908,,Far-Western
Bajhang,Seti,Mountain,Far-Western,Maasta,68031,1302,1009,,Far-Western
Bajhang,Seti,Mountain,Far-Western,Matela,68032,1099,995,,Far-Western
Bajhang,Seti,Mountain,Far-Western,Maulali,68033,1621,1272,,Far-Western
Bajhang,Seti,Mountain,Far-Western,Melbisauni,68034,1551,1171,,Far-Western
Bajhang,Seti,Mountain,Far-Western,Parakatne,68035,1797,1676,,Far-Western
Bajhang,Seti,Mountain,Far-Western,Patadewal,68036,1113,1024,,Far-Western
Bajhang,Seti,Mountain,Far-Western,Pauwagadhi,68037,857,764,,Far-Western
Bajhang,Seti,Mountain,Far-Western,Pipalkot,68038,2316,1715,1.0,Far-Western
Bajhang,Seti,Mountain,Far-Western,Rayal,68039,2880,2599,,Far-Western
Bajhang,Seti,Mountain,Far-Western,Rilu,68040,2437,1607,,Far-Western
Bajhang,Seti,Mountain,Far-Western,Rithapata,68041,1042,1034,,Far-Western
Bajhang,Seti,Mountain,Far-Western,Sainpasela,68042,2828,2326,,Far-Western
Bajhang,Seti,Mountain,Far-Western,Subeda,68043,1978,1680,,Far-Western
Bajhang,Seti,Mountain,Far-Western,Sunikot,68044,999,737,,Far-Western
Bajhang,Seti,Mountain,Far-Western,Sunkuda,68045,3161,2516,,Far-Western
Bajhang,Seti,Mountain,Far-Western,Surma,68046,1621,1116,,Far-Western
Bajhang,Seti,Mountain,Far-Western,Syandi,68047,2531,1999,,Far-Western
Achham,Seti,Hill,Far-Western,Babala,69001,1213,1196,3.0,Far-Western
Achham,Seti,Hill,Far-Western,Baijinath,69002,632,573,,Far-Western
Achham,Seti,Hill,Far-Western,Bannatoli,69003,1050,1150,2.0,Far-Western
Achham,Seti,Hill,Far-Western,Jayagath,69004,1856,1634,1.0,Far-Western
Achham,Seti,Hill,Far-Western,Basti,69005,1554,1525,,Far-Western
Achham,Seti,Hill,Far-Western,Batulasen,69006,1853,1524,,Far-Western
Achham,Seti,Hill,Far-Western,Bayala,69007,1787,1470,3.0,Far-Western
Achham,Seti,Hill,Far-Western,Bhagyaswori,69008,393,560,,Far-Western
Achham,Seti,Hill,Far-Western,Bhairabsthan,69009,1969,1483,1.0,Far-Western
Achham,Seti,Hill,Far-Western,Bhatakatiya,69010,1818,1659,,Far-Western
Achham,Seti,Hill,Far-Western,Muli,69011,1172,1080,,Far-Western
Achham,Seti,Hill,Far-Western,Binayak,69012,2485,2073,,Far-Western
Achham,Seti,Hill,Far-Western,Mellekh,69013,1617,1295,3.0,Far-Western
Achham,Seti,Hill,Far-Western,Birpath,69014,1269,1002,,Far-Western
Achham,Seti,Hill,Far-Western,Budhakot,69015,1176,1174,2.0,Far-Western
Achham,Seti,Hill,Far-Western,Chalsa,69016,926,911,1.0,Far-Western
Achham,Seti,Hill,Far-Western,Chandika(Bayalpata),69017,859,1011,1.0,Far-Western
Achham,Seti,Hill,Far-Western,Chaphamandau,69018,540,507,,Far-Western
Achham,Seti,Hill,Far-Western,Darna,69019,1864,1797,,Far-Western
Achham,Seti,Hill,Far-Western,Devisthan,69020,986,908,,Far-Western
Achham,Seti,Hill,Far-Western,Dhakari,69021,1722,1387,1.0,Far-Western
Achham,Seti,Hill,Far-Western,Dhaku,69022,779,716,,Far-Western
Achham,Seti,Hill,Far-Western,Dhamali,69023,1778,1751,1.0,Far-Western
Achham,Seti,Hill,Far-Western,Ghodasain,69024,1698,1883,1.0,Far-Western
Achham,Seti,Hill,Far-Western,Dhudharukot,69025,1330,1356,,Far-Western
Achham,Seti,Hill,Far-Western,Dhungachalna,69026,2479,1964,,Far-Western
Achham,Seti,Hill,Far-Western,Duni,69027,1038,798,4.0,Far-Western
Achham,Seti,Hill,Far-Western,Gajara,69028,616,726,1.0,Far-Western
Achham,Seti,Hill,Far-Western,Hatikot,69029,843,754,,Far-Western
Achham,Seti,Hill,Far-Western,Hichma,69030,2247,1894,1.0,Far-Western
Achham,Seti,Hill,Far-Western,Shrikot,69031,1277,1116,,Far-Western
Achham,Seti,Hill,Far-Western,Janalibandali,69032,1456,1236,,Far-Western
Achham,Seti,Hill,Far-Western,Janalikot,69033,736,853,2.0,Far-Western
Achham,Seti,Hill,Far-Western,Jupu,69034,1214,1299,1.0,Far-Western
Achham,Seti,Hill,Far-Western,Kalagau,69035,1161,1160,,Far-Western
Achham,Seti,Hill,Far-Western,Kalekanda,69036,1586,1135,,Far-Western
Achham,Seti,Hill,Far-Western,Kalika,69037,1534,1373,,Far-Western
Achham,Seti,Hill,Far-Western,Kacchi,69038,1551,1478,,Far-Western
Achham,Seti,Hill,Far-Western,Khaptad,69039,728,612,2.0,Far-Western
Achham,Seti,Hill,Far-Western,Sodsha,69040,1626,1459,,Far-Western
Achham,Seti,Hill,Far-Western,Kuika,69041,1658,1644,,Far-Western
Achham,Seti,Hill,Far-Western,Kuntibandali,69042,1575,1124,,Far-Western
Achham,Seti,Hill,Far-Western,Kushkot,69043,2205,1584,,Far-Western
Achham,Seti,Hill,Far-Western,Layati,69044,1123,900,,Far-Western
Achham,Seti,Hill,Far-Western,Lungra,69045,1855,1719,4.0,Far-Western
Achham,Seti,Hill,Far-Western,Malatikot,69046,1045,937,,Far-Western
Achham,Seti,Hill,Far-Western,Mangalsen,69047,3860,3782,,Far-Western
Achham,Seti,Hill,Far-Western,Marku,69048,1017,870,2.0,Far-Western
Achham,Seti,Hill,Far-Western,Mashtanamdali,69049,776,852,,Far-Western
Achham,Seti,Hill,Far-Western,Mastamandau,69050,1641,1451,,Far-Western
Achham,Seti,Hill,Far-Western,Nada,69051,1267,1151,1.0,Far-Western
Achham,Seti,Hill,Far-Western,Nandegada,69052,1586,1424,,Far-Western
Achham,Seti,Hill,Far-Western,Nawathana,69053,637,837,,Far-Western
Achham,Seti,Hill,Far-Western,Oligau,69054,1320,1450,,Far-Western
Achham,Seti,Hill,Far-Western,Patalkot,69055,1111,923,,Far-Western
Achham,Seti,Hill,Far-Western,Payal,69056,2132,2089,1.0,Far-Western
Achham,Seti,Hill,Far-Western,Pulletala,69057,1762,1120,,Far-Western
Achham,Seti,Hill,Far-Western,Rahaph,69058,2141,1474,,Far-Western
Achham,Seti,Hill,Far-Western,Ramarosan,69059,2658,1868,1.0,Far-Western
Achham,Seti,Hill,Far-Western,Raniban,69060,1260,1014,1.0,Far-Western
Achham,Seti,Hill,Far-Western,Ridikot,69061,643,676,,Far-Western
Achham,Seti,Hill,Far-Western,Risidaha,69062,1946,1544,1.0,Far-Western
Achham,Seti,Hill,Far-Western,Santada,69063,1483,1035,,Far-Western
Achham,Seti,Hill,Far-Western,Sera,69064,1241,1114,2.0,Far-Western
Achham,Seti,Hill,Far-Western,Siddheswor,69065,1485,1854,,Far-Western
Achham,Seti,Hill,Far-Western,Chourmandu,69066,2170,1923,,Far-Western
Achham,Seti,Hill,Far-Western,Soukat,69067,2747,2469,1.0,Far-Western
Achham,Seti,Hill,Far-Western,Sutar,69068,1637,1287,,Far-Western
Achham,Seti,Hill,Far-Western,Thanti,69069,1019,955,,Far-Western
Achham,Seti,Hill,Far-Western,Timilsain,69070,868,855,1.0,Far-Western
Achham,Seti,Hill,Far-Western,Toli,69071,1668,1462,2.0,Far-Western
Achham,Seti,Hill,Far-Western,Tosi,69072,1009,856,1.0,Far-Western
Achham,Seti,Hill,Far-Western,Turmakhad,69073,1779,1433,2.0,Far-Western
Achham,Seti,Hill,Far-Western,Balata,69074,1758,1542,,Far-Western
Achham,Seti,Hill,Far-Western,Warla,69075,1978,1337,1.0,Far-Western
Doti,Seti,Hill,Far-Western,Banjakakani,70001,1790,1851,3.0,Far-Western
Doti,Seti,Hill,Far-Western,Banlek,70002,1915,1846,,Far-Western
Doti,Seti,Hill,Far-Western,Barchhen,70003,2265,2348,2.0,Far-Western
Doti,Seti,Hill,Far-Western,Basudevi,70004,1635,1406,,Far-Western
Doti,Seti,Hill,Far-Western,Bhumirajmadau,70005,1716,1961,1.0,Far-Western
Doti,Seti,Hill,Far-Western,Chawarachautara,70006,1312,1453,1.0,Far-Western
Doti,Seti,Hill,Far-Western,Chhapali,70007,1444,1279,,Far-Western
Doti,Seti,Hill,Far-Western,Chhatiwan,70008,1593,1475,,Far-Western
Doti,Seti,Hill,Far-Western,Dahakalikasthan,70009,1208,1117,,Far-Western
Doti,Seti,Hill,Far-Western,Daud,70010,2598,2409,,Far-Western
Doti,Seti,Hill,Far-Western,Dhirkamandau,70012,867,855,,Far-Western
Doti,Seti,Hill,Far-Western,Dipayal Silgadhi Municipality,70013,9776,9488,,Far-Western
Doti,Seti,Hill,Far-Western,Durgamadau,70014,1630,1635,,Far-Western
Doti,Seti,Hill,Far-Western,Gadasera,70015,1440,1546,,Far-Western
Doti,Seti,Hill,Far-Western,Gaguda,70016,1320,1432,,Far-Western
Doti,Seti,Hill,Far-Western,Gaihragau,70017,1523,1487,2.0,Far-Western
Doti,Seti,Hill,Far-Western,Ganjari,70018,1404,966,,Far-Western
Doti,Seti,Hill,Far-Western,Ghanteswor,70019,910,988,,Far-Western
Doti,Seti,Hill,Far-Western,Girichauka,70020,1969,1678,,Far-Western
Doti,Seti,Hill,Far-Western,Dangkot,70021,938,916,1.0,Far-Western
Doti,Seti,Hill,Far-Western,Kadamadaun,70022,1780,1636,,Far-Western
Doti,Seti,Hill,Far-Western,Kalena,70023,1245,1043,,Far-Western
Doti,Seti,Hill,Far-Western,Kanachaur,70025,1276,1301,,Far-Western
Doti,Seti,Hill,Far-Western,Kapalleki,70026,1815,1741,,Far-Western
Doti,Seti,Hill,Far-Western,Kedarakhada,70027,825,859,1.0,Far-Western
Doti,Seti,Hill,Far-Western,Khatiwada,70028,2487,2501,,Far-Western
Doti,Seti,Hill,Far-Western,Khirsain,70029,1306,1245,,Far-Western
Doti,Seti,Hill,Far-Western,Ladagada,70030,1955,1741,,Far-Western
Doti,Seti,Hill,Far-Western,Lamikhal,70031,1653,1745,,Far-Western
Doti,Seti,Hill,Far-Western,Lanakedareswor,70032,1534,1578,,Far-Western
Doti,Seti,Hill,Far-Western,Latamandau,70033,2102,2283,,Far-Western
Doti,Seti,Hill,Far-Western,Laxminagar,70034,1893,2057,1.0,Far-Western
Doti,Seti,Hill,Far-Western,Mahadevsthan,70035,1991,1904,,Far-Western
Doti,Seti,Hill,Far-Western,Mannakapadi,70036,1472,1533,1.0,Far-Western
Doti,Seti,Hill,Far-Western,Mudabhara,70037,2155,2110,1.0,Far-Western
Doti,Seti,Hill,Far-Western,Mudhegau,70038,1110,1111,,Far-Western
Doti,Seti,Hill,Far-Western,Nirauli,70039,1212,1286,1.0,Far-Western
Doti,Seti,Hill,Far-Western,Pachanali,70040,1344,1375,,Far-Western
Doti,Seti,Hill,Far-Western,Pokhari,70041,1893,1776,2.0,Far-Western
Doti,Seti,Hill,Far-Western,Ranagau,70042,1336,1272,,Far-Western
Doti,Seti,Hill,Far-Western,Sanagau,70043,1237,1124,2.0,Far-Western
Doti,Seti,Hill,Far-Western,Saraswotinagar,70044,1299,1399,,Far-Western
Doti,Seti,Hill,Far-Western,Satphari,70045,1240,1245,1.0,Far-Western
Doti,Seti,Hill,Far-Western,Simchaur,70046,1505,1305,1.0,Far-Western
Doti,Seti,Hill,Far-Western,Tijali,70047,840,877,,Far-Western
Doti,Seti,Hill,Far-Western,Tikhatar,70048,2815,2778,,Far-Western
Doti,Seti,Hill,Far-Western,Toleni,70049,2430,2409,,Far-Western
Doti,Seti,Hill,Far-Western,Wagalek,70050,1693,1600,1.0,Far-Western
Doti,Seti,Hill,Far-Western,Warpata,70051,1600,1682,,Far-Western
Kailali,Seti,Terai,Far-Western,Baliya,71001,14227,14173,,Far-Western
Kailali,Seti,Terai,Far-Western,Basauti,71002,2185,2777,1.0,Far-Western
Kailali,Seti,Terai,Far-Western,Beladevipur,71003,4533,3585,1.0,Far-Western
Kailali,Seti,Terai,Far-Western,Bhajani,71004,5708,5045,2.0,Far-Western
Kailali,Seti,Terai,Far-Western,Boniya,71005,5468,5907,2.0,Far-Western
Kailali,Seti,Terai,Far-Western,Chauha,71006,7549,7301,,Far-Western
Kailali,Seti,Terai,Far-Western,Chaumala,71007,10982,8315,,Far-Western
Kailali,Seti,Terai,Far-Western,Dansinhapur,71008,3372,4288,1.0,Far-Western
Kailali,Seti,Terai,Far-Western,Darakh,71009,6815,5426,1.0,Far-Western
Kailali,Seti,Terai,Far-Western,Dhangadi Municipality,71010,35375,30099,,Far-Western
Kailali,Seti,Terai,Far-Western,Dododhara,71011,7600,6499,,Far-Western
Kailali,Seti,Terai,Far-Western,Durgauli,71012,4403,5908,,Far-Western
Kailali,Seti,Terai,Far-Western,Gadariya,71013,3487,4628,,Far-Western
Kailali,Seti,Terai,Far-Western,Geta,71014,8206,5450,,Far-Western
Kailali,Seti,Terai,Far-Western,Godawari,71015,5972,6091,,Far-Western
Kailali,Seti,Terai,Far-Western,Hasuliya,71016,4279,6260,2.0,Far-Western
Kailali,Seti,Terai,Far-Western,Janakinagar,71017,1864,2295,,Far-Western
Kailali,Seti,Terai,Far-Western,Joshipur,71018,6844,8607,1.0,Far-Western
Kailali,Seti,Terai,Far-Western,Khailad,71019,4203,4482,,Far-Western
Kailali,Seti,Terai,Far-Western,Khairala,71020,2021,1799,,Far-Western
Kailali,Seti,Terai,Far-Western,Kotatulsipur,71021,4500,4530,1.0,Far-Western
Kailali,Seti,Terai,Far-Western,Lalbojhi,71022,4401,4833,,Far-Western
Kailali,Seti,Terai,Far-Western,Malakheti,71023,10023,6952,,Far-Western
Kailali,Seti,Terai,Far-Western,Masuriya,71024,8120,7224,2.0,Far-Western
Kailali,Seti,Terai,Far-Western,Mohanyal,71025,1828,1952,,Far-Western
Kailali,Seti,Terai,Far-Western,Munuwa,71026,4519,5318,,Far-Western
Kailali,Seti,Terai,Far-Western,Narayanpur,71027,3987,5144,,Far-Western
Kailali,Seti,Terai,Far-Western,Nigali,71028,2729,2432,,Far-Western
Kailali,Seti,Terai,Far-Western,Pahalmanpur,71029,5203,5299,,Far-Western
Kailali,Seti,Terai,Far-Western,Pandaun,71030,1945,1709,,Far-Western
Kailali,Seti,Terai,Far-Western,Pathariya,71031,6774,8798,,Far-Western
Kailali,Seti,Terai,Far-Western,Pawera,71032,2191,2770,2.0,Far-Western
Kailali,Seti,Terai,Far-Western,Phulwari,71033,8177,8471,2.0,Far-Western
Kailali,Seti,Terai,Far-Western,Pratapapur,71034,5416,5703,,Far-Western
Kailali,Seti,Terai,Far-Western,Ramsikharjhala,71035,7192,6042,,Far-Western
Kailali,Seti,Terai,Far-Western,Ratanpur,71036,2515,3087,2.0,Far-Western
Kailali,Seti,Terai,Far-Western,Sadepani,71037,8685,8002,1.0,Far-Western
Kailali,Seti,Terai,Far-Western,Sahajpur,71038,3648,3187,,Far-Western
Kailali,Seti,Terai,Far-Western,Sreepur,71039,6133,6012,,Far-Western
Kailali,Seti,Terai,Far-Western,Sugarkhal,71040,6621,5684,,Far-Western
Kailali,Seti,Terai,Far-Western,Thapapur,71041,5616,6042,1.0,Far-Western
Kailali,Seti,Terai,Far-Western,Tikapur Municipality,71042,19721,17242,,Far-Western
Kailali,Seti,Terai,Far-Western,Udasipur,71043,3447,3501,1.0,Far-Western
Kailali,Seti,Terai,Far-Western,Urma,71044,4990,4925,,Far-Western
Kanchanpur,Mahakali,Terai,Far-Western,Baisibichawa,72001,5111,5109,1.0,Far-Western
Kanchanpur,Mahakali,Terai,Far-Western,Beldandi,72002,6164,6584,,Far-Western
Kanchanpur,Mahakali,Terai,Far-Western,Chandani,72003,7155,7495,,Far-Western
Kanchanpur,Mahakali,Terai,Far-Western,Daijee,72004,9838,10091,,Far-Western
Kanchanpur,Mahakali,Terai,Far-Western,Dekhatbhuli,72005,7869,7355,,Far-Western
Kanchanpur,Mahakali,Terai,Far-Western,Dodhara,72006,8249,8254,,Far-Western
Kanchanpur,Mahakali,Terai,Far-Western,Jhalari,72007,8863,7082,,Far-Western
Kanchanpur,Mahakali,Terai,Far-Western,Kalika,72008,6073,5779,,Far-Western
Kanchanpur,Mahakali,Terai,Far-Western,Krishnapur,72009,15059,11311,2.0,Far-Western
Kanchanpur,Mahakali,Terai,Far-Western,Laxmipur,72010,5103,5230,1.0,Far-Western
Kanchanpur,Mahakali,Terai,Far-Western,Bhim Datt,72011,34601,35963,,Far-Western
Kanchanpur,Mahakali,Terai,Far-Western,Parasan,72012,5977,6008,,Far-Western
Kanchanpur,Mahakali,Terai,Far-Western,Pipaladi,72013,8775,8778,,Far-Western
Kanchanpur,Mahakali,Terai,Far-Western,Raikawarbichawa,72014,6153,6482,2.0,Far-Western
Kanchanpur,Mahakali,Terai,Far-Western,Rampurbilaspur,72015,6472,6873,1.0,Far-Western
Kanchanpur,Mahakali,Terai,Far-Western,Rautelibichawa,72016,1756,4433,,Far-Western
Kanchanpur,Mahakali,Terai,Far-Western,Sankarpur,72017,2928,2910,,Far-Western
Kanchanpur,Mahakali,Terai,Far-Western,Sreepur,72018,7183,8271,,Far-Western
Kanchanpur,Mahakali,Terai,Far-Western,Suda,72019,6694,8034,,Far-Western
Kanchanpur,Mahakali,Terai,Far-Western,Tribhuwanbast,72020,5531,5556,,Far-Western
Dadeldhura,Mahakali,Hill,Far-Western,Chamada,73001,2016,1769,,Far-Western
Dadeldhura,Mahakali,Hill,Far-Western,Alital,73002,5458,4077,3.0,Far-Western
Dadeldhura,Mahakali,Hill,Far-Western,Amargadhi Municipality,73003,7531,7844,1.0,Far-Western
Dadeldhura,Mahakali,Hill,Far-Western,Ashigram,73004,1228,1360,1.0,Far-Western
Dadeldhura,Mahakali,Hill,Far-Western,Bagarkot,73005,1727,1754,1.0,Far-Western
Dadeldhura,Mahakali,Hill,Far-Western,Belapur,73006,2913,2864,1.0,Far-Western
Dadeldhura,Mahakali,Hill,Far-Western,Bhadrapur,73007,1110,1053,2.0,Far-Western
Dadeldhura,Mahakali,Hill,Far-Western,Bhageswor,73008,1628,1690,,Far-Western
Dadeldhura,Mahakali,Hill,Far-Western,Chipur,73009,1206,1138,6.0,Far-Western
Dadeldhura,Mahakali,Hill,Far-Western,Dewaldibyapur,73010,2594,2424,4.0,Far-Western
Dadeldhura,Mahakali,Hill,Far-Western,Ganeshpur,73011,1471,1500,,Far-Western
Dadeldhura,Mahakali,Hill,Far-Western,Gankhet,73012,2086,1975,1.0,Far-Western
Dadeldhura,Mahakali,Hill,Far-Western,Jogbuda,73013,6368,8035,1.0,Far-Western
Dadeldhura,Mahakali,Hill,Far-Western,Kailapalamandau,73014,1909,1795,1.0,Far-Western
Dadeldhura,Mahakali,Hill,Far-Western,Koteli,73015,1692,1676,2.0,Far-Western
Dadeldhura,Mahakali,Hill,Far-Western,Manilek,73016,1763,1746,1.0,Far-Western
Dadeldhura,Mahakali,Hill,Far-Western,Mashtamandau,73017,1416,1412,1.0,Far-Western
Dadeldhura,Mahakali,Hill,Far-Western,Nawadurga,73018,1388,1354,1.0,Far-Western
Dadeldhura,Mahakali,Hill,Far-Western,Rupal,73019,2533,2262,1.0,Far-Western
Dadeldhura,Mahakali,Hill,Far-Western,Samejee,73020,905,1085,1.0,Far-Western
Dadeldhura,Mahakali,Hill,Far-Western,Sirsha,73021,5341,4822,2.0,Far-Western
Baitadi,Mahakali,Hill,Far-Western,Amchaur,74001,2303,1877,2.0,Far-Western
Baitadi,Mahakali,Hill,Far-Western,Basantapur,74002,1138,1019,1.0,Far-Western
Baitadi,Mahakali,Hill,Far-Western,Basuling,74003,1410,1343,2.0,Far-Western
Baitadi,Mahakali,Hill,Far-Western,Bhatana,74004,1748,1427,1.0,Far-Western
Baitadi,Mahakali,Hill,Far-Western,Bhumeswor,74005,1406,1340,1.0,Far-Western
Baitadi,Mahakali,Hill,Far-Western,Bijayapur,74006,1682,1608,1.0,Far-Western
Baitadi,Mahakali,Hill,Far-Western,Bilashpur,74007,1783,1518,1.0,Far-Western
Baitadi,Mahakali,Hill,Far-Western,Bumiraj,74008,1920,1601,1.0,Far-Western
Baitadi,Mahakali,Hill,Far-Western,Chaukham,74009,1229,1198,3.0,Far-Western
Baitadi,Mahakali,Hill,Far-Western,Dasharathchand Municipality,74010,6406,7759,1.0,Far-Western
Baitadi,Mahakali,Hill,Far-Western,Dehimandau,74011,2017,1634,1.0,Far-Western
Baitadi,Mahakali,Hill,Far-Western,Deulek,74012,992,906,1.0,Far-Western
Baitadi,Mahakali,Hill,Far-Western,Dhikarim/Rim,74013,1683,1696,1.0,Far-Western
Baitadi,Mahakali,Hill,Far-Western,Dhikasintad/Sitad,74014,1917,1860,1.0,Far-Western
Baitadi,Mahakali,Hill,Far-Western,Dhungad,74015,1130,982,2.0,Far-Western
Baitadi,Mahakali,Hill,Far-Western,Dilasaini,74016,2272,2322,1.0,Far-Western
Baitadi,Mahakali,Hill,Far-Western,Durgabhabani,74017,863,1006,1.0,Far-Western
Baitadi,Mahakali,Hill,Far-Western,Durgasthan,74018,1617,1609,1.0,Far-Western
Baitadi,Mahakali,Hill,Far-Western,Gajari,74019,1662,1611,1.0,Far-Western
Baitadi,Mahakali,Hill,Far-Western,Giregada,74020,1299,1308,1.0,Far-Western
Baitadi,Mahakali,Hill,Far-Western,Gokuleswor,74021,1753,1731,1.0,Far-Western
Baitadi,Mahakali,Hill,Far-Western,Gujar,74022,1371,1169,1.0,Far-Western
Baitadi,Mahakali,Hill,Far-Western,Gurukhola,74023,1608,1699,1.0,Far-Western
Baitadi,Mahakali,Hill,Far-Western,Jashibunga,74024,1331,1435,1.0,Far-Western
Baitadi,Mahakali,Hill,Far-Western,Puhat,74025,980,870,1.0,Far-Western
Baitadi,Mahakali,Hill,Far-Western,Hatraj,74026,447,475,1.0,Far-Western
Baitadi,Mahakali,Hill,Far-Western,Kaipal,74027,1232,1251,2.0,Far-Western
Baitadi,Mahakali,Hill,Far-Western,Kataujpani,74028,1775,1839,1.0,Far-Western
Baitadi,Mahakali,Hill,Far-Western,Kotila,74029,1438,1361,2.0,Far-Western
Baitadi,Mahakali,Hill,Far-Western,Kotpetara,74030,2826,2326,1.0,Far-Western
Baitadi,Mahakali,Hill,Far-Western,Kulau,74031,1199,1173,2.0,Far-Western
Baitadi,Mahakali,Hill,Far-Western,Kuwakot,74032,2138,1873,1.0,Far-Western
Baitadi,Mahakali,Hill,Far-Western,Mahadevsthan,74033,1420,1389,2.0,Far-Western
Baitadi,Mahakali,Hill,Far-Western,Mahakali,74034,1497,1307,2.0,Far-Western
Baitadi,Mahakali,Hill,Far-Western,Maharudra,74035,1856,1735,2.0,Far-Western
Baitadi,Mahakali,Hill,Far-Western,Malladehi,74036,1671,1620,1.0,Far-Western
Baitadi,Mahakali,Hill,Far-Western,Hadacot,74037,1211,1213,1.0,Far-Western
Baitadi,Mahakali,Hill,Far-Western,Maunali,74038,1258,1198,2.0,Far-Western
Baitadi,Mahakali,Hill,Far-Western,Kesharpur,74039,2093,1983,1.0,Far-Western
Baitadi,Mahakali,Hill,Far-Western,Nagarjun,74040,984,884,1.0,Far-Western
Baitadi,Mahakali,Hill,Far-Western,Nwadeu,74041,1906,1655,1.0,Far-Western
Baitadi,Mahakali,Hill,Far-Western,Nwali,74042,1332,1250,2.0,Far-Western
Baitadi,Mahakali,Hill,Far-Western,Pancheswor,74043,1747,1409,1.0,Far-Western
Baitadi,Mahakali,Hill,Far-Western,Patan,74044,1803,2401,1.0,Far-Western
Baitadi,Mahakali,Hill,Far-Western,Raudidewal,74045,1267,1542,2.0,Far-Western
Baitadi,Mahakali,Hill,Far-Western,Rauleswor,74046,1617,1576,2.0,Far-Western
Baitadi,Mahakali,Hill,Far-Western,Rudreswor,74047,1504,1402,2.0,Far-Western
Baitadi,Mahakali,Hill,Far-Western,Sakar,74048,1432,1442,1.0,Far-Western
Baitadi,Mahakali,Hill,Far-Western,Salena,74049,1317,1348,1.0,Far-Western
Baitadi,Mahakali,Hill,Far-Western,Sarmali,74050,3396,2708,1.0,Far-Western
Baitadi,Mahakali,Hill,Far-Western,Shankarpur,74051,996,911,1.0,Far-Western
Baitadi,Mahakali,Hill,Far-Western,Shibanath,74052,2382,2168,1.0,Far-Western
Baitadi,Mahakali,Hill,Far-Western,Shikharpur,74053,2248,2088,1.0,Far-Western
Baitadi,Mahakali,Hill,Far-Western,Shivaling,74054,1689,1492,1.0,Far-Western
Baitadi,Mahakali,Hill,Far-Western,Siddhapur,74055,1058,939,1.0,Far-Western
Baitadi,Mahakali,Hill,Far-Western,Siddheswor,74056,1993,1702,2.0,Far-Western
Baitadi,Mahakali,Hill,Far-Western,Sikash,74057,1641,1487,1.0,Far-Western
Baitadi,Mahakali,Hill,Far-Western,Silanga,74058,1144,1138,1.0,Far-Western
Baitadi,Mahakali,Hill,Far-Western,Sreekedar,74059,829,948,1.0,Far-Western
Baitadi,Mahakali,Hill,Far-Western,Sreekot,74060,1440,1403,1.0,Far-Western
Baitadi,Mahakali,Hill,Far-Western,Talladehi,74061,1223,1188,1.0,Far-Western
Baitadi,Mahakali,Hill,Far-Western,Thalakanda,74062,1083,1048,1.0,Far-Western
Baitadi,Mahakali,Hill,Far-Western,Udayadeb,74063,2014,1781,2.0,Far-Western
Darchaula,Mahakali,Mountain,Far-Western,Bhagabati,75001,1314,1297,,Far-Western
Darchaula,Mahakali,Mountain,Far-Western,Boharigau,75002,1626,1646,2.0,Far-Western
Darchaula,Mahakali,Mountain,Far-Western,Bramhadev,75003,700,849,1.0,Far-Western
Darchaula,Mahakali,Mountain,Far-Western,Byash,75004,1857,279,1.0,Far-Western
Darchaula,Mahakali,Mountain,Far-Western,Chhapari,75005,1070,1199,1.0,Far-Western
Darchaula,Mahakali,Mountain,Far-Western,Dadakot,75006,684,871,,Far-Western
Darchaula,Mahakali,Mountain,Far-Western,Dattu,75007,891,948,1.0,Far-Western
Darchaula,Mahakali,Mountain,Far-Western,Dethala,75008,1605,1521,2.0,Far-Western
Darchaula,Mahakali,Mountain,Far-Western,Dhap,75009,2222,2081,1.0,Far-Western
Darchaula,Mahakali,Mountain,Far-Western,Dhari,75010,1590,1664,1.0,Far-Western
Darchaula,Mahakali,Mountain,Far-Western,Dhaulakot,75011,965,1103,,Far-Western
Darchaula,Mahakali,Mountain,Far-Western,Dhuligada,75012,2209,1590,3.0,Far-Western
Darchaula,Mahakali,Mountain,Far-Western,Eyarkot,75013,1181,900,1.0,Far-Western
Darchaula,Mahakali,Mountain,Far-Western,Ghusa,75014,589,554,1.0,Far-Western
Darchaula,Mahakali,Mountain,Far-Western,Gokuleswor,75015,1444,1472,1.0,Far-Western
Darchaula,Mahakali,Mountain,Far-Western,Guljar,75016,1850,1558,1.0,Far-Western
Darchaula,Mahakali,Mountain,Far-Western,Gwani,75017,2001,1790,1.0,Far-Western
Darchaula,Mahakali,Mountain,Far-Western,Hikila,75018,1138,1104,1.0,Far-Western
Darchaula,Mahakali,Mountain,Far-Western,Hunainath,75019,794,695,1.0,Far-Western
Darchaula,Mahakali,Mountain,Far-Western,Huti,75020,921,1149,1.0,Far-Western
Darchaula,Mahakali,Mountain,Far-Western,Kante,75021,1061,1223,2.0,Far-Western
Darchaula,Mahakali,Mountain,Far-Western,Khalanga,75022,2287,2465,2.0,Far-Western
Darchaula,Mahakali,Mountain,Far-Western,Khandeswori,75023,1108,1108,1.0,Far-Western
Darchaula,Mahakali,Mountain,Far-Western,Khar,75024,1780,1568,1.0,Far-Western
Darchaula,Mahakali,Mountain,Far-Western,Kharkada,75025,1165,1262,1.0,Far-Western
Darchaula,Mahakali,Mountain,Far-Western,Lali,75026,1005,1312,,Far-Western
Darchaula,Mahakali,Mountain,Far-Western,Latinath,75027,1877,1670,1.0,Far-Western
Darchaula,Mahakali,Mountain,Far-Western,Malikarjun,75028,998,960,1.0,Far-Western
Darchaula,Mahakali,Mountain,Far-Western,Pipalchauri,75029,790,911,1.0,Far-Western
Darchaula,Mahakali,Mountain,Far-Western,Ranisikhar,75030,1211,975,1.0,Far-Western
Darchaula,Mahakali,Mountain,Far-Western,Rapla,75031,390,518,1.0,Far-Western
Darchaula,Mahakali,Mountain,Far-Western,Rithachaupata,75032,1867,2027,2.0,Far-Western
Darchaula,Mahakali,Mountain,Far-Western,Sankarpur,75033,1220,1277,1.0,Far-Western
Darchaula,Mahakali,Mountain,Far-Western,Seri,75034,1097,916,5.0,Far-Western
Darchaula,Mahakali,Mountain,Far-Western,Sharmauli,75035,1660,1833,,Far-Western
Darchaula,Mahakali,Mountain,Far-Western,Sikhar,75036,1065,1049,1.0,Far-Western
Darchaula,Mahakali,Mountain,Far-Western,Sipti,75037,1958,1553,1.0,Far-Western
Darchaula,Mahakali,Mountain,Far-Western,Sitaula,75038,1512,1115,,Far-Western
Darchaula,Mahakali,Mountain,Far-Western,Sunsera,75039,1375,1371,1.0,Far-Western
Darchaula,Mahakali,Mountain,Far-Western,Tapoban,75040,918,903,1.0,Far-Western
Darchaula,Mahakali,Mountain,Far-Western,Uku,75041,1277,1674,1.0,Far-Western
