District Name,Zone,Ecological Belt,Development Region,Year (BS),Year (AD),Indicator,Sub-Indicator,Sub-Indicator,Value
Taplejung,Mechi,Mountain,Eastern,2069/70,2012/13,New Identified HIV cases ,25-39 Years,Male,1
Jhapa,Mechi,Terai,Eastern,2069/70,2012/13,New Identified HIV cases ,0-14 Years,Female,2
Jhapa,Mechi,Terai,Eastern,2069/70,2012/13,New Identified HIV cases ,0-14 Years,Male,5
Jhapa,Mechi,Terai,Eastern,2069/70,2012/13,New Identified HIV cases ,15-24 Years,Female,7
Jhapa,Mechi,Terai,Eastern,2069/70,2012/13,New Identified HIV cases ,15-24 Years,Male,4
Jhapa,Mechi,Terai,Eastern,2069/70,2012/13,New Identified HIV cases ,25-39 Years,Female,12
Jhapa,Mechi,Terai,Eastern,2069/70,2012/13,New Identified HIV cases ,25-39 Years,Male,18
Jhapa,Mechi,Terai,Eastern,2069/70,2012/13,New Identified HIV cases ,40-49 Years,Female,1
Jhapa,Mechi,Terai,Eastern,2069/70,2012/13,New Identified HIV cases ,40-49 Years,Male,4
Morang,Kosi,Terai,Eastern,2069/70,2012/13,New Identified HIV cases ,0-14 Years,Male,5
Morang,Kosi,Terai,Eastern,2069/70,2012/13,New Identified HIV cases ,15-24 Years,Female,11
Morang,Kosi,Terai,Eastern,2069/70,2012/13,New Identified HIV cases ,15-24 Years,Male,8
Morang,Kosi,Terai,Eastern,2069/70,2012/13,New Identified HIV cases ,15-24 Years,TG,1
Morang,Kosi,Terai,Eastern,2069/70,2012/13,New Identified HIV cases ,25-39 Years,Female,24
Morang,Kosi,Terai,Eastern,2069/70,2012/13,New Identified HIV cases ,25-39 Years,Male,46
Morang,Kosi,Terai,Eastern,2069/70,2012/13,New Identified HIV cases ,25-39 Years,TG,1
Morang,Kosi,Terai,Eastern,2069/70,2012/13,New Identified HIV cases ,40-49 Years,Female,2
Morang,Kosi,Terai,Eastern,2069/70,2012/13,New Identified HIV cases ,40-49 Years,Male,8
Morang,Kosi,Terai,Eastern,2069/70,2012/13,New Identified HIV cases ,50+ Years,Female,2
Morang,Kosi,Terai,Eastern,2069/70,2012/13,New Identified HIV cases ,50+ Years,Male,5
Sunsari,Kosi,Terai,Eastern,2069/70,2012/13,New Identified HIV cases ,0-14 Years,Female,3
Sunsari,Kosi,Terai,Eastern,2069/70,2012/13,New Identified HIV cases ,0-14 Years,Male,10
Sunsari,Kosi,Terai,Eastern,2069/70,2012/13,New Identified HIV cases ,15-24 Years,Female,7
Sunsari,Kosi,Terai,Eastern,2069/70,2012/13,New Identified HIV cases ,15-24 Years,Male,7
Sunsari,Kosi,Terai,Eastern,2069/70,2012/13,New Identified HIV cases ,15-24 Years,TG,1
Sunsari,Kosi,Terai,Eastern,2069/70,2012/13,New Identified HIV cases ,25-39 Years,Female,36
Sunsari,Kosi,Terai,Eastern,2069/70,2012/13,New Identified HIV cases ,25-39 Years,Male,45
Sunsari,Kosi,Terai,Eastern,2069/70,2012/13,New Identified HIV cases ,40-49 Years,Female,3
Sunsari,Kosi,Terai,Eastern,2069/70,2012/13,New Identified HIV cases ,40-49 Years,Male,12
Sunsari,Kosi,Terai,Eastern,2069/70,2012/13,New Identified HIV cases ,50+ Years,Female,1
Sunsari,Kosi,Terai,Eastern,2069/70,2012/13,New Identified HIV cases ,50+ Years,Male,7
Dhankuta,Kosi,Hill,Eastern,2069/70,2012/13,New Identified HIV cases ,15-24 Years,Female,1
Saptari,Sagarmatha,Terai,Eastern,2069/70,2012/13,New Identified HIV cases ,0-14 Years,Female,1
Saptari,Sagarmatha,Terai,Eastern,2069/70,2012/13,New Identified HIV cases ,0-14 Years,Male,2
Saptari,Sagarmatha,Terai,Eastern,2069/70,2012/13,New Identified HIV cases ,15-24 Years,Female,1
Saptari,Sagarmatha,Terai,Eastern,2069/70,2012/13,New Identified HIV cases ,25-39 Years,Female,6
Saptari,Sagarmatha,Terai,Eastern,2069/70,2012/13,New Identified HIV cases ,25-39 Years,Male,10
Saptari,Sagarmatha,Terai,Eastern,2069/70,2012/13,New Identified HIV cases ,40-49 Years,Female,2
Saptari,Sagarmatha,Terai,Eastern,2069/70,2012/13,New Identified HIV cases ,40-49 Years,Male,2
Saptari,Sagarmatha,Terai,Eastern,2069/70,2012/13,New Identified HIV cases ,50+ Years,Male,1
Siraha,Sagarmatha,Terai,Eastern,2069/70,2012/13,New Identified HIV cases ,50+ Years,Male,2
Dhanusha,Janakpur,Terai,Central,2069/70,2012/13,New Identified HIV cases ,0-14 Years,Female,5
Dhanusha,Janakpur,Terai,Central,2069/70,2012/13,New Identified HIV cases ,0-14 Years,Male,2
Dhanusha,Janakpur,Terai,Central,2069/70,2012/13,New Identified HIV cases ,15-24 Years,Female,11
Dhanusha,Janakpur,Terai,Central,2069/70,2012/13,New Identified HIV cases ,15-24 Years,Male,9
Dhanusha,Janakpur,Terai,Central,2069/70,2012/13,New Identified HIV cases ,25-39 Years,Female,30
Dhanusha,Janakpur,Terai,Central,2069/70,2012/13,New Identified HIV cases ,25-39 Years,Male,50
Dhanusha,Janakpur,Terai,Central,2069/70,2012/13,New Identified HIV cases ,40-49 Years,Female,8
Dhanusha,Janakpur,Terai,Central,2069/70,2012/13,New Identified HIV cases ,40-49 Years,Male,12
Dhanusha,Janakpur,Terai,Central,2069/70,2012/13,New Identified HIV cases ,50+ Years,Female,1
Dhanusha,Janakpur,Terai,Central,2069/70,2012/13,New Identified HIV cases ,50+ Years,Male,3
Mahottari,Janakpur,Terai,Central,2069/70,2012/13,New Identified HIV cases ,25-39 Years,Female,1
Mahottari,Janakpur,Terai,Central,2069/70,2012/13,New Identified HIV cases ,40-49 Years,Male,1
Mahottari,Janakpur,Terai,Central,2069/70,2012/13,New Identified HIV cases ,50+ Years,Male,2
Sarlahi,Janakpur,Terai,Central,2069/70,2012/13,New Identified HIV cases ,0-14 Years,Female,3
Sarlahi,Janakpur,Terai,Central,2069/70,2012/13,New Identified HIV cases ,0-14 Years,Male,2
Sarlahi,Janakpur,Terai,Central,2069/70,2012/13,New Identified HIV cases ,15-24 Years,Male,3
Sarlahi,Janakpur,Terai,Central,2069/70,2012/13,New Identified HIV cases ,15-24 Years,TG,1
Sarlahi,Janakpur,Terai,Central,2069/70,2012/13,New Identified HIV cases ,25-39 Years,Female,8
Sarlahi,Janakpur,Terai,Central,2069/70,2012/13,New Identified HIV cases ,25-39 Years,Male,8
Sarlahi,Janakpur,Terai,Central,2069/70,2012/13,New Identified HIV cases ,25-39 Years,TG,4
Sarlahi,Janakpur,Terai,Central,2069/70,2012/13,New Identified HIV cases ,40-49 Years,Male,3
Ramechhap,Janakpur,Hill,Central,2069/70,2012/13,New Identified HIV cases ,25-39 Years,Male,1
Sindhupalchowk,Bagmati,Mountain,Central,2069/70,2012/13,New Identified HIV cases ,25-39 Years,Male,1
Kavre,Bagmati,Hill,Central,2069/70,2012/13,New Identified HIV cases ,25-39 Years,Female,1
Lalitpur,Bagmati,Hill,Central,2069/70,2012/13,New Identified HIV cases ,0-14 Years,Male,2
Lalitpur,Bagmati,Hill,Central,2069/70,2012/13,New Identified HIV cases ,15-24 Years,Male,3
Lalitpur,Bagmati,Hill,Central,2069/70,2012/13,New Identified HIV cases ,25-39 Years,Female,1
Lalitpur,Bagmati,Hill,Central,2069/70,2012/13,New Identified HIV cases ,25-39 Years,Male,14
Lalitpur,Bagmati,Hill,Central,2069/70,2012/13,New Identified HIV cases ,40-49 Years,Female,1
Lalitpur,Bagmati,Hill,Central,2069/70,2012/13,New Identified HIV cases ,40-49 Years,Male,3
Bhaktapur ,Bagmati,Hill,Central,2069/70,2012/13,New Identified HIV cases ,0-14 Years,Male,2
Bhaktapur ,Bagmati,Hill,Central,2069/70,2012/13,New Identified HIV cases ,15-24 Years,Female,2
Bhaktapur ,Bagmati,Hill,Central,2069/70,2012/13,New Identified HIV cases ,15-24 Years,Male,1
Bhaktapur ,Bagmati,Hill,Central,2069/70,2012/13,New Identified HIV cases ,25-39 Years,Female,6
Bhaktapur ,Bagmati,Hill,Central,2069/70,2012/13,New Identified HIV cases ,25-39 Years,Male,3
Bhaktapur ,Bagmati,Hill,Central,2069/70,2012/13,New Identified HIV cases ,40-49 Years,Female,1
Bhaktapur ,Bagmati,Hill,Central,2069/70,2012/13,New Identified HIV cases ,40-49 Years,Male,1
Kathmandu,Bagmati,Hill,Central,2069/70,2012/13,New Identified HIV cases ,0-14 Years,Female,13
Kathmandu,Bagmati,Hill,Central,2069/70,2012/13,New Identified HIV cases ,0-14 Years,Male,9
Kathmandu,Bagmati,Hill,Central,2069/70,2012/13,New Identified HIV cases ,15-24 Years,Female,12
Kathmandu,Bagmati,Hill,Central,2069/70,2012/13,New Identified HIV cases ,15-24 Years,Male,39
Kathmandu,Bagmati,Hill,Central,2069/70,2012/13,New Identified HIV cases ,25-39 Years,Female,73
Kathmandu,Bagmati,Hill,Central,2069/70,2012/13,New Identified HIV cases ,25-39 Years,Male,148
Kathmandu,Bagmati,Hill,Central,2069/70,2012/13,New Identified HIV cases ,25-39 Years,TG,1
Kathmandu,Bagmati,Hill,Central,2069/70,2012/13,New Identified HIV cases ,40-49 Years,Female,24
Kathmandu,Bagmati,Hill,Central,2069/70,2012/13,New Identified HIV cases ,40-49 Years,Male,44
Kathmandu,Bagmati,Hill,Central,2069/70,2012/13,New Identified HIV cases ,50+ Years,Female,4
Kathmandu,Bagmati,Hill,Central,2069/70,2012/13,New Identified HIV cases ,50+ Years,Male,22
Nuwakot,Bagmati,Hill,Central,2069/70,2012/13,New Identified HIV cases ,15-24 Years,Female,3
Nuwakot,Bagmati,Hill,Central,2069/70,2012/13,New Identified HIV cases ,40-49 Years,Female,1
Nuwakot,Bagmati,Hill,Central,2069/70,2012/13,New Identified HIV cases ,40-49 Years,Male,1
Dhading,Bagmati,Hill,Central,2069/70,2012/13,New Identified HIV cases ,15-24 Years,Female,2
Dhading,Bagmati,Hill,Central,2069/70,2012/13,New Identified HIV cases ,15-24 Years,Male,2
Dhading,Bagmati,Hill,Central,2069/70,2012/13,New Identified HIV cases ,25-39 Years,Female,3
Dhading,Bagmati,Hill,Central,2069/70,2012/13,New Identified HIV cases ,25-39 Years,Male,3
Dhading,Bagmati,Hill,Central,2069/70,2012/13,New Identified HIV cases ,40-49 Years,Female,3
Dhading,Bagmati,Hill,Central,2069/70,2012/13,New Identified HIV cases ,40-49 Years,Male,3
Dhading,Bagmati,Hill,Central,2069/70,2012/13,New Identified HIV cases ,50+ Years,Male,2
Makawanpur,Narayani,Hill,Central,2069/70,2012/13,New Identified HIV cases ,0-14 Years,Female,2
Makawanpur,Narayani,Hill,Central,2069/70,2012/13,New Identified HIV cases ,15-24 Years,Female,2
Makawanpur,Narayani,Hill,Central,2069/70,2012/13,New Identified HIV cases ,15-24 Years,Male,2
Makawanpur,Narayani,Hill,Central,2069/70,2012/13,New Identified HIV cases ,25-39 Years,Female,9
Makawanpur,Narayani,Hill,Central,2069/70,2012/13,New Identified HIV cases ,25-39 Years,Male,6
Makawanpur,Narayani,Hill,Central,2069/70,2012/13,New Identified HIV cases ,40-49 Years,Male,4
Makawanpur,Narayani,Hill,Central,2069/70,2012/13,New Identified HIV cases ,50+ Years,Male,1
Rautahat,Narayani,Terai,Central,2069/70,2012/13,New Identified HIV cases ,25-39 Years,Female,1
Rautahat,Narayani,Terai,Central,2069/70,2012/13,New Identified HIV cases ,40-49 Years,Male,1
Bara,Narayani,Terai,Central,2069/70,2012/13,New Identified HIV cases ,25-39 Years,Female,1
Bara,Narayani,Terai,Central,2069/70,2012/13,New Identified HIV cases ,25-39 Years,Male,2
Parsa,Narayani,Terai,Central,2069/70,2012/13,New Identified HIV cases ,0-14 Years,Female,5
Parsa,Narayani,Terai,Central,2069/70,2012/13,New Identified HIV cases ,0-14 Years,Male,7
Parsa,Narayani,Terai,Central,2069/70,2012/13,New Identified HIV cases ,15-24 Years,Female,9
Parsa,Narayani,Terai,Central,2069/70,2012/13,New Identified HIV cases ,15-24 Years,Male,10
Parsa,Narayani,Terai,Central,2069/70,2012/13,New Identified HIV cases ,25-39 Years,Female,27
Parsa,Narayani,Terai,Central,2069/70,2012/13,New Identified HIV cases ,25-39 Years,Male,35
Parsa,Narayani,Terai,Central,2069/70,2012/13,New Identified HIV cases ,25-39 Years,TG,1
Parsa,Narayani,Terai,Central,2069/70,2012/13,New Identified HIV cases ,40-49 Years,Female,4
Parsa,Narayani,Terai,Central,2069/70,2012/13,New Identified HIV cases ,40-49 Years,Male,11
Parsa,Narayani,Terai,Central,2069/70,2012/13,New Identified HIV cases ,50+ Years,Female,1
Parsa,Narayani,Terai,Central,2069/70,2012/13,New Identified HIV cases ,50+ Years,Male,5
Chitwan,Narayani,Terai,Central,2069/70,2012/13,New Identified HIV cases ,0-14 Years,Female,11
Chitwan,Narayani,Terai,Central,2069/70,2012/13,New Identified HIV cases ,0-14 Years,Male,4
Chitwan,Narayani,Terai,Central,2069/70,2012/13,New Identified HIV cases ,15-24 Years,Female,5
Chitwan,Narayani,Terai,Central,2069/70,2012/13,New Identified HIV cases ,15-24 Years,Male,3
Chitwan,Narayani,Terai,Central,2069/70,2012/13,New Identified HIV cases ,25-39 Years,Female,22
Chitwan,Narayani,Terai,Central,2069/70,2012/13,New Identified HIV cases ,25-39 Years,Male,34
Chitwan,Narayani,Terai,Central,2069/70,2012/13,New Identified HIV cases ,40-49 Years,Female,9
Chitwan,Narayani,Terai,Central,2069/70,2012/13,New Identified HIV cases ,40-49 Years,Male,23
Chitwan,Narayani,Terai,Central,2069/70,2012/13,New Identified HIV cases ,40-49 Years,TG,1
Chitwan,Narayani,Terai,Central,2069/70,2012/13,New Identified HIV cases ,50+ Years,Male,5
Gorkha,Gandaki,Hill,Western,2069/70,2012/13,New Identified HIV cases ,0-14 Years,Female,2
Gorkha,Gandaki,Hill,Western,2069/70,2012/13,New Identified HIV cases ,0-14 Years,Male,1
Gorkha,Gandaki,Hill,Western,2069/70,2012/13,New Identified HIV cases ,25-39 Years,Female,6
Gorkha,Gandaki,Hill,Western,2069/70,2012/13,New Identified HIV cases ,25-39 Years,Male,10
Gorkha,Gandaki,Hill,Western,2069/70,2012/13,New Identified HIV cases ,40-49 Years,Male,4
Gorkha,Gandaki,Hill,Western,2069/70,2012/13,New Identified HIV cases ,50+ Years,Female,1
Lamjung,Gandaki,Hill,Western,2069/70,2012/13,New Identified HIV cases ,0-14 Years,Female,2
Lamjung,Gandaki,Hill,Western,2069/70,2012/13,New Identified HIV cases ,0-14 Years,Male,4
Lamjung,Gandaki,Hill,Western,2069/70,2012/13,New Identified HIV cases ,25-39 Years,Female,5
Lamjung,Gandaki,Hill,Western,2069/70,2012/13,New Identified HIV cases ,25-39 Years,Male,2
Lamjung,Gandaki,Hill,Western,2069/70,2012/13,New Identified HIV cases ,40-49 Years,Male,2
Lamjung,Gandaki,Hill,Western,2069/70,2012/13,New Identified HIV cases ,50+ Years,Female,3
Tanahu,Gandaki,Hill,Western,2069/70,2012/13,New Identified HIV cases ,0-14 Years,Female,2
Tanahu,Gandaki,Hill,Western,2069/70,2012/13,New Identified HIV cases ,0-14 Years,Male,2
Tanahu,Gandaki,Hill,Western,2069/70,2012/13,New Identified HIV cases ,15-24 Years,Female,3
Tanahu,Gandaki,Hill,Western,2069/70,2012/13,New Identified HIV cases ,15-24 Years,Male,1
Tanahu,Gandaki,Hill,Western,2069/70,2012/13,New Identified HIV cases ,25-39 Years,Female,7
Tanahu,Gandaki,Hill,Western,2069/70,2012/13,New Identified HIV cases ,25-39 Years,Male,3
Tanahu,Gandaki,Hill,Western,2069/70,2012/13,New Identified HIV cases ,40-49 Years,Female,1
Tanahu,Gandaki,Hill,Western,2069/70,2012/13,New Identified HIV cases ,40-49 Years,Male,2
Tanahu,Gandaki,Hill,Western,2069/70,2012/13,New Identified HIV cases ,50+ Years,Male,1
Syangja,Gandaki,Hill,Western,2069/70,2012/13,New Identified HIV cases ,0-14 Years,Female,1
Syangja,Gandaki,Hill,Western,2069/70,2012/13,New Identified HIV cases ,0-14 Years,Male,3
Syangja,Gandaki,Hill,Western,2069/70,2012/13,New Identified HIV cases ,15-24 Years,Male,1
Syangja,Gandaki,Hill,Western,2069/70,2012/13,New Identified HIV cases ,25-39 Years,Female,2
Syangja,Gandaki,Hill,Western,2069/70,2012/13,New Identified HIV cases ,25-39 Years,Male,4
Syangja,Gandaki,Hill,Western,2069/70,2012/13,New Identified HIV cases ,40-49 Years,Female,1
Syangja,Gandaki,Hill,Western,2069/70,2012/13,New Identified HIV cases ,40-49 Years,Male,3
Syangja,Gandaki,Hill,Western,2069/70,2012/13,New Identified HIV cases ,50+ Years,Male,1
Kaski,Gandaki,Hill,Western,2069/70,2012/13,New Identified HIV cases ,0-14 Years,Female,4
Kaski,Gandaki,Hill,Western,2069/70,2012/13,New Identified HIV cases ,0-14 Years,Male,6
Kaski,Gandaki,Hill,Western,2069/70,2012/13,New Identified HIV cases ,15-24 Years,Female,8
Kaski,Gandaki,Hill,Western,2069/70,2012/13,New Identified HIV cases ,15-24 Years,Male,6
Kaski,Gandaki,Hill,Western,2069/70,2012/13,New Identified HIV cases ,25-39 Years,Female,19
Kaski,Gandaki,Hill,Western,2069/70,2012/13,New Identified HIV cases ,25-39 Years,Male,12
Kaski,Gandaki,Hill,Western,2069/70,2012/13,New Identified HIV cases ,40-49 Years,Female,7
Kaski,Gandaki,Hill,Western,2069/70,2012/13,New Identified HIV cases ,40-49 Years,Male,7
Kaski,Gandaki,Hill,Western,2069/70,2012/13,New Identified HIV cases ,50+ Years,Female,2
Kaski,Gandaki,Hill,Western,2069/70,2012/13,New Identified HIV cases ,50+ Years,Male,1
Manang,Gandaki,Mountain,Western,2069/70,2012/13,New Identified HIV cases ,0-14 Years,Female,0
Manang,Gandaki,Mountain,Western,2069/70,2012/13,New Identified HIV cases ,0-14 Years,Male,0
Manang,Gandaki,Mountain,Western,2069/70,2012/13,New Identified HIV cases ,15-24 Years,Female,0
Manang,Gandaki,Mountain,Western,2069/70,2012/13,New Identified HIV cases ,15-24 Years,Male,0
Manang,Gandaki,Mountain,Western,2069/70,2012/13,New Identified HIV cases ,15-24 Years,TG,0
Manang,Gandaki,Mountain,Western,2069/70,2012/13,New Identified HIV cases ,25-39 Years,Female,0
Manang,Gandaki,Mountain,Western,2069/70,2012/13,New Identified HIV cases ,25-39 Years,Male,0
Manang,Gandaki,Mountain,Western,2069/70,2012/13,New Identified HIV cases ,25-39 Years,TG,0
Manang,Gandaki,Mountain,Western,2069/70,2012/13,New Identified HIV cases ,40-49 Years,Female,0
Manang,Gandaki,Mountain,Western,2069/70,2012/13,New Identified HIV cases ,40-49 Years,Male,0
Manang,Gandaki,Mountain,Western,2069/70,2012/13,New Identified HIV cases ,40-49 Years,TG,0
Manang,Gandaki,Mountain,Western,2069/70,2012/13,New Identified HIV cases ,50+ Years,Female,0
Manang,Gandaki,Mountain,Western,2069/70,2012/13,New Identified HIV cases ,50+ Years,Male,0
Mustang,Dhawalagiri,Mountain,Western,2069/70,2012/13,New Identified HIV cases ,0-14 Years,Female,0
Mustang,Dhawalagiri,Mountain,Western,2069/70,2012/13,New Identified HIV cases ,0-14 Years,Male,0
Mustang,Dhawalagiri,Mountain,Western,2069/70,2012/13,New Identified HIV cases ,15-24 Years,Female,0
Mustang,Dhawalagiri,Mountain,Western,2069/70,2012/13,New Identified HIV cases ,15-24 Years,Male,0
Mustang,Dhawalagiri,Mountain,Western,2069/70,2012/13,New Identified HIV cases ,15-24 Years,TG,0
Mustang,Dhawalagiri,Mountain,Western,2069/70,2012/13,New Identified HIV cases ,25-39 Years,Female,0
Mustang,Dhawalagiri,Mountain,Western,2069/70,2012/13,New Identified HIV cases ,25-39 Years,Male,0
Mustang,Dhawalagiri,Mountain,Western,2069/70,2012/13,New Identified HIV cases ,25-39 Years,TG,0
Mustang,Dhawalagiri,Mountain,Western,2069/70,2012/13,New Identified HIV cases ,40-49 Years,Female,0
Mustang,Dhawalagiri,Mountain,Western,2069/70,2012/13,New Identified HIV cases ,40-49 Years,Male,0
Mustang,Dhawalagiri,Mountain,Western,2069/70,2012/13,New Identified HIV cases ,40-49 Years,TG,0
Mustang,Dhawalagiri,Mountain,Western,2069/70,2012/13,New Identified HIV cases ,50+ Years,Female,0
Mustang,Dhawalagiri,Mountain,Western,2069/70,2012/13,New Identified HIV cases ,50+ Years,Male,0
Myagdi,Dhawalagiri,Hill,Western,2069/70,2012/13,New Identified HIV cases ,0-14 Years,Female,0
Myagdi,Dhawalagiri,Hill,Western,2069/70,2012/13,New Identified HIV cases ,0-14 Years,Male,0
Myagdi,Dhawalagiri,Hill,Western,2069/70,2012/13,New Identified HIV cases ,15-24 Years,Female,0
Myagdi,Dhawalagiri,Hill,Western,2069/70,2012/13,New Identified HIV cases ,15-24 Years,Male,0
Myagdi,Dhawalagiri,Hill,Western,2069/70,2012/13,New Identified HIV cases ,15-24 Years,TG,0
Myagdi,Dhawalagiri,Hill,Western,2069/70,2012/13,New Identified HIV cases ,25-39 Years,Female,0
Myagdi,Dhawalagiri,Hill,Western,2069/70,2012/13,New Identified HIV cases ,25-39 Years,Male,0
Myagdi,Dhawalagiri,Hill,Western,2069/70,2012/13,New Identified HIV cases ,25-39 Years,TG,0
Myagdi,Dhawalagiri,Hill,Western,2069/70,2012/13,New Identified HIV cases ,40-49 Years,Female,0
Myagdi,Dhawalagiri,Hill,Western,2069/70,2012/13,New Identified HIV cases ,40-49 Years,Male,0
Myagdi,Dhawalagiri,Hill,Western,2069/70,2012/13,New Identified HIV cases ,40-49 Years,TG,0
Myagdi,Dhawalagiri,Hill,Western,2069/70,2012/13,New Identified HIV cases ,50+ Years,Female,0
Myagdi,Dhawalagiri,Hill,Western,2069/70,2012/13,New Identified HIV cases ,50+ Years,Male,0
Parbat,Dhawalagiri,Hill,Western,2069/70,2012/13,New Identified HIV cases ,0-14 Years,Female,0
Parbat,Dhawalagiri,Hill,Western,2069/70,2012/13,New Identified HIV cases ,0-14 Years,Male,0
Parbat,Dhawalagiri,Hill,Western,2069/70,2012/13,New Identified HIV cases ,15-24 Years,Female,0
Parbat,Dhawalagiri,Hill,Western,2069/70,2012/13,New Identified HIV cases ,15-24 Years,Male,0
Parbat,Dhawalagiri,Hill,Western,2069/70,2012/13,New Identified HIV cases ,15-24 Years,TG,0
Parbat,Dhawalagiri,Hill,Western,2069/70,2012/13,New Identified HIV cases ,25-39 Years,Female,0
Parbat,Dhawalagiri,Hill,Western,2069/70,2012/13,New Identified HIV cases ,25-39 Years,Male,0
Parbat,Dhawalagiri,Hill,Western,2069/70,2012/13,New Identified HIV cases ,25-39 Years,TG,0
Parbat,Dhawalagiri,Hill,Western,2069/70,2012/13,New Identified HIV cases ,40-49 Years,Female,0
Parbat,Dhawalagiri,Hill,Western,2069/70,2012/13,New Identified HIV cases ,40-49 Years,Male,0
Parbat,Dhawalagiri,Hill,Western,2069/70,2012/13,New Identified HIV cases ,40-49 Years,TG,0
Parbat,Dhawalagiri,Hill,Western,2069/70,2012/13,New Identified HIV cases ,50+ Years,Female,0
Parbat,Dhawalagiri,Hill,Western,2069/70,2012/13,New Identified HIV cases ,50+ Years,Male,0
Baglung,Dhawalagiri,Hill,Western,2069/70,2012/13,New Identified HIV cases ,0-14 Years,Male,2
Baglung,Dhawalagiri,Hill,Western,2069/70,2012/13,New Identified HIV cases ,15-24 Years,Female,2
Baglung,Dhawalagiri,Hill,Western,2069/70,2012/13,New Identified HIV cases ,15-24 Years,Male,1
Baglung,Dhawalagiri,Hill,Western,2069/70,2012/13,New Identified HIV cases ,25-39 Years,Female,7
Baglung,Dhawalagiri,Hill,Western,2069/70,2012/13,New Identified HIV cases ,25-39 Years,Male,3
Baglung,Dhawalagiri,Hill,Western,2069/70,2012/13,New Identified HIV cases ,40-49 Years,Female,4
Baglung,Dhawalagiri,Hill,Western,2069/70,2012/13,New Identified HIV cases ,40-49 Years,Male,8
Baglung,Dhawalagiri,Hill,Western,2069/70,2012/13,New Identified HIV cases ,50+ Years,Female,1
Baglung,Dhawalagiri,Hill,Western,2069/70,2012/13,New Identified HIV cases ,50+ Years,Male,1
Gulmi,Lumbini,Hill,Western,2069/70,2012/13,New Identified HIV cases ,0-14 Years,Male,2
Gulmi,Lumbini,Hill,Western,2069/70,2012/13,New Identified HIV cases ,15-24 Years,Female,3
Gulmi,Lumbini,Hill,Western,2069/70,2012/13,New Identified HIV cases ,25-39 Years,Female,5
Gulmi,Lumbini,Hill,Western,2069/70,2012/13,New Identified HIV cases ,25-39 Years,Male,3
Gulmi,Lumbini,Hill,Western,2069/70,2012/13,New Identified HIV cases ,40-49 Years,Female,1
Gulmi,Lumbini,Hill,Western,2069/70,2012/13,New Identified HIV cases ,50+ Years,Male,1
Palpa,Lumbini,Hill,Western,2069/70,2012/13,New Identified HIV cases ,0-14 Years,Female,7
Palpa,Lumbini,Hill,Western,2069/70,2012/13,New Identified HIV cases ,0-14 Years,Male,9
Palpa,Lumbini,Hill,Western,2069/70,2012/13,New Identified HIV cases ,15-24 Years,Female,3
Palpa,Lumbini,Hill,Western,2069/70,2012/13,New Identified HIV cases ,25-39 Years,Female,26
Palpa,Lumbini,Hill,Western,2069/70,2012/13,New Identified HIV cases ,25-39 Years,Male,32
Palpa,Lumbini,Hill,Western,2069/70,2012/13,New Identified HIV cases ,40-49 Years,Female,7
Palpa,Lumbini,Hill,Western,2069/70,2012/13,New Identified HIV cases ,40-49 Years,Male,10
Palpa,Lumbini,Hill,Western,2069/70,2012/13,New Identified HIV cases ,50+ Years,Female,6
Palpa,Lumbini,Hill,Western,2069/70,2012/13,New Identified HIV cases ,50+ Years,Male,13
Nawalparasi,Lumbini,Terai,Western,2069/70,2012/13,New Identified HIV cases ,0-14 Years,Female,2
Nawalparasi,Lumbini,Terai,Western,2069/70,2012/13,New Identified HIV cases ,0-14 Years,Male,1
Nawalparasi,Lumbini,Terai,Western,2069/70,2012/13,New Identified HIV cases ,15-24 Years,Female,1
Nawalparasi,Lumbini,Terai,Western,2069/70,2012/13,New Identified HIV cases ,15-24 Years,Male,1
Nawalparasi,Lumbini,Terai,Western,2069/70,2012/13,New Identified HIV cases ,25-39 Years,Female,15
Nawalparasi,Lumbini,Terai,Western,2069/70,2012/13,New Identified HIV cases ,25-39 Years,Male,8
Nawalparasi,Lumbini,Terai,Western,2069/70,2012/13,New Identified HIV cases ,40-49 Years,Male,1
Nawalparasi,Lumbini,Terai,Western,2069/70,2012/13,New Identified HIV cases ,40-49 Years,TG,1
Rupandehi,Lumbini,Terai,Western,2069/70,2012/13,New Identified HIV cases ,0-14 Years,Female,5
Rupandehi,Lumbini,Terai,Western,2069/70,2012/13,New Identified HIV cases ,0-14 Years,Male,9
Rupandehi,Lumbini,Terai,Western,2069/70,2012/13,New Identified HIV cases ,15-24 Years,Female,13
Rupandehi,Lumbini,Terai,Western,2069/70,2012/13,New Identified HIV cases ,15-24 Years,Male,6
Rupandehi,Lumbini,Terai,Western,2069/70,2012/13,New Identified HIV cases ,25-39 Years,Female,33
Rupandehi,Lumbini,Terai,Western,2069/70,2012/13,New Identified HIV cases ,25-39 Years,Male,41
Rupandehi,Lumbini,Terai,Western,2069/70,2012/13,New Identified HIV cases ,40-49 Years,Female,7
Rupandehi,Lumbini,Terai,Western,2069/70,2012/13,New Identified HIV cases ,40-49 Years,Male,13
Rupandehi,Lumbini,Terai,Western,2069/70,2012/13,New Identified HIV cases ,40-49 Years,TG,1
Rupandehi,Lumbini,Terai,Western,2069/70,2012/13,New Identified HIV cases ,50+ Years,Female,5
Rupandehi,Lumbini,Terai,Western,2069/70,2012/13,New Identified HIV cases ,50+ Years,Male,11
Kapilvastu,Lumbini,Terai,Western,2069/70,2012/13,New Identified HIV cases ,0-14 Years,Male,9
Kapilvastu,Lumbini,Terai,Western,2069/70,2012/13,New Identified HIV cases ,15-24 Years,Female,6
Kapilvastu,Lumbini,Terai,Western,2069/70,2012/13,New Identified HIV cases ,15-24 Years,Male,5
Kapilvastu,Lumbini,Terai,Western,2069/70,2012/13,New Identified HIV cases ,25-39 Years,Female,12
Kapilvastu,Lumbini,Terai,Western,2069/70,2012/13,New Identified HIV cases ,25-39 Years,Male,17
Kapilvastu,Lumbini,Terai,Western,2069/70,2012/13,New Identified HIV cases ,40-49 Years,Female,7
Kapilvastu,Lumbini,Terai,Western,2069/70,2012/13,New Identified HIV cases ,40-49 Years,Male,9
Kapilvastu,Lumbini,Terai,Western,2069/70,2012/13,New Identified HIV cases ,50+ Years,Female,1
Kapilvastu,Lumbini,Terai,Western,2069/70,2012/13,New Identified HIV cases ,50+ Years,Male,4
Arghakhanchi,Lumbini,Hill,Western,2069/70,2012/13,New Identified HIV cases ,0-14 Years,Male,1
Arghakhanchi,Lumbini,Hill,Western,2069/70,2012/13,New Identified HIV cases ,15-24 Years,Female,1
Arghakhanchi,Lumbini,Hill,Western,2069/70,2012/13,New Identified HIV cases ,25-39 Years,Female,3
Arghakhanchi,Lumbini,Hill,Western,2069/70,2012/13,New Identified HIV cases ,25-39 Years,Male,5
Arghakhanchi,Lumbini,Hill,Western,2069/70,2012/13,New Identified HIV cases ,40-49 Years,Male,3
Rolpa,Rapti,Hill,Mid-Western,2069/70,2012/13,New Identified HIV cases ,0-14 Years,Female,1
Rolpa,Rapti,Hill,Mid-Western,2069/70,2012/13,New Identified HIV cases ,25-39 Years,Female,3
Rolpa,Rapti,Hill,Mid-Western,2069/70,2012/13,New Identified HIV cases ,25-39 Years,Male,4
Rolpa,Rapti,Hill,Mid-Western,2069/70,2012/13,New Identified HIV cases ,40-49 Years,Female,1
Dang,Rapti,Terai,Mid-Western,2069/70,2012/13,New Identified HIV cases ,0-14 Years,Male,1
Dang,Rapti,Terai,Mid-Western,2069/70,2012/13,New Identified HIV cases ,15-24 Years,Female,5
Dang,Rapti,Terai,Mid-Western,2069/70,2012/13,New Identified HIV cases ,15-24 Years,Male,1
Dang,Rapti,Terai,Mid-Western,2069/70,2012/13,New Identified HIV cases ,25-39 Years,Female,8
Dang,Rapti,Terai,Mid-Western,2069/70,2012/13,New Identified HIV cases ,25-39 Years,Male,9
Dang,Rapti,Terai,Mid-Western,2069/70,2012/13,New Identified HIV cases ,40-49 Years,Female,2
Dang,Rapti,Terai,Mid-Western,2069/70,2012/13,New Identified HIV cases ,40-49 Years,Male,1
Dang,Rapti,Terai,Mid-Western,2069/70,2012/13,New Identified HIV cases ,50+ Years,Female,1
Dang,Rapti,Terai,Mid-Western,2069/70,2012/13,New Identified HIV cases ,50+ Years,Male,2
Banke,Bheri,Terai,Mid-Western,2069/70,2012/13,New Identified HIV cases ,0-14 Years,Female,2
Banke,Bheri,Terai,Mid-Western,2069/70,2012/13,New Identified HIV cases ,0-14 Years,Male,3
Banke,Bheri,Terai,Mid-Western,2069/70,2012/13,New Identified HIV cases ,15-24 Years,Female,6
Banke,Bheri,Terai,Mid-Western,2069/70,2012/13,New Identified HIV cases ,15-24 Years,Male,5
Banke,Bheri,Terai,Mid-Western,2069/70,2012/13,New Identified HIV cases ,25-39 Years,Female,22
Banke,Bheri,Terai,Mid-Western,2069/70,2012/13,New Identified HIV cases ,25-39 Years,Male,33
Banke,Bheri,Terai,Mid-Western,2069/70,2012/13,New Identified HIV cases ,40-49 Years,Female,4
Banke,Bheri,Terai,Mid-Western,2069/70,2012/13,New Identified HIV cases ,40-49 Years,Male,8
Banke,Bheri,Terai,Mid-Western,2069/70,2012/13,New Identified HIV cases ,40-49 Years,TG,1
Banke,Bheri,Terai,Mid-Western,2069/70,2012/13,New Identified HIV cases ,50+ Years,Female,1
Banke,Bheri,Terai,Mid-Western,2069/70,2012/13,New Identified HIV cases ,50+ Years,Male,7
Bardiya,Bheri,Terai,Mid-Western,2069/70,2012/13,New Identified HIV cases ,25-39 Years,Female,1
Surkhet,Bheri,Hill,Mid-Western,2069/70,2012/13,New Identified HIV cases ,0-14 Years,Female,2
Surkhet,Bheri,Hill,Mid-Western,2069/70,2012/13,New Identified HIV cases ,0-14 Years,Male,7
Surkhet,Bheri,Hill,Mid-Western,2069/70,2012/13,New Identified HIV cases ,15-24 Years,Female,1
Surkhet,Bheri,Hill,Mid-Western,2069/70,2012/13,New Identified HIV cases ,15-24 Years,Male,1
Surkhet,Bheri,Hill,Mid-Western,2069/70,2012/13,New Identified HIV cases ,25-39 Years,Female,6
Surkhet,Bheri,Hill,Mid-Western,2069/70,2012/13,New Identified HIV cases ,25-39 Years,Male,5
Surkhet,Bheri,Hill,Mid-Western,2069/70,2012/13,New Identified HIV cases ,40-49 Years,Female,6
Surkhet,Bheri,Hill,Mid-Western,2069/70,2012/13,New Identified HIV cases ,40-49 Years,Male,5
Surkhet,Bheri,Hill,Mid-Western,2069/70,2012/13,New Identified HIV cases ,50+ Years,Female,1
Surkhet,Bheri,Hill,Mid-Western,2069/70,2012/13,New Identified HIV cases ,50+ Years,Male,3
Dailekh,Bheri,Hill,Mid-Western,2069/70,2012/13,New Identified HIV cases ,0-14 Years,Male,2
Dailekh,Bheri,Hill,Mid-Western,2069/70,2012/13,New Identified HIV cases ,15-24 Years,Female,2
Dailekh,Bheri,Hill,Mid-Western,2069/70,2012/13,New Identified HIV cases ,15-24 Years,Male,1
Dailekh,Bheri,Hill,Mid-Western,2069/70,2012/13,New Identified HIV cases ,25-39 Years,Male,2
Dailekh,Bheri,Hill,Mid-Western,2069/70,2012/13,New Identified HIV cases ,40-49 Years,Female,1
Jajarkot,Bheri,Hill,Mid-Western,2069/70,2012/13,New Identified HIV cases ,0-14 Years,Female,0
Jajarkot,Bheri,Hill,Mid-Western,2069/70,2012/13,New Identified HIV cases ,0-14 Years,Male,0
Jajarkot,Bheri,Hill,Mid-Western,2069/70,2012/13,New Identified HIV cases ,15-24 Years,Female,0
Jajarkot,Bheri,Hill,Mid-Western,2069/70,2012/13,New Identified HIV cases ,15-24 Years,Male,0
Jajarkot,Bheri,Hill,Mid-Western,2069/70,2012/13,New Identified HIV cases ,15-24 Years,TG,0
Jajarkot,Bheri,Hill,Mid-Western,2069/70,2012/13,New Identified HIV cases ,25-39 Years,Female,0
Jajarkot,Bheri,Hill,Mid-Western,2069/70,2012/13,New Identified HIV cases ,25-39 Years,Male,0
Jajarkot,Bheri,Hill,Mid-Western,2069/70,2012/13,New Identified HIV cases ,25-39 Years,TG,0
Jajarkot,Bheri,Hill,Mid-Western,2069/70,2012/13,New Identified HIV cases ,40-49 Years,Female,0
Jajarkot,Bheri,Hill,Mid-Western,2069/70,2012/13,New Identified HIV cases ,40-49 Years,Male,0
Jajarkot,Bheri,Hill,Mid-Western,2069/70,2012/13,New Identified HIV cases ,40-49 Years,TG,0
Jajarkot,Bheri,Hill,Mid-Western,2069/70,2012/13,New Identified HIV cases ,50+ Years,Female,0
Jajarkot,Bheri,Hill,Mid-Western,2069/70,2012/13,New Identified HIV cases ,50+ Years,Male,0
Dolpa,Karnali,Mountain,Mid-Western,2069/70,2012/13,New Identified HIV cases ,0-14 Years,Female,0
Dolpa,Karnali,Mountain,Mid-Western,2069/70,2012/13,New Identified HIV cases ,0-14 Years,Male,0
Dolpa,Karnali,Mountain,Mid-Western,2069/70,2012/13,New Identified HIV cases ,15-24 Years,Female,0
Dolpa,Karnali,Mountain,Mid-Western,2069/70,2012/13,New Identified HIV cases ,15-24 Years,Male,0
Dolpa,Karnali,Mountain,Mid-Western,2069/70,2012/13,New Identified HIV cases ,15-24 Years,TG,0
Dolpa,Karnali,Mountain,Mid-Western,2069/70,2012/13,New Identified HIV cases ,25-39 Years,Female,0
Dolpa,Karnali,Mountain,Mid-Western,2069/70,2012/13,New Identified HIV cases ,25-39 Years,Male,0
Dolpa,Karnali,Mountain,Mid-Western,2069/70,2012/13,New Identified HIV cases ,25-39 Years,TG,0
Dolpa,Karnali,Mountain,Mid-Western,2069/70,2012/13,New Identified HIV cases ,40-49 Years,Female,0
Dolpa,Karnali,Mountain,Mid-Western,2069/70,2012/13,New Identified HIV cases ,40-49 Years,Male,0
Dolpa,Karnali,Mountain,Mid-Western,2069/70,2012/13,New Identified HIV cases ,40-49 Years,TG,0
Dolpa,Karnali,Mountain,Mid-Western,2069/70,2012/13,New Identified HIV cases ,50+ Years,Female,0
Dolpa,Karnali,Mountain,Mid-Western,2069/70,2012/13,New Identified HIV cases ,50+ Years,Male,0
Jumla,Karnali,Mountain,Mid-Western,2069/70,2012/13,New Identified HIV cases ,0-14 Years,Female,0
Jumla,Karnali,Mountain,Mid-Western,2069/70,2012/13,New Identified HIV cases ,0-14 Years,Male,0
Jumla,Karnali,Mountain,Mid-Western,2069/70,2012/13,New Identified HIV cases ,15-24 Years,Female,0
Jumla,Karnali,Mountain,Mid-Western,2069/70,2012/13,New Identified HIV cases ,15-24 Years,Male,0
Jumla,Karnali,Mountain,Mid-Western,2069/70,2012/13,New Identified HIV cases ,15-24 Years,TG,0
Jumla,Karnali,Mountain,Mid-Western,2069/70,2012/13,New Identified HIV cases ,25-39 Years,Female,0
Jumla,Karnali,Mountain,Mid-Western,2069/70,2012/13,New Identified HIV cases ,25-39 Years,Male,0
Jumla,Karnali,Mountain,Mid-Western,2069/70,2012/13,New Identified HIV cases ,25-39 Years,TG,0
Jumla,Karnali,Mountain,Mid-Western,2069/70,2012/13,New Identified HIV cases ,40-49 Years,Female,0
Jumla,Karnali,Mountain,Mid-Western,2069/70,2012/13,New Identified HIV cases ,40-49 Years,Male,0
Jumla,Karnali,Mountain,Mid-Western,2069/70,2012/13,New Identified HIV cases ,40-49 Years,TG,0
Jumla,Karnali,Mountain,Mid-Western,2069/70,2012/13,New Identified HIV cases ,50+ Years,Female,0
Jumla,Karnali,Mountain,Mid-Western,2069/70,2012/13,New Identified HIV cases ,50+ Years,Male,0
Kalikot,Karnali,Mountain,Mid-Western,2069/70,2012/13,New Identified HIV cases ,0-14 Years,Female,0
Kalikot,Karnali,Mountain,Mid-Western,2069/70,2012/13,New Identified HIV cases ,0-14 Years,Male,0
Kalikot,Karnali,Mountain,Mid-Western,2069/70,2012/13,New Identified HIV cases ,15-24 Years,Female,0
Kalikot,Karnali,Mountain,Mid-Western,2069/70,2012/13,New Identified HIV cases ,15-24 Years,Male,0
Kalikot,Karnali,Mountain,Mid-Western,2069/70,2012/13,New Identified HIV cases ,15-24 Years,TG,0
Kalikot,Karnali,Mountain,Mid-Western,2069/70,2012/13,New Identified HIV cases ,25-39 Years,Female,0
Kalikot,Karnali,Mountain,Mid-Western,2069/70,2012/13,New Identified HIV cases ,25-39 Years,Male,0
Kalikot,Karnali,Mountain,Mid-Western,2069/70,2012/13,New Identified HIV cases ,25-39 Years,TG,0
Kalikot,Karnali,Mountain,Mid-Western,2069/70,2012/13,New Identified HIV cases ,40-49 Years,Female,0
Kalikot,Karnali,Mountain,Mid-Western,2069/70,2012/13,New Identified HIV cases ,40-49 Years,Male,0
Kalikot,Karnali,Mountain,Mid-Western,2069/70,2012/13,New Identified HIV cases ,40-49 Years,TG,0
Kalikot,Karnali,Mountain,Mid-Western,2069/70,2012/13,New Identified HIV cases ,50+ Years,Female,0
Kalikot,Karnali,Mountain,Mid-Western,2069/70,2012/13,New Identified HIV cases ,50+ Years,Male,0
Mugu,Karnali,Mountain,Mid-Western,2069/70,2012/13,New Identified HIV cases ,0-14 Years,Female,0
Mugu,Karnali,Mountain,Mid-Western,2069/70,2012/13,New Identified HIV cases ,0-14 Years,Male,0
Mugu,Karnali,Mountain,Mid-Western,2069/70,2012/13,New Identified HIV cases ,15-24 Years,Female,0
Mugu,Karnali,Mountain,Mid-Western,2069/70,2012/13,New Identified HIV cases ,15-24 Years,Male,0
Mugu,Karnali,Mountain,Mid-Western,2069/70,2012/13,New Identified HIV cases ,15-24 Years,TG,0
Mugu,Karnali,Mountain,Mid-Western,2069/70,2012/13,New Identified HIV cases ,25-39 Years,Female,0
Mugu,Karnali,Mountain,Mid-Western,2069/70,2012/13,New Identified HIV cases ,25-39 Years,Male,0
Mugu,Karnali,Mountain,Mid-Western,2069/70,2012/13,New Identified HIV cases ,25-39 Years,TG,0
Mugu,Karnali,Mountain,Mid-Western,2069/70,2012/13,New Identified HIV cases ,40-49 Years,Female,0
Mugu,Karnali,Mountain,Mid-Western,2069/70,2012/13,New Identified HIV cases ,40-49 Years,Male,0
Mugu,Karnali,Mountain,Mid-Western,2069/70,2012/13,New Identified HIV cases ,40-49 Years,TG,0
Mugu,Karnali,Mountain,Mid-Western,2069/70,2012/13,New Identified HIV cases ,50+ Years,Female,0
Mugu,Karnali,Mountain,Mid-Western,2069/70,2012/13,New Identified HIV cases ,50+ Years,Male,0
Humla,Karnali,Mountain,Mid-Western,2069/70,2012/13,New Identified HIV cases ,0-14 Years,Female,0
Humla,Karnali,Mountain,Mid-Western,2069/70,2012/13,New Identified HIV cases ,0-14 Years,Male,0
Humla,Karnali,Mountain,Mid-Western,2069/70,2012/13,New Identified HIV cases ,15-24 Years,Female,0
Humla,Karnali,Mountain,Mid-Western,2069/70,2012/13,New Identified HIV cases ,15-24 Years,Male,0
Humla,Karnali,Mountain,Mid-Western,2069/70,2012/13,New Identified HIV cases ,15-24 Years,TG,0
Humla,Karnali,Mountain,Mid-Western,2069/70,2012/13,New Identified HIV cases ,25-39 Years,Female,0
Humla,Karnali,Mountain,Mid-Western,2069/70,2012/13,New Identified HIV cases ,25-39 Years,Male,0
Humla,Karnali,Mountain,Mid-Western,2069/70,2012/13,New Identified HIV cases ,25-39 Years,TG,0
Humla,Karnali,Mountain,Mid-Western,2069/70,2012/13,New Identified HIV cases ,40-49 Years,Female,0
Humla,Karnali,Mountain,Mid-Western,2069/70,2012/13,New Identified HIV cases ,40-49 Years,Male,0
Humla,Karnali,Mountain,Mid-Western,2069/70,2012/13,New Identified HIV cases ,40-49 Years,TG,0
Humla,Karnali,Mountain,Mid-Western,2069/70,2012/13,New Identified HIV cases ,50+ Years,Female,0
Humla,Karnali,Mountain,Mid-Western,2069/70,2012/13,New Identified HIV cases ,50+ Years,Male,0
Bajura,Seti,Mountain,Far-Western,2069/70,2012/13,New Identified HIV cases ,25-39 Years,Female,1
Bajura,Seti,Mountain,Far-Western,2069/70,2012/13,New Identified HIV cases ,25-39 Years,Male,3
Bajura,Seti,Mountain,Far-Western,2069/70,2012/13,New Identified HIV cases ,40-49 Years,Female,1
Bajura,Seti,Mountain,Far-Western,2069/70,2012/13,New Identified HIV cases ,40-49 Years,Male,2
Bajhang,Seti,Mountain,Far-Western,2069/70,2012/13,New Identified HIV cases ,25-39 Years,Female,4
Bajhang,Seti,Mountain,Far-Western,2069/70,2012/13,New Identified HIV cases ,25-39 Years,Male,3
Bajhang,Seti,Mountain,Far-Western,2069/70,2012/13,New Identified HIV cases ,40-49 Years,Female,2
Bajhang,Seti,Mountain,Far-Western,2069/70,2012/13,New Identified HIV cases ,40-49 Years,Male,3
Bajhang,Seti,Mountain,Far-Western,2069/70,2012/13,New Identified HIV cases ,50+ Years,Male,1
Achham,Seti,Hill,Far-Western,2069/70,2012/13,New Identified HIV cases ,0-14 Years,Female,6
Achham,Seti,Hill,Far-Western,2069/70,2012/13,New Identified HIV cases ,0-14 Years,Male,8
Achham,Seti,Hill,Far-Western,2069/70,2012/13,New Identified HIV cases ,15-24 Years,Female,3
Achham,Seti,Hill,Far-Western,2069/70,2012/13,New Identified HIV cases ,15-24 Years,Male,1
Achham,Seti,Hill,Far-Western,2069/70,2012/13,New Identified HIV cases ,25-39 Years,Female,17
Achham,Seti,Hill,Far-Western,2069/70,2012/13,New Identified HIV cases ,25-39 Years,Male,13
Achham,Seti,Hill,Far-Western,2069/70,2012/13,New Identified HIV cases ,40-49 Years,Female,7
Achham,Seti,Hill,Far-Western,2069/70,2012/13,New Identified HIV cases ,40-49 Years,Male,18
Achham,Seti,Hill,Far-Western,2069/70,2012/13,New Identified HIV cases ,50+ Years,Female,7
Achham,Seti,Hill,Far-Western,2069/70,2012/13,New Identified HIV cases ,50+ Years,Male,12
Doti,Seti,Hill,Far-Western,2069/70,2012/13,New Identified HIV cases ,0-14 Years,Male,2
Doti,Seti,Hill,Far-Western,2069/70,2012/13,New Identified HIV cases ,15-24 Years,Female,5
Doti,Seti,Hill,Far-Western,2069/70,2012/13,New Identified HIV cases ,15-24 Years,Male,4
Doti,Seti,Hill,Far-Western,2069/70,2012/13,New Identified HIV cases ,25-39 Years,Female,13
Doti,Seti,Hill,Far-Western,2069/70,2012/13,New Identified HIV cases ,25-39 Years,Male,15
Doti,Seti,Hill,Far-Western,2069/70,2012/13,New Identified HIV cases ,40-49 Years,Female,6
Doti,Seti,Hill,Far-Western,2069/70,2012/13,New Identified HIV cases ,40-49 Years,Male,10
Doti,Seti,Hill,Far-Western,2069/70,2012/13,New Identified HIV cases ,50+ Years,Female,1
Doti,Seti,Hill,Far-Western,2069/70,2012/13,New Identified HIV cases ,50+ Years,Male,8
Kailali,Seti,Terai,Far-Western,2069/70,2012/13,New Identified HIV cases ,0-14 Years,Female,17
Kailali,Seti,Terai,Far-Western,2069/70,2012/13,New Identified HIV cases ,0-14 Years,Male,12
Kailali,Seti,Terai,Far-Western,2069/70,2012/13,New Identified HIV cases ,15-24 Years,Female,10
Kailali,Seti,Terai,Far-Western,2069/70,2012/13,New Identified HIV cases ,15-24 Years,Male,5
Kailali,Seti,Terai,Far-Western,2069/70,2012/13,New Identified HIV cases ,15-24 Years,TG,1
Kailali,Seti,Terai,Far-Western,2069/70,2012/13,New Identified HIV cases ,25-39 Years,Female,33
Kailali,Seti,Terai,Far-Western,2069/70,2012/13,New Identified HIV cases ,25-39 Years,Male,42
Kailali,Seti,Terai,Far-Western,2069/70,2012/13,New Identified HIV cases ,25-39 Years,TG,1
Kailali,Seti,Terai,Far-Western,2069/70,2012/13,New Identified HIV cases ,40-49 Years,Female,16
Kailali,Seti,Terai,Far-Western,2069/70,2012/13,New Identified HIV cases ,40-49 Years,Male,27
Kailali,Seti,Terai,Far-Western,2069/70,2012/13,New Identified HIV cases ,50+ Years,Female,7
Kailali,Seti,Terai,Far-Western,2069/70,2012/13,New Identified HIV cases ,50+ Years,Male,11
Kanchanpur,Mahakali,Terai,Far-Western,2069/70,2012/13,New Identified HIV cases ,0-14 Years,Female,1
Kanchanpur,Mahakali,Terai,Far-Western,2069/70,2012/13,New Identified HIV cases ,0-14 Years,Male,1
Kanchanpur,Mahakali,Terai,Far-Western,2069/70,2012/13,New Identified HIV cases ,15-24 Years,Female,5
Kanchanpur,Mahakali,Terai,Far-Western,2069/70,2012/13,New Identified HIV cases ,25-39 Years,Female,8
Kanchanpur,Mahakali,Terai,Far-Western,2069/70,2012/13,New Identified HIV cases ,25-39 Years,Male,9
Kanchanpur,Mahakali,Terai,Far-Western,2069/70,2012/13,New Identified HIV cases ,25-39 Years,TG,1
Kanchanpur,Mahakali,Terai,Far-Western,2069/70,2012/13,New Identified HIV cases ,40-49 Years,Female,4
Kanchanpur,Mahakali,Terai,Far-Western,2069/70,2012/13,New Identified HIV cases ,40-49 Years,Male,6
Kanchanpur,Mahakali,Terai,Far-Western,2069/70,2012/13,New Identified HIV cases ,50+ Years,Female,3
Kanchanpur,Mahakali,Terai,Far-Western,2069/70,2012/13,New Identified HIV cases ,50+ Years,Male,3
Dadeldhura,Mahakali,Hill,Far-Western,2069/70,2012/13,New Identified HIV cases ,0-14 Years,Female,4
Dadeldhura,Mahakali,Hill,Far-Western,2069/70,2012/13,New Identified HIV cases ,0-14 Years,Male,1
Dadeldhura,Mahakali,Hill,Far-Western,2069/70,2012/13,New Identified HIV cases ,25-39 Years,Female,10
Dadeldhura,Mahakali,Hill,Far-Western,2069/70,2012/13,New Identified HIV cases ,25-39 Years,Male,6
Dadeldhura,Mahakali,Hill,Far-Western,2069/70,2012/13,New Identified HIV cases ,40-49 Years,Female,1
Dadeldhura,Mahakali,Hill,Far-Western,2069/70,2012/13,New Identified HIV cases ,40-49 Years,Male,2
Dadeldhura,Mahakali,Hill,Far-Western,2069/70,2012/13,New Identified HIV cases ,50+ Years,Female,1
Baitadi,Mahakali,Hill,Far-Western,2069/70,2012/13,New Identified HIV cases ,0-14 Years,Male,1
Baitadi,Mahakali,Hill,Far-Western,2069/70,2012/13,New Identified HIV cases ,15-24 Years,Female,6
Baitadi,Mahakali,Hill,Far-Western,2069/70,2012/13,New Identified HIV cases ,15-24 Years,Male,1
Baitadi,Mahakali,Hill,Far-Western,2069/70,2012/13,New Identified HIV cases ,25-39 Years,Female,6
Baitadi,Mahakali,Hill,Far-Western,2069/70,2012/13,New Identified HIV cases ,25-39 Years,Male,3
Baitadi,Mahakali,Hill,Far-Western,2069/70,2012/13,New Identified HIV cases ,40-49 Years,Female,1
Baitadi,Mahakali,Hill,Far-Western,2069/70,2012/13,New Identified HIV cases ,40-49 Years,Male,5
Baitadi,Mahakali,Hill,Far-Western,2069/70,2012/13,New Identified HIV cases ,50+ Years,Female,1
Baitadi,Mahakali,Hill,Far-Western,2069/70,2012/13,New Identified HIV cases ,50+ Years,Male,5
Darchula,Mahakali,Mountain,Far-Western,2069/70,2012/13,New Identified HIV cases ,25-39 Years,Female,2
Darchula,Mahakali,Mountain,Far-Western,2069/70,2012/13,New Identified HIV cases ,25-39 Years,Male,1
